item,B,B_fBW,B_flabel,B_fBW_flabel,effect_f_BW,effect_f_label,effect_merged,non_additive
主损失 L,5.192118055371447813588208330,5.204870949056849123554253051,5.192118055371447813588208330,5.204870949056849123554253051,0.012752893685401309966044721,0E-27,0.012752893685401309966044721,0E-27
危险项,2.059919594853604568838231809,2.063609857731555023528220081,2.059919594853604568838231809,2.063609857731555023528220081,0.003690262877950454689988272,0E-27,0.003690262877950454689988272,0E-27
回撤项,0.06801097842400945076459100268,0.06801097842400945076459100268,0.06801097842400945076459100268,0.06801097842400945076459100268,0E-29,0E-29,0E-29,0E-29
机会项,2.094187482093833793985385523,2.078250112901284649261441970,2.094187482093833793985385523,2.078250112901284649261441970,-0.015937369192549144723943553,0E-27,-0.015937369192549144723943553,0E-27
切换项,0.9700,0.9950,0.9700,0.9950,0.0250,0.0000,0.0250,0.0000
漏报罚项,0,0,0,0,0,0,0,0
T,-0.232542095514648752300009333,-0.245690087369241285672023847,-0.232542095514648752300009333,-0.245690087369241285672023847,-0.013147991854592533372014514,0E-27,-0.013147991854592533372014514,0E-27
T价格,-1.202542095514648752300009333,-1.240690087369241285672023847,-1.202542095514648752300009333,-1.240690087369241285672023847,-0.038147991854592533372014514,0E-27,-0.038147991854592533372014514,0E-27
ē,0.5468217934165720771850170261,0.5527809307604994324631101022,0.5468217934165720771850170261,0.5527809307604994324631101022,0.0059591373439273552780930761,0E-28,0.0059591373439273552780930761,0E-28
非绿占比,0.4784335981838819523269012486,0.4733257661748013620885357548,0.4784335981838819523269012486,0.4733257661748013620885357548,-0.0051078320090805902383654938,0E-28,-0.0051078320090805902383654938,0E-28
计费切换次数,194,199,194,199,5,0,5,0
目标暴露变化量,116.0,119.0,116.0,119.0,3.0,0.0,3.0,0.0
SPX 转绿延迟中位数（类别②）,8,8,8,8,0,0,0,0
QQQ 转绿延迟中位数（类别②）,8,8,8,8,0,0,0,0
SPX 类别①件数,1,1,1,1,0,0,0,0
SPX 类别②件数,19,19,19,19,0,0,0,0
SPX 类别③件数,7,7,7,7,0,0,0,0
QQQ 类别①件数,0,0,0,0,0,0,0,0
QQQ 类别②件数,17,17,17,17,0,0,0,0
QQQ 类别③件数,6,6,6,6,0,0,0,0
净值累计收益（双资产）,0.185455388379925292220161756,0.203486450595609397781531242,0.185455388379925292220161756,0.203486450595609397781531242,0.018031062215684105561369486,0E-27,0.018031062215684105561369486,0E-27
净值年化收益（双资产）,0.024629868079612343722706899,0.026844413169186966978897255,0.024629868079612343722706899,0.026844413169186966978897255,0.002214545089574623256190356,0E-27,0.002214545089574623256190356,0E-27
全程最大回撤（双资产）,0.2606234271276560875123539424,0.2642111837271061469729645170,0.2606234271276560875123539424,0.2642111837271061469729645170,0.0035877565994500594606105746,0E-28,0.0035877565994500594606105746,0E-28
最大回撤峰值到谷底（交易日）,390,390,390,390,0,0,0,0
最大回撤谷底到窗口末日（交易日）,136,136,136,136,0,0,0,0
最大回撤峰值日,2014-11-28,2014-11-28,2014-11-28,2014-11-28,,,,
最大回撤谷底日,2016-06-17,2016-06-17,2016-06-17,2016-06-17,,,,
最大回撤恢复日,,,,,,,,
最大回撤谷底到恢复（交易日）,,,,,,,,
执行灯色与 B 不同的区间数,0,19,0,19,19,0,19,0
