object,label,segments_by_start_date,non_green_days,d_sum,intervals
纯价格版本（K=5，θ_P=2.5%）,熊市,20,891,1.6946573002737995,992
纯价格版本（K=5，θ_P=2.5%）,上涨年,36,238,-0.27892010174578663,585
纯价格版本（K=5，θ_P=2.5%）,下跌年,9,97,-0.40861653520058094,115
纯价格版本（K=5，θ_P=2.5%）,平淡年,43,285,-0.18826009670537994,697
纯价格版本（K=5，θ_P=2.5%）,完整年度分类不可得,6,82,-0.4445802440780752,143
200日均线,熊市,16,822,1.5773292495520688,992
200日均线,上涨年,10,121,-0.16219954553226534,585
200日均线,下跌年,3,66,-0.33111605856542947,115
200日均线,平淡年,16,87,-0.1253021308700345,697
200日均线,完整年度分类不可得,3,64,-0.3805834231979732,143
带缓冲带的200日均线,熊市,6,827,1.5623427218539485,992
带缓冲带的200日均线,上涨年,4,130,-0.1925016840715656,585
带缓冲带的200日均线,下跌年,1,65,-0.24012569386088406,115
带缓冲带的200日均线,平淡年,8,93,-0.2223993329898545,697
带缓冲带的200日均线,完整年度分类不可得,0,59,-0.3413576421156413,143
满仓,熊市,0,0,0.0,992
满仓,上涨年,0,0,0.0,585
满仓,下跌年,0,0,0.0,115
满仓,平淡年,0,0,0.0,697
满仓,完整年度分类不可得,0,0,0.0,143
