object,segment,start_execution_date,end_execution_date,start_signal_date,end_signal_date,left_truncated,unclosed,length,D,exp_D_minus_1,mean_exposure,full_log_return,strategy_log_return,full_max_drawdown,strategy_max_drawdown,short,yellow_to_red,red_to_yellow,round_trips,outcome,start_type,prior_start_date,prior_start_transition,event_position,position_event,matching_events,environment_at_start,window_first_day_start
纯价格版本（K=5，θ_P=2.5%）,1,1999-09-09,1999-09-13,1999-09-08,1999-09-10,否,否,2,-0.0027945216775997718,-0.002790620636590454,0.25,-0.0016175918973755374,-0.004412113574975309,0.008804789002032298,0.004402394501016094,是,0,1,0,相对满仓收益拖累,(c) 绿→红直接启动,,,确认后,37,37,上涨年,否
纯价格版本（K=5，θ_P=2.5%）,2,1999-09-14,1999-10-08,1999-09-13,1999-10-07,否,否,18,-0.002233506715824204,-0.0022310142956571072,0.05555555555555555,0.00833174109656154,0.006098234380737337,0.055820014630701076,2.5211536514913035e-05,否,1,2,1,相对满仓收益拖累,(c) 绿→红直接启动,,,确认后,37,37;38,上涨年,否
纯价格版本（K=5，θ_P=2.5%）,3,1999-10-14,1999-11-01,1999-10-13,1999-10-29,否,否,12,-0.05913893393104671,-0.05742419570222155,0.041666666666666664,0.05622591578850768,-0.0029130181425390295,0.032325042474971255,0.0029087794220118424,否,0,1,0,相对满仓收益拖累,(c) 绿→红直接启动,,,确认后,38,38,上涨年,否
纯价格版本（K=5，θ_P=2.5%）,4,1999-12-01,1999-12-03,1999-11-30,1999-12-02,否,否,2,-0.029258325130000193,-0.028834444408433656,0.25,0.03884057203994511,0.009582246909944912,0.0,0.0,是,0,1,0,相对满仓收益拖累,(c) 绿→红直接启动,,,低点后,39,39,上涨年,否
纯价格版本（K=5，θ_P=2.5%）,5,2000-01-05,2000-01-14,2000-01-04,2000-01-13,否,否,7,-0.05687919955380739,-0.055291816356037235,0.07142857142857142,0.06534669549126268,0.008467495937455298,0.04366371687603754,0.0,否,0,1,0,相对满仓收益拖累,(c) 绿→红直接启动,,,确认后,40,40,下跌年,否
纯价格版本（K=5，θ_P=2.5%）,6,2000-01-25,2000-01-26,2000-01-24,2000-01-25,否,否,1,0.011323036069529164,0.011387384285491308,0.5,-0.022519295154253844,-0.01119625908472468,0.02226762848559849,0.011133814242799245,是,0,0,0,相对满仓收益改善,(a) 绿→黄启动，段内未出现红灯,,,确认后,40,40;41,下跌年,否
纯价格版本（K=5，θ_P=2.5%）,7,2000-01-27,2000-02-08,2000-01-26,2000-02-07,否,否,8,-0.06467036909851095,-0.06262359931504317,0.0625,0.0781299182063563,0.013459549107845352,0.03890508480605792,0.0,否,0,1,0,相对满仓收益拖累,(c) 绿→红直接启动,,,确认后,40,40;41,下跌年,否
纯价格版本（K=5，θ_P=2.5%）,8,2000-02-10,2000-02-11,2000-02-09,2000-02-10,否,否,1,0.011222873204051752,0.01128608590022653,0.5,-0.022321190111834522,-0.01109831690778277,0.022073915585547277,0.011036957792773583,是,0,0,0,相对满仓收益改善,(a) 绿→黄启动，段内未出现红灯,,,确认前,41,41;42,下跌年,否
纯价格版本（K=5，θ_P=2.5%）,9,2000-02-14,2000-02-16,2000-02-11,2000-02-15,否,否,2,-0.004179132165204988,-0.004170411744537502,0.25,0.00043853896295689265,-0.0037405932022480954,0.007467211796862272,0.0037336058984311915,是,0,1,0,相对满仓收益拖累,(c) 绿→红直接启动,,,确认前,41,41;42,下跌年,否
纯价格版本（K=5，θ_P=2.5%）,10,2000-02-17,2000-03-07,2000-02-16,2000-03-06,否,否,12,-0.035404720208402775,-0.03478530469606995,0.08333333333333333,0.027085060041777756,-0.008319660166625015,0.03325328816691986,0.010182111784195813,否,1,2,1,相对满仓收益拖累,(c) 绿→红直接启动,,,确认前,41,41;42,下跌年,否
纯价格版本（K=5，θ_P=2.5%）,11,2000-03-08,2000-03-10,2000-03-07,2000-03-09,否,否,2,-0.02694822425563276,-0.026588360668164328,0.25,0.024677975104968886,-0.0022702491506638766,0.004535348168220543,0.002267674084110327,是,0,1,0,相对满仓收益拖累,(c) 绿→红直接启动,,,高点前20日,42,42;43,下跌年,否
纯价格版本（K=5，θ_P=2.5%）,12,2000-03-13,2000-03-17,2000-03-10,2000-03-16,否,否,4,-0.024605622782907087,-0.024305372106158605,0.25,0.025934753712201462,0.0013291309292943745,0.035894569785261954,0.004408680507214213,是,1,2,1,相对满仓收益拖累,(c) 绿→红直接启动,,,确认前,42,42;43,下跌年,否
纯价格版本（K=5，θ_P=2.5%）,13,2000-03-21,2000-03-23,2000-03-20,2000-03-22,否,否,2,-0.020977823241057805,-0.020759319286815577,0.25,0.02977474958606317,0.008796926345005365,0.0,0.0,是,0,1,0,相对满仓收益拖累,(c) 绿→红直接启动,,,高点前20日,43,43;44,下跌年,否
纯价格版本（K=5，θ_P=2.5%）,14,2000-03-29,2000-04-03,2000-03-28,2000-03-31,否,否,3,0.00986645431711016,0.009915288251295184,0.3333333333333333,-0.033417058451796496,-0.023550604134686334,0.03286487641063918,0.02327545288229871,是,1,1,1,相对满仓收益改善,(b) 绿→黄启动，段内出现过红灯,,,确认后,43,43;44;45,熊市,否
纯价格版本（K=5，θ_P=2.5%）,15,2000-04-05,2000-04-26,2000-04-04,2000-04-25,否,否,14,0.06354763847326225,0.06561024863766296,0.03571428571428571,-0.0749344964655701,-0.011386857992307844,0.1781172487695596,0.011322273096954105,否,0,1,0,相对满仓收益改善,(c) 绿→红直接启动,,,确认后,43,43;44;45,熊市,否
纯价格版本（K=5，θ_P=2.5%）,16,2000-05-03,2000-05-05,2000-05-02,2000-05-04,否,否,2,-0.00895842750710505,-0.008918420351605576,0.25,0.018960517406675363,0.010002089899570313,0.0009441644944065963,0.0,是,0,1,0,相对满仓收益拖累,(c) 绿→红直接启动,,,确认后,45,45;46,熊市,否
纯价格版本（K=5，θ_P=2.5%）,17,2000-05-11,2000-05-22,2000-05-10,2000-05-19,否,否,7,0.01896220047767886,0.019143124766027978,0.07142857142857142,-0.02025365957164558,-0.001291459093966717,0.07305970690893626,0.0012906255195520577,否,0,1,0,相对满仓收益改善,(c) 绿→红直接启动,,,低点后,45,45;46,熊市,否
纯价格版本（K=5，θ_P=2.5%）,18,2000-05-24,2000-06-02,2000-05-23,2000-06-01,否,否,6,-0.0875003490789731,-0.08378144818180941,0.08333333333333333,0.1100353846802462,0.02253503560127311,0.018516097677677368,0.0,否,0,1,0,相对满仓收益拖累,(c) 绿→红直接启动,,,低点后,46,46;47,熊市,否
纯价格版本（K=5，θ_P=2.5%）,19,2000-06-13,2000-06-15,2000-06-12,2000-06-14,否,否,2,0.005193429008582247,0.005206938237297798,0.25,0.0005781909989511294,0.005771620007533377,0.010872392102745931,0.0,是,0,1,0,相对满仓收益改善,(c) 绿→红直接启动,,,高点前20日,47,47,熊市,否
纯价格版本（K=5，θ_P=2.5%）,20,2000-06-26,2000-06-28,2000-06-23,2000-06-27,否,否,2,0.003892217042588278,0.003899801556340306,0.25,-0.00014866259348568674,0.003743554449102591,0.007592837206432779,0.0,是,0,1,0,相对满仓收益改善,(c) 绿→红直接启动,,,低点后,47,47;48,熊市,否
纯价格版本（K=5，θ_P=2.5%）,21,2000-07-20,2000-07-21,2000-07-19,2000-07-20,否,否,1,0.011173224820534408,0.011235878427158254,0.5,-0.022222986894964564,-0.011049762074430156,0.021977875382545475,0.010988937691272738,是,0,0,0,相对满仓收益改善,(a) 绿→黄启动，段内未出现红灯,,,确认前,48,48,熊市,否
纯价格版本（K=5，θ_P=2.5%）,22,2000-07-25,2000-07-27,2000-07-24,2000-07-26,否,否,2,0.01858353772269142,0.018757286278620184,0.25,-0.028922160811546756,-0.010338623088855333,0.028507918321197923,0.010285363227735989,是,0,1,0,相对满仓收益改善,(c) 绿→红直接启动,,,确认后,48,48,熊市,否
纯价格版本（K=5，θ_P=2.5%）,23,2000-07-31,2000-08-14,2000-07-28,2000-08-11,否,否,10,-0.026582113669325048,-0.026231919117638634,0.1,0.040669348170079465,0.01408723450075442,0.03060692768359008,0.0,否,0,1,0,相对满仓收益拖累,(c) 绿→红直接启动,,,确认后,48,48,熊市,否
纯价格版本（K=5，θ_P=2.5%）,24,2000-09-06,2000-09-11,2000-09-05,2000-09-08,否,否,3,0.01797422342975447,0.01813673197855836,0.3333333333333333,-0.01773263158668991,0.00024159184306455674,0.031647952866015516,0.0069734673444523665,是,1,1,1,相对满仓收益改善,(b) 绿→黄启动，段内出现过红灯,,,确认后,49,49,熊市,否
纯价格版本（K=5，θ_P=2.5%）,25,2000-09-12,2002-03-08,2000-09-11,2002-03-07,否,否,370,0.5362390013255139,0.7095650840036765,0.004054054054054054,-0.5226209045183118,0.013618096807202086,0.5466959651708113,0.0,否,2,3,2,相对满仓收益改善,(c) 绿→红直接启动,,,确认后,49,49,熊市,否
纯价格版本（K=5，θ_P=2.5%）,26,2002-03-26,2002-04-01,2002-03-25,2002-03-28,否,否,3,-0.010857677752304134,-0.010798945925158393,0.16666666666666666,0.015445627899785335,0.0045879501474812,0.0012262127272397727,0.0,是,0,1,0,相对满仓收益拖累,(c) 绿→红直接启动,,,确认后,64,64,熊市,否
纯价格版本（K=5，θ_P=2.5%）,27,2002-04-03,2003-04-16,2002-04-02,2003-04-15,否,否,262,0.26462218573657703,0.30293861398084415,0.003816793893129771,-0.2616877089305267,0.00293447680605031,0.3709588044776967,0.0036297899623343177,否,1,2,1,相对满仓收益改善,(c) 绿→红直接启动,,,确认后,64,64,熊市,否
纯价格版本（K=5，θ_P=2.5%）,28,2003-04-17,2003-04-22,2003-04-16,2003-04-21,否,否,2,-0.010995013569338269,-0.010934789331834654,0.25,0.021105929262387788,0.010110915693049517,0.0,0.0,是,0,1,0,相对满仓收益拖累,(c) 绿→红直接启动,,,低点后,72,72,上涨年,否
纯价格版本（K=5，θ_P=2.5%）,29,2003-05-09,2003-05-12,2003-05-08,2003-05-09,否,否,1,-0.006846535224860999,-0.006823151099748,0.5,0.01374026882528729,0.006893733600426291,0.0,0.0,是,0,0,0,相对满仓收益拖累,(a) 绿→黄启动，段内未出现红灯,,,事件外,,,上涨年,否
纯价格版本（K=5，θ_P=2.5%）,30,2003-05-20,2003-05-21,2003-05-19,2003-05-20,否,否,1,-0.000282690177414239,-0.0002826502243109077,0.5,0.0005654602911626334,0.00028277011374839444,0.0,0.0,是,0,0,0,相对满仓收益拖累,(a) 绿→黄启动，段内未出现红灯,,,高点前20日,73,73,上涨年,否
纯价格版本（K=5，θ_P=2.5%）,31,2003-06-10,2003-06-11,2003-06-09,2003-06-10,否,否,1,-0.005971130863404281,-0.005953339091457149,0.5,0.01197813041443724,0.006006999551032959,0.0,0.0,是,0,0,0,相对满仓收益拖累,(a) 绿→黄启动，段内未出现红灯,,,高点前20日,73,73,上涨年,否
纯价格版本（K=5，θ_P=2.5%）,32,2003-06-24,2003-06-25,2003-06-23,2003-06-24,否,否,1,0.0034319935610173445,0.003437889594038376,0.5,-0.006852248816538405,-0.00342025525552106,0.006828825690514906,0.003414412845257453,是,0,0,0,相对满仓收益改善,(a) 绿→黄启动，段内未出现红灯,,,确认前,73,73,上涨年,否
纯价格版本（K=5，θ_P=2.5%）,33,2003-06-30,2003-07-01,2003-06-27,2003-06-30,否,否,1,-0.005302554025447124,-0.005288520301667121,0.5,0.010633375084143155,0.005330821058696031,0.0,0.0,是,0,0,0,相对满仓收益拖累,(a) 绿→黄启动，段内未出现红灯,,,确认前,73,73,上涨年,否
纯价格版本（K=5，θ_P=2.5%）,34,2003-07-07,2003-07-08,2003-07-03,2003-07-07,否,否,1,-0.003885844759345598,-0.003878304634345603,0.5,0.00778684823173943,0.0039010034723938316,0.0,0.0,是,0,0,0,相对满仓收益拖累,(a) 绿→黄启动，段内未出现红灯,,,确认前,73,73,上涨年,否
纯价格版本（K=5，θ_P=2.5%）,35,2003-07-18,2003-07-21,2003-07-17,2003-07-18,否,否,1,0.006922512530827913,0.006946528505676462,0.5,-0.013797433148781612,-0.006874920617953698,0.013702684829803857,0.006851342414901929,是,0,0,0,相对满仓收益改善,(a) 绿→黄启动，段内未出现红灯,,,确认前,73,73,上涨年,否
纯价格版本（K=5，θ_P=2.5%）,36,2003-07-25,2003-07-28,2003-07-24,2003-07-25,否,否,1,-0.00016679168841479322,-0.0001667777794544415,0.5,0.00033361120093780523,0.000166819512523012,0.0,0.0,是,0,0,0,相对满仓收益拖累,(a) 绿→黄启动，段内未出现红灯,,,确认前,73,73,上涨年,否
纯价格版本（K=5，θ_P=2.5%）,37,2003-07-31,2003-08-01,2003-07-30,2003-07-31,否,否,1,0.005279299516809594,0.0052932595741333795,0.5,-0.010530874333173984,-0.00525157481636439,0.010475618809153708,0.005237809404576854,是,0,0,0,相对满仓收益改善,(a) 绿→黄启动，段内未出现红灯,,,确认前,73,73,上涨年,否
纯价格版本（K=5，θ_P=2.5%）,38,2003-08-04,2003-08-05,2003-08-01,2003-08-04,否,否,1,0.014585292322220549,0.014692176712763147,0.5,-0.028960908417800687,-0.014375616095580138,0.028545560584579133,0.01427278029228951,是,0,0,0,相对满仓收益改善,(a) 绿→黄启动，段内未出现红灯,,,确认前,73,73,上涨年,否
纯价格版本（K=5，θ_P=2.5%）,39,2003-08-06,2003-08-19,2003-08-05,2003-08-18,否,否,9,-0.049090375241393626,-0.04790492001250183,0.05555555555555555,0.05286384885700851,0.0037734736156148844,0.003028769099450712,0.0,否,0,1,0,相对满仓收益拖累,(c) 绿→红直接启动,,,确认后,73,73,上涨年,否
纯价格版本（K=5，θ_P=2.5%）,40,2003-09-11,2003-09-12,2003-09-10,2003-09-11,否,否,1,-0.0018759744653485632,-0.0018742159250820115,0.5,0.0037554748264181006,0.0018795003610695374,0.0,0.0,是,0,0,0,相对满仓收益拖累,(a) 绿→黄启动，段内未出现红灯,,,高点前20日,74,74,上涨年,否
纯价格版本（K=5，θ_P=2.5%）,41,2003-09-16,2003-09-17,2003-09-15,2003-09-16,否,否,1,0.0018361295000585934,0.0018378162180153065,0.5,-0.0036688938065637593,-0.0018327643065051658,0.0036621716391674886,0.0018310858195837998,是,0,0,0,相对满仓收益改善,(a) 绿→黄启动，段内未出现红灯,,,高点前20日,74,74,上涨年,否
纯价格版本（K=5，θ_P=2.5%）,42,2003-09-25,2003-10-09,2003-09-24,2003-10-08,否,否,10,-0.04572370836129879,-0.04469413124461349,0.1,0.04559791095262767,-0.000125797408671126,0.016133326717441276,0.0032008666518672513,否,1,1,1,相对满仓收益拖累,(b) 绿→黄启动，段内出现过红灯,,,确认后,74,74,上涨年,否
纯价格版本（K=5，θ_P=2.5%）,43,2003-10-23,2003-10-24,2003-10-22,2003-10-23,否,否,1,0.000957191432682125,0.0009576496866021037,0.5,-0.0019134675260107277,-0.0009562760933286027,0.001911638014114092,0.0009558190070571015,是,0,0,0,相对满仓收益改善,(a) 绿→黄启动，段内未出现红灯,,,高点前20日,75,75,上涨年,否
纯价格版本（K=5，θ_P=2.5%）,44,2003-11-17,2003-11-18,2003-11-14,2003-11-17,否,否,1,0.00813607260054726,0.008169260384242743,0.5,-0.016206483393679093,-0.008070410793131833,0.01607586491568913,0.008037932457844565,是,0,0,0,相对满仓收益改善,(a) 绿→黄启动，段内未出现红灯,,,确认前,75,75,上涨年,否
纯价格版本（K=5，θ_P=2.5%）,45,2003-11-19,2003-11-28,2003-11-18,2003-11-26,否,否,6,-0.024119230610493484,-0.023830686444148184,0.08333333333333333,0.024343122414249893,0.00022389180375641043,0.009039221115041629,0.0,否,0,1,0,相对满仓收益拖累,(c) 绿→红直接启动,,,低点后,75,75,上涨年,否
纯价格版本（K=5，θ_P=2.5%）,46,2003-12-08,2003-12-09,2003-12-05,2003-12-08,否,否,1,0.007972810024600836,0.008004677509280045,0.5,-0.01588255680933263,-0.007909746784731796,0.015757094104972613,0.007878547052486251,是,0,0,0,相对满仓收益改善,(a) 绿→黄启动，段内未出现红灯,,,低点后,75,75,上涨年,否
纯价格版本（K=5，θ_P=2.5%）,47,2003-12-16,2003-12-17,2003-12-15,2003-12-16,否,否,1,-0.0007435015121495217,-0.0007432251833880976,0.5,0.001487556230132489,0.0007440547179829672,0.0,0.0,是,0,0,0,相对满仓收益拖累,(a) 绿→黄启动，段内未出现红灯,,,低点后,75,75,上涨年,否
纯价格版本（K=5，θ_P=2.5%）,48,2004-01-29,2004-01-30,2004-01-28,2004-01-29,否,否,1,0.0018030123553690932,0.0018046387594745814,0.5,-0.0036027797070887426,-0.0017997673517196494,0.0035962974832912664,0.0017981487416456332,是,0,0,0,相对满仓收益改善,(a) 绿→黄启动，段内未出现红灯,,,确认前,76,76,平淡年,否
纯价格版本（K=5，θ_P=2.5%）,49,2004-02-03,2004-02-13,2004-02-02,2004-02-12,否,否,8,-0.012644028757940398,-0.01256442886728823,0.1875,0.00443866731525648,-0.008205361442683919,0.013678778842439177,0.008171789350949976,否,1,1,1,相对满仓收益拖累,(b) 绿→黄启动，段内出现过红灯,,,确认前,76,76,平淡年,否
纯价格版本（K=5，θ_P=2.5%）,50,2004-02-24,2004-02-26,2004-02-23,2004-02-25,否,否,2,-0.005908013765957735,-0.005890595771426878,0.25,0.006793768792916803,0.0008857550269590676,0.0,0.0,是,0,1,0,相对满仓收益拖累,(c) 绿→红直接启动,,,确认后,76,76,平淡年,否
纯价格版本（K=5，θ_P=2.5%）,51,2004-03-01,2004-03-03,2004-02-27,2004-03-02,否,否,2,0.00976004512126682,0.009807829694993147,0.25,-0.01070597265223402,-0.0009459275309671998,0.010648867696732012,0.000945480282552924,是,0,1,0,相对满仓收益改善,(c) 绿→红直接启动,,,确认后,76,76,平淡年,否
纯价格版本（K=5，θ_P=2.5%）,52,2004-03-08,2004-04-02,2004-03-05,2004-04-01,否,否,19,-0.007412240738079195,-0.007384837829152408,0.02631578947368421,0.016002785516809545,0.008590544778730351,0.04750621469779426,0.0,否,0,1,0,相对满仓收益拖累,(c) 绿→红直接启动,,,确认后,76,76;77,平淡年,否
纯价格版本（K=5，θ_P=2.5%）,53,2004-04-14,2004-04-16,2004-04-13,2004-04-15,否,否,2,0.007843992612680092,0.007874837318537508,0.25,-0.006981442017235714,0.0008625505954443784,0.00866801411137752,0.0,是,0,1,0,相对满仓收益改善,(c) 绿→红直接启动,,,确认前,77,77,平淡年,否
纯价格版本（K=5，θ_P=2.5%）,54,2004-04-21,2004-04-22,2004-04-20,2004-04-21,否,否,1,-0.009835772447309307,-0.009787559437699477,0.5,0.019769249106144405,0.009933476658835098,0.0,0.0,是,0,0,0,相对满仓收益拖累,(a) 绿→黄启动，段内未出现红灯,,,确认前,77,77,平淡年,否
纯价格版本（K=5，θ_P=2.5%）,55,2004-04-29,2004-05-26,2004-04-28,2004-05-25,否,否,19,-0.013799720068014385,-0.013704940409523986,0.05263157894736842,0.008210551626377727,-0.005589168441636658,0.03228694557026435,0.007581744496408471,否,1,1,1,相对满仓收益拖累,(b) 绿→黄启动，段内出现过红灯,,,确认前,77,77,平淡年,否
纯价格版本（K=5，θ_P=2.5%）,56,2004-06-02,2004-06-03,2004-06-01,2004-06-02,否,否,1,0.004911824637872792,0.0049239074232502325,0.5,-0.00979964113024065,-0.004887816492367857,0.009751781111689062,0.004875890555844586,是,0,0,0,相对满仓收益改善,(a) 绿→黄启动，段内未出现红灯,,,低点后,77,77;78,平淡年,否
纯价格版本（K=5，θ_P=2.5%）,57,2004-06-15,2004-06-16,2004-06-14,2004-06-15,否,否,1,6.541444327963015e-05,6.541658285097764e-05,0.5,-0.0001308246077897625,-6.541016451013236e-05,0.00013081605062392754,6.540802531196377e-05,是,0,0,0,接近零,(a) 绿→黄启动，段内未出现红灯,,,高点前20日,78,78,平淡年,否
纯价格版本（K=5，θ_P=2.5%）,58,2004-06-18,2004-06-21,2004-06-17,2004-06-18,否,否,1,0.003043030421095042,0.0030476651381695155,0.5,-0.006076828894043035,-0.003033798472947993,0.006058402313292577,0.0030292011566462884,是,0,0,0,相对满仓收益改善,(a) 绿→黄启动，段内未出现红灯,,,高点前20日,78,78,平淡年,否
纯价格版本（K=5，θ_P=2.5%）,59,2004-07-07,2004-09-08,2004-07-06,2004-09-07,否,否,44,0.024364778225140073,0.02466402485074677,0.045454545454545456,-0.026253702594903117,-0.001888924369763043,0.07510857979367114,0.004831192077482616,否,1,1,1,相对满仓收益改善,(b) 绿→黄启动，段内出现过红灯,,,确认前,78,78,平淡年,否
纯价格版本（K=5，θ_P=2.5%）,60,2004-09-23,2004-10-05,2004-09-22,2004-10-04,否,否,8,-0.03169781815765981,-0.031200708594016677,0.0625,0.031890097832580774,0.00019227967492095772,0.00820051753568618,0.0,否,0,1,0,相对满仓收益拖累,(c) 绿→红直接启动,,,高点前20日,79,79,平淡年,否
纯价格版本（K=5，θ_P=2.5%）,61,2004-10-11,2004-10-12,2004-10-08,2004-10-11,否,否,1,0.0009880166909407135,0.0009885049402177403,0.5,-0.0019750581683479554,-0.000987041477407242,0.001973109024399178,0.0009865545121996444,是,0,0,0,相对满仓收益改善,(a) 绿→黄启动，段内未出现红灯,,,确认前,79,79,平淡年,否
纯价格版本（K=5，θ_P=2.5%）,62,2004-10-14,2004-11-03,2004-10-13,2004-11-02,否,否,14,-0.040301550735793244,-0.03950024393072699,0.03571428571428571,0.04476854986857897,0.004466999132785731,0.01854564674302228,0.0,否,0,1,0,相对满仓收益拖累,(c) 绿→红直接启动,,,确认前,79,79,平淡年,否
纯价格版本（K=5，θ_P=2.5%）,63,2004-12-21,2004-12-22,2004-12-20,2004-12-21,否,否,1,-0.0011674250802130757,-0.0011667439046537168,0.5,0.002336214634821063,0.0011687895546079873,0.0,0.0,是,0,0,0,相对满仓收益拖累,(a) 绿→黄启动，段内未出现红灯,,,确认前,80,80,平淡年,否
纯价格版本（K=5，θ_P=2.5%）,64,2005-01-05,2005-02-02,2005-01-04,2005-02-01,否,否,19,0.010346878414868546,0.010400592459049476,0.07894736842105263,-0.008563825890790137,0.001783052524078411,0.04183282544395572,0.00035602637148335337,否,1,1,1,相对满仓收益改善,(b) 绿→黄启动，段内出现过红灯,,,确认前,80,80,平淡年,否
纯价格版本（K=5，θ_P=2.5%）,65,2005-03-17,2005-04-07,2005-03-16,2005-04-06,否,否,14,0.0009562615753003115,0.000956718939175391,0.03571428571428571,0.0035400461890571578,0.004496307764357469,0.019419141446175514,0.0,否,0,1,0,相对满仓收益改善,(c) 绿→红直接启动,,,确认后,80,80,平淡年,否
纯价格版本（K=5，θ_P=2.5%）,66,2005-04-11,2005-04-13,2005-04-08,2005-04-12,否,否,2,0.0018810508337727882,0.0018828211197176722,0.25,-0.008937954171785785,-0.007056903338012996,0.014064123729250477,0.007032061864625239,是,0,1,0,相对满仓收益改善,(c) 绿→红直接启动,,,确认后,80,80,平淡年,否
纯价格版本（K=5，θ_P=2.5%）,67,2005-04-15,2005-05-03,2005-04-14,2005-05-02,否,否,12,-0.010382464193727903,-0.010328752459797752,0.08333333333333333,0.016074832108330814,0.00569236791460291,0.01942715765980163,0.0,否,1,2,1,相对满仓收益拖累,(c) 绿→红直接启动,,,确认后,80,80,平淡年,否
纯价格版本（K=5，θ_P=2.5%）,68,2005-05-13,2005-05-18,2005-05-12,2005-05-17,否,否,3,-0.020651398271377082,-0.020439618500982745,0.16666666666666666,0.026544678916464816,0.005893280645087731,0.0,0.0,是,0,1,0,相对满仓收益拖累,(c) 绿→红直接启动,,,低点后,80,80,平淡年,否
纯价格版本（K=5，θ_P=2.5%）,69,2005-06-01,2005-06-02,2005-05-31,2005-06-01,否,否,1,-0.002181562653741099,-0.0021791847754128297,0.5,0.004367894930221009,0.00218633227647991,0.0,0.0,是,0,0,0,相对满仓收益拖累,(a) 绿→黄启动，段内未出现红灯,,,事件外,,,平淡年,否
纯价格版本（K=5，θ_P=2.5%）,70,2005-06-13,2005-06-14,2005-06-10,2005-06-13,否,否,1,0.000350778125041669,0.00035083965488240333,0.5,-0.0007014332479355322,-0.0003506551228938632,0.0007011873011433245,0.00035059365057166225,是,0,0,0,相对满仓收益改善,(a) 绿→黄启动，段内未出现红灯,,,事件外,,,平淡年,否
纯价格版本（K=5，θ_P=2.5%）,71,2005-06-24,2005-07-12,2005-06-23,2005-07-11,否,否,11,-0.015114960992636556,-0.015001303333987286,0.5,0.03038062358974482,0.015265662597108265,0.009241033655920106,0.004623860619694886,否,0,0,0,相对满仓收益拖累,(a) 绿→黄启动，段内未出现红灯,,,事件外,,,平淡年,否
纯价格版本（K=5，θ_P=2.5%）,72,2005-08-17,2005-09-06,2005-08-16,2005-09-02,否,否,13,-0.004542106851477542,-0.004531807084267587,0.5,0.009192331901729923,0.004650225050252381,0.013629375433700797,0.006827261830087417,否,0,0,0,相对满仓收益拖累,(a) 绿→黄启动，段内未出现红灯,,,确认前,81,81,平淡年,否
纯价格版本（K=5，θ_P=2.5%）,73,2005-09-21,2005-09-23,2005-09-20,2005-09-22,否,否,2,-0.002665716417976797,-0.0026621665509797576,0.5,0.005335461649756607,0.0026697452317798096,0.0,0.0,是,0,0,0,相对满仓收益拖累,(a) 绿→黄启动，段内未出现红灯,,,确认前,81,81,平淡年,否
纯价格版本（K=5，θ_P=2.5%）,74,2005-10-06,2005-11-02,2005-10-05,2005-11-01,否,否,19,-0.02050612829798911,-0.020297307453919736,0.05263157894736842,0.023903847116955344,0.0033977188189662335,0.022971480525042165,0.0023598311815302697,否,1,2,1,相对满仓收益拖累,(c) 绿→红直接启动,,,确认后,81,81,平淡年,否
纯价格版本（K=5，θ_P=2.5%）,75,2005-12-20,2005-12-28,2005-12-19,2005-12-27,否,否,5,5.846976239491525e-05,5.8471471784788214e-05,0.5,-8.571501111196716e-05,-2.7245248717051916e-05,0.009124519606102721,0.004562259803051361,是,0,0,0,接近零,(a) 绿→黄启动，段内未出现红灯,,,高点前20日,82,82,平淡年,否
纯价格版本（K=5，θ_P=2.5%）,76,2005-12-30,2006-01-10,2005-12-29,2006-01-09,否,否,6,-0.022921748547469995,-0.02266104102575583,0.5,0.0459991700612537,0.023077421513783704,0.0,0.0,否,0,0,0,相对满仓收益拖累,(a) 绿→黄启动，段内未出现红灯,,,高点前20日,82,82,平淡年,否
纯价格版本（K=5，θ_P=2.5%）,77,2006-01-23,2006-01-24,2006-01-20,2006-01-23,否,否,1,-0.0016877131458742597,-0.0016862897589117853,0.5,0.003378279483458825,0.0016905663375845655,0.0,0.0,是,0,0,0,相对满仓收益拖累,(a) 绿→黄启动，段内未出现红灯,,,确认前,82,82,上涨年,否
纯价格版本（K=5，θ_P=2.5%）,78,2006-02-01,2006-02-02,2006-01-31,2006-02-01,否,否,1,0.006600370696781981,0.006622201146707348,0.5,-0.01315746200415156,-0.006557091307369579,0.013071280989499612,0.006535640494749861,是,0,0,0,相对满仓收益改善,(a) 绿→黄启动，段内未出现红灯,,,确认前,82,82,上涨年,否
纯价格版本（K=5，θ_P=2.5%）,79,2006-02-06,2006-02-23,2006-02-03,2006-02-22,否,否,12,-0.014718383754574297,-0.014610597804029204,0.041666666666666664,0.013106797734736927,-0.0016115860198373708,0.011983729721729786,0.0016102881124111512,否,0,1,0,相对满仓收益拖累,(c) 绿→红直接启动,,,确认后,82,82,上涨年,否
纯价格版本（K=5，θ_P=2.5%）,80,2006-03-08,2006-03-10,2006-03-07,2006-03-09,否,否,2,0.004698606980361562,0.004709662742918513,0.25,-0.0026480349769601496,0.002050572003401413,0.006722286402833788,0.0,是,0,1,0,相对满仓收益改善,(c) 绿→红直接启动,,,确认后,82,82,上涨年,否
纯价格版本（K=5，θ_P=2.5%）,81,2006-04-12,2006-04-25,2006-04-11,2006-04-24,否,否,8,-0.0022323207365007435,-0.0022298309615687672,0.5,0.004573859913849802,0.0023415391773490583,0.012267853631436454,0.006146371378030535,否,0,0,0,相对满仓收益拖累,(a) 绿→黄启动，段内未出现红灯,,,确认后,82,82,上涨年,否
纯价格版本（K=5，θ_P=2.5%）,82,2006-05-02,2006-05-09,2006-05-01,2006-05-08,否,否,5,-0.005179979341663151,-0.00516658638373376,0.5,0.010390958613097554,0.005210979271434404,0.0026600209143867737,0.0013300104571933868,是,0,0,0,相对满仓收益拖累,(a) 绿→黄启动，段内未出现红灯,,,确认后,82,82,上涨年,否
纯价格版本（K=5，θ_P=2.5%）,83,2006-05-12,2006-06-02,2006-05-11,2006-06-01,否,否,14,0.008319614600330885,0.008354318768887526,0.07142857142857142,-0.008016192583332596,0.0003034220169982895,0.03419154227891896,0.0001410318966008628,否,1,1,1,相对满仓收益改善,(b) 绿→黄启动，段内出现过红灯,,,确认后,82,82,上涨年,否
纯价格版本（K=5，θ_P=2.5%）,84,2006-06-08,2006-07-03,2006-06-07,2006-06-30,否,否,17,-0.01313930611247351,-0.013053362255918499,0.029411764705882353,0.016582702099093218,0.0034433959866197084,0.0285702391227729,0.0,否,0,1,0,相对满仓收益拖累,(c) 绿→红直接启动,,,确认后,82,82,上涨年,否
纯价格版本（K=5，θ_P=2.5%）,85,2006-07-13,2006-08-01,2006-07-12,2006-07-31,否,否,13,-0.01909444187680939,-0.018913297802087697,0.038461538461538464,0.013778412466426316,-0.005316029410383073,0.02031405664135011,0.00530192433144383,否,0,1,0,相对满仓收益拖累,(c) 绿→红直接启动,,,确认后,82,82,上涨年,否
纯价格版本（K=5，θ_P=2.5%）,86,2006-08-10,2006-08-17,2006-08-09,2006-08-16,否,否,5,-0.032505485346766505,-0.03198286009294564,0.2,0.035737965299838526,0.0032324799530720205,0.005526791162635325,0.0,是,1,2,1,相对满仓收益拖累,(c) 绿→红直接启动,,,低点后,82,82,上涨年,否
纯价格版本（K=5，θ_P=2.5%）,87,2006-08-22,2006-08-23,2006-08-21,2006-08-22,否,否,1,0.0030223618503670284,0.003026933790803436,0.5,-0.006035616547779369,-0.003013254697412341,0.006017438803907482,0.0030087194019536856,是,0,0,0,相对满仓收益改善,(a) 绿→黄启动，段内未出现红灯,,,事件外,,,上涨年,否
纯价格版本（K=5，θ_P=2.5%）,88,2006-12-22,2007-01-04,2006-12-21,2007-01-03,否,否,6,-0.00783654735578616,-0.007805921670649968,0.5,0.015715330445614455,0.007878783089828293,0.004949735649615206,0.0024762852861035523,否,0,0,0,相对满仓收益拖累,(a) 绿→黄启动，段内未出现红灯,,,事件外,,,上涨年,否
纯价格版本（K=5，θ_P=2.5%）,89,2007-01-19,2007-01-22,2007-01-18,2007-01-19,否,否,1,0.004060836149451294,0.0040690925167028505,0.5,-0.008105248580222262,-0.004044412430770967,0.00807248961920437,0.004036244809602185,是,0,0,0,相对满仓收益改善,(a) 绿→黄启动，段内未出现红灯,,,事件外,,,平淡年,否
纯价格版本（K=5，θ_P=2.5%）,90,2007-01-26,2007-01-29,2007-01-25,2007-01-26,否,否,1,4.471416812551095e-05,4.4715167818826626e-05,0.5,-8.942633698358598e-05,-4.471216885807503e-05,8.94223385679016e-05,4.47111692839508e-05,是,0,0,0,接近零,(a) 绿→黄启动，段内未出现红灯,,,高点前20日,83,83,平淡年,否
纯价格版本（K=5，θ_P=2.5%）,91,2007-02-12,2007-02-13,2007-02-09,2007-02-12,否,否,1,-0.0027459419291798568,-0.0027421752790968874,0.5,0.005499444822169924,0.0027535028929900674,0.0,0.0,是,0,0,0,相对满仓收益拖累,(a) 绿→黄启动，段内未出现红灯,,,高点前20日,83,83,平淡年,否
纯价格版本（K=5，θ_P=2.5%）,92,2007-02-28,2007-03-14,2007-02-27,2007-03-13,否,否,10,0.007831218594512489,0.00786196278928484,0.15,-0.010958907832546126,-0.0031276892380336374,0.025237910305392797,0.008408998081825825,否,1,1,1,相对满仓收益改善,(b) 绿→黄启动，段内出现过红灯,,,确认后,83,83,平淡年,否
纯价格版本（K=5，θ_P=2.5%）,93,2007-03-23,2007-03-26,2007-03-22,2007-03-23,否,否,1,-0.0012595347319714967,-0.0012587418510229436,0.5,0.0025206578925753265,0.0012611231606038298,0.0,0.0,是,0,0,0,相对满仓收益拖累,(a) 绿→黄启动，段内未出现红灯,,,低点后,83,83,平淡年,否
纯价格版本（K=5，θ_P=2.5%）,94,2007-03-28,2007-03-30,2007-03-27,2007-03-29,否,否,2,-0.0006964928663352107,-0.0006962503714806956,0.5,0.0013947495545049901,0.0006982566881697795,0.001046013792004974,0.000523006896002598,是,0,0,0,相对满仓收益拖累,(a) 绿→黄启动，段内未出现红灯,,,低点后,83,83,平淡年,否
纯价格版本（K=5，θ_P=2.5%）,95,2007-04-12,2007-04-13,2007-04-11,2007-04-12,否,否,1,-0.0013741119640339034,-0.0013731683044698418,0.5,0.0027501147102017807,0.0013760027461678774,0.0,0.0,是,0,0,0,相对满仓收益拖累,(a) 绿→黄启动，段内未出现红灯,,,低点后,83,83,平淡年,否
纯价格版本（K=5，θ_P=2.5%）,96,2007-06-08,2007-06-15,2007-06-07,2007-06-14,否,否,5,-0.00860259686599179,-0.008565700407163411,0.5,0.017286901248841847,0.00868430438285006,0.00880545966589652,0.004403726244171624,是,0,0,0,相对满仓收益拖累,(a) 绿→黄启动，段内未出现红灯,,,事件外,,,平淡年,否
纯价格版本（K=5，θ_P=2.5%）,97,2007-06-26,2007-06-27,2007-06-25,2007-06-26,否,否,1,-0.006041619900720164,-0.006023406014127685,0.5,0.012119962952165275,0.006078343051445111,0.0,0.0,是,0,0,0,相对满仓收益拖累,(a) 绿→黄启动，段内未出现红灯,,,高点前20日,84,84,平淡年,否
纯价格版本（K=5，θ_P=2.5%）,98,2007-07-25,2007-07-26,2007-07-24,2007-07-25,否,否,1,0.008056378290871255,0.008088918232448537,0.5,-0.016048369729942686,-0.00799199143907143,0.015920280766186456,0.007960140383093228,是,0,0,0,相对满仓收益改善,(a) 绿→黄启动，段内未出现红灯,,,确认前,84,84,平淡年,否
纯价格版本（K=5，θ_P=2.5%）,99,2007-07-27,2007-08-27,2007-07-26,2007-08-24,否,否,21,3.246832667292169e-05,3.246885377474485e-05,0.047619047619047616,0.0016404891087633765,0.0016729574354362982,0.06346683594264946,0.003785655983368774,否,1,1,1,接近零,(b) 绿→黄启动，段内出现过红灯,,,确认后,84,84,平淡年,否
纯价格版本（K=5，θ_P=2.5%）,100,2007-08-28,2007-09-05,2007-08-27,2007-09-04,否,否,5,-0.039036437083754746,-0.0382843336063419,0.2,0.03921234646997856,0.0001759093862238074,0.010782766740075611,0.005391383370037861,是,1,2,1,相对满仓收益拖累,(c) 绿→红直接启动,,,低点后,84,84,平淡年,否
纯价格版本（K=5，θ_P=2.5%）,101,2007-09-06,2007-09-13,2007-09-05,2007-09-12,否,否,5,0.000619745030544418,0.0006199371121743562,0.2,0.0022318162866353823,0.0028515613171798,0.01864408937400308,0.00047369138137798306,是,1,2,1,相对满仓收益改善,(c) 绿→红直接启动,,,事件外,,,平淡年,否
纯价格版本（K=5，θ_P=2.5%）,102,2007-09-18,2007-09-19,2007-09-17,2007-09-18,否,否,1,-0.0021640356248059916,-0.0021616957878477882,0.5,0.004332764457903086,0.0021687288330970948,0.0,0.0,是,0,0,0,相对满仓收益拖累,(a) 绿→黄启动，段内未出现红灯,,,高点前20日,85,85,平淡年,否
纯价格版本（K=5，θ_P=2.5%）,103,2007-10-22,2007-10-29,2007-10-19,2007-10-26,否,否,5,-0.010675819895638284,-0.010619035583093982,0.5,0.021485899330423868,0.010810079434785586,0.012151808098318284,0.0060848911508556425,是,0,0,0,相对满仓收益拖累,(a) 绿→黄启动，段内未出现红灯,,,确认后,85,85,熊市,否
纯价格版本（K=5，θ_P=2.5%）,104,2007-11-02,2007-11-05,2007-11-01,2007-11-02,否,否,1,0.002858770910602702,0.002862861092864999,0.5,-0.005709392541475705,-0.0028506216308730034,0.005693124933989324,0.002846562466994662,是,0,0,0,相对满仓收益改善,(a) 绿→黄启动，段内未出现红灯,,,确认后,85,85,熊市,否
纯价格版本（K=5，θ_P=2.5%）,105,2007-11-08,2007-12-07,2007-11-07,2007-12-06,否,否,20,-0.01635890669085626,-0.016225826447424978,0.025,0.01596211923474075,-0.0003967874561155102,0.04936947205353881,0.00039670874638353393,否,0,1,0,相对满仓收益拖累,(c) 绿→红直接启动,,,确认后,85,85,熊市,否
纯价格版本（K=5，θ_P=2.5%）,106,2007-12-12,2007-12-14,2007-12-11,2007-12-13,否,否,2,0.008157846600471422,0.008191212500633715,0.25,-0.014185344155832884,-0.0060274975553614605,0.014085206217658408,0.006009368634268819,是,0,1,0,相对满仓收益改善,(c) 绿→红直接启动,,,确认前,86,86,熊市,否
纯价格版本（K=5，θ_P=2.5%）,107,2007-12-17,2007-12-27,2007-12-14,2007-12-26,否,否,7,-0.03808584061470469,-0.03736969543260358,0.07142857142857142,0.031493589305548235,-0.00659225130915646,0.013141140178678623,0.006570570089339367,否,0,1,0,相对满仓收益拖累,(c) 绿→红直接启动,,,确认后,86,86,熊市,否
纯价格版本（K=5，θ_P=2.5%）,108,2007-12-28,2009-06-03,2007-12-27,2009-06-02,否,否,359,0.40048155797782353,0.492543270729349,0.001392757660167131,-0.4046798310697863,-0.004198273091962788,0.5217507443993422,0.004189472663327143,否,0,1,0,相对满仓收益改善,(c) 绿→红直接启动,,,确认后,86,86,熊市,否
纯价格版本（K=5，θ_P=2.5%）,109,2009-06-16,2009-06-18,2009-06-15,2009-06-17,否,否,2,-0.0036505864414973638,-0.0036439311518471065,0.5,0.007307940592553838,0.0036573541510564744,0.0,0.0,是,0,0,0,相对满仓收益拖累,(a) 绿→黄启动，段内未出现红灯,,,确认前,102,102,完整年度分类不可得,否
纯价格版本（K=5，θ_P=2.5%）,110,2009-06-23,2009-07-01,2009-06-22,2009-06-30,否,否,6,-0.03393708496260365,-0.033367681567101785,0.08333333333333333,0.03516424976055583,0.0012271647979521822,0.00522561209977046,0.0,否,0,1,0,相对满仓收益拖累,(c) 绿→红直接启动,,,确认后,102,102,完整年度分类不可得,否
纯价格版本（K=5，θ_P=2.5%）,111,2009-07-06,2009-07-21,2009-07-02,2009-07-20,否,否,11,-0.06433725998041656,-0.06231129867668117,0.09090909090909091,0.06784047924243651,0.003503219262019951,0.022267643367601897,0.0,否,1,2,1,相对满仓收益拖累,(c) 绿→红直接启动,,,确认后,102,102,完整年度分类不可得,否
纯价格版本（K=5，θ_P=2.5%）,112,2009-08-18,2009-08-19,2009-08-17,2009-08-18,否,否,1,-0.003426953449099786,-0.00342108814608173,0.5,0.006865691304325756,0.0034387378552259698,0.0,0.0,是,0,0,0,相对满仓收益拖累,(a) 绿→黄启动，段内未出现红灯,,,事件外,,,完整年度分类不可得,否
纯价格版本（K=5，θ_P=2.5%）,113,2009-09-02,2009-09-03,2009-09-01,2009-09-02,否,否,1,-0.003768335783085422,-0.0037612445160200023,0.5,0.007550925651857844,0.003782589868772422,0.0,0.0,是,0,0,0,相对满仓收益拖累,(a) 绿→黄启动，段内未出现红灯,,,事件外,,,完整年度分类不可得,否
纯价格版本（K=5，θ_P=2.5%）,114,2009-09-28,2009-09-29,2009-09-25,2009-09-28,否,否,1,0.0016816457305168558,0.0016830604896283985,0.5,-0.003360468275604272,-0.0016788225450874163,0.0033548282215982717,0.0016774141107991358,是,0,0,0,相对满仓收益改善,(a) 绿→黄启动，段内未出现红灯,,,事件外（尾段未定）,,,完整年度分类不可得,否
200日均线,1,1999-09-24,1999-10-07,1999-09-23,1999-10-06,否,否,9,-0.039998580441190174,-0.03920919694959598,0.0,0.039998580441190174,0.0,0.015429270520513017,0.0,否,0,0,0,相对满仓收益拖累,(c) 绿→红直接启动,,,确认后,37,37;38,上涨年,否
200日均线,2,1999-10-14,1999-10-29,1999-10-13,1999-10-28,否,否,11,-0.0620604625454792,-0.06017393920275937,0.0,0.0620604625454792,0.0,0.032325042474971255,0.0,否,0,0,0,相对满仓收益拖累,(c) 绿→红直接启动,,,确认后,38,38,上涨年,否
200日均线,3,2000-02-22,2000-03-01,2000-02-18,2000-02-29,否,否,6,-0.053367960526848196,-0.05196888973168923,0.0,0.053367960526848196,0.0,0.018869894084787453,0.0,否,0,0,0,相对满仓收益拖累,(c) 绿→红直接启动,,,确认后,41,41;42,下跌年,否
200日均线,4,2000-03-08,2000-03-09,2000-03-07,2000-03-08,否,否,1,-0.02922363916729088,-0.028800758011968672,0.0,0.02922363916729088,0.0,0.0,0.0,是,0,0,0,相对满仓收益拖累,(c) 绿→红直接启动,,,高点前20日,42,42;43,下跌年,否
200日均线,5,2000-03-15,2000-03-16,2000-03-14,2000-03-15,否,否,1,-0.051027105702652335,-0.049747087089562575,0.0,0.051027105702652335,0.0,0.0,0.0,是,0,0,0,相对满仓收益拖累,(c) 绿→红直接启动,,,低点后,42,42;43,下跌年,否
200日均线,6,2000-04-17,2000-04-18,2000-04-14,2000-04-17,否,否,1,-0.027179962573936716,-0.026813911309108082,0.0,0.027179962573936716,0.0,0.0,0.0,是,0,0,0,相对满仓收益拖累,(c) 绿→红直接启动,,,低点后,43,43;44;45;46,熊市,否
200日均线,7,2000-05-11,2000-05-12,2000-05-10,2000-05-11,否,否,1,-0.00465950219300424,-0.004648663553417136,0.0,0.00465950219300424,0.0,0.0,0.0,是,0,0,0,相对满仓收益拖累,(c) 绿→红直接启动,,,低点后,45,45;46,熊市,否
200日均线,8,2000-05-24,2000-05-25,2000-05-23,2000-05-24,否,否,1,0.017422142815847814,0.017574793558453605,0.0,-0.017422142815847814,0.0,0.01727125482048808,0.0,是,0,0,0,相对满仓收益改善,(c) 绿→红直接启动,,,低点后,46,46;47,熊市,否
200日均线,9,2000-05-26,2000-05-31,2000-05-25,2000-05-30,否,否,2,-0.04927565980488292,-0.048081312191919,0.0,0.04927565980488292,0.0,0.014850847487373975,0.0,是,0,0,0,相对满仓收益拖累,(c) 绿→红直接启动,,,低点后,46,46;47,熊市,否
200日均线,10,2000-07-31,2000-08-01,2000-07-28,2000-07-31,否,否,1,0.004120498582979273,0.0041289995092733366,0.0,-0.004120498582979273,0.0,0.00411202097667851,0.0,是,0,0,0,相对满仓收益改善,(c) 绿→红直接启动,,,确认后,48,48,熊市,否
200日均线,11,2000-09-19,2000-09-20,2000-09-18,2000-09-19,否,否,1,-0.004782986484964996,-0.00477156622001988,0.0,0.004782986484964996,0.0,0.0,0.0,是,0,0,0,相对满仓收益拖累,(c) 绿→红直接启动,,,确认后,49,49,熊市,否
200日均线,12,2000-09-26,2000-09-29,2000-09-25,2000-09-28,否,否,3,0.0005918596108968046,0.0005920347943559434,0.0,-0.0005918596108968046,0.0,0.022812779344567158,0.0,是,0,0,0,相对满仓收益改善,(c) 绿→红直接启动,,,确认后,49,49;50,熊市,否
200日均线,13,2000-10-02,2002-01-07,2000-09-29,2002-01-04,否,否,314,0.45137051854046484,0.570463059987639,0.0,-0.45137051854046484,0.0,0.5221485354723807,0.0,否,0,0,0,相对满仓收益改善,(c) 绿→红直接启动,,,确认后,49,49;50,熊市,否
200日均线,14,2002-01-08,2002-03-05,2002-01-07,2002-03-04,否,否,38,0.056983209460305925,0.05863803514232174,0.0,-0.056983209460305925,0.0,0.1325737537235162,0.0,否,0,0,0,相对满仓收益改善,(c) 绿→红直接启动,,,确认后,63,63,熊市,否
200日均线,15,2002-03-06,2002-03-07,2002-03-05,2002-03-06,否,否,1,0.0011858130423608529,0.0011865163966346516,0.0,-0.0011858130423608529,0.0,0.0011851102438984462,0.0,是,0,0,0,相对满仓收益改善,(c) 绿→红直接启动,,,高点前20日,64,64,熊市,否
200日均线,16,2002-03-26,2002-03-28,2002-03-25,2002-03-27,否,否,2,-0.006290680795769683,-0.006270935887998558,0.0,0.006290680795769683,0.0,0.0012262127272397727,0.0,是,0,0,0,相对满仓收益拖累,(c) 绿→红直接启动,,,确认后,64,64,熊市,否
200日均线,17,2002-04-03,2003-03-24,2002-04-02,2003-03-21,否,否,245,0.2742923139486207,0.31559931406719877,0.0,-0.2742923139486207,0.0,0.3709588044776967,0.0,否,0,0,0,相对满仓收益改善,(c) 绿→红直接启动,,,确认后,64,64,熊市,否
200日均线,18,2003-03-25,2003-04-15,2003-03-24,2003-04-14,否,否,15,-0.006791817676802439,-0.006768805410969792,0.0,0.006791817676802439,0.0,0.03721789204864223,0.0,否,0,0,0,相对满仓收益拖累,(c) 绿→红直接启动,,,确认前,72,72,上涨年,否
200日均线,19,2003-04-17,2003-04-21,2003-04-16,2003-04-17,否,否,1,-0.0009853060388213878,-0.000984820784214169,0.0,0.0009853060388213878,0.0,0.0,0.0,是,0,0,0,相对满仓收益拖累,(c) 绿→红直接启动,,,低点后,72,72,上涨年,否
200日均线,20,2004-07-19,2004-07-21,2004-07-16,2004-07-20,否,否,2,0.006030033906884894,0.006048251159820803,0.0,-0.006030033906884894,0.0,0.021205858534536492,0.0,是,0,0,0,相对满仓收益改善,(c) 绿→红直接启动,,,确认后,78,78,平淡年,否
200日均线,21,2004-07-22,2004-09-03,2004-07-21,2004-09-02,否,否,31,0.002840861885612161,0.0028449009576483374,0.0,-0.002840861885612161,0.0,0.05530694264446345,0.0,否,0,0,0,相对满仓收益改善,(c) 绿→红直接启动,,,确认后,78,78,平淡年,否
200日均线,22,2004-09-23,2004-10-04,2004-09-22,2004-10-01,否,否,7,-0.03150557544710464,-0.031014446089022082,0.0,0.03150557544710464,0.0,0.00820051753568618,0.0,否,0,0,0,相对满仓收益拖累,(c) 绿→红直接启动,,,高点前20日,79,79,平淡年,否
200日均线,23,2004-10-14,2004-10-28,2004-10-13,2004-10-27,否,否,10,-0.031769443879589854,-0.031270097057639876,0.0,0.031769443879589854,0.0,0.01854564674302228,0.0,否,0,0,0,相对满仓收益拖累,(c) 绿→红直接启动,,,确认前,79,79,平淡年,否
200日均线,24,2005-04-18,2005-04-22,2005-04-15,2005-04-21,否,否,4,-0.007557281123250402,-0.007528796674424897,0.0,0.007557281123250402,0.0,0.010814786131728038,0.0,是,0,0,0,相对满仓收益拖累,(c) 绿→红直接启动,,,确认后,80,80,平淡年,否
200日均线,25,2005-04-25,2005-04-26,2005-04-22,2005-04-25,否,否,1,0.009123872731967374,0.00916562213426123,0.0,-0.009123872731967374,0.0,0.009082376503152245,0.0,是,0,0,0,相对满仓收益改善,(c) 绿→红直接启动,,,低点后,80,80,平淡年,否
200日均线,26,2005-04-27,2005-04-28,2005-04-26,2005-04-27,否,否,1,0.01073332260838414,0.010791131357014492,0.0,-0.01073332260838414,0.0,0.010675926036793681,0.0,是,0,0,0,相对满仓收益改善,(c) 绿→红直接启动,,,低点后,80,80,平淡年,否
200日均线,27,2005-04-29,2005-05-02,2005-04-28,2005-04-29,否,否,1,-0.004286966608281028,-0.0042777906839075565,0.0,0.004286966608281028,0.0,0.0,0.0,是,0,0,0,相对满仓收益拖累,(c) 绿→红直接启动,,,低点后,80,80,平淡年,否
200日均线,28,2005-05-16,2005-05-17,2005-05-13,2005-05-16,否,否,1,-0.0064729822448778345,-0.006452077624704847,0.0,0.0064729822448778345,0.0,0.0,0.0,是,0,0,0,相对满仓收益拖累,(c) 绿→红直接启动,,,低点后,80,80,平淡年,否
200日均线,29,2005-10-06,2005-10-25,2005-10-05,2005-10-24,否,否,13,-0.01197843356313292,-0.011906977722070614,0.0,0.01197843356313292,0.0,0.018703256380967592,0.0,否,0,0,0,相对满仓收益拖累,(c) 绿→红直接启动,,,确认后,81,81,平淡年,否
200日均线,30,2005-10-26,2005-11-01,2005-10-25,2005-10-31,否,否,4,-0.005168562662118171,-0.00515522862461604,0.0,0.005168562662118171,0.0,0.015286580050687837,0.0,是,0,0,0,相对满仓收益拖累,(c) 绿→红直接启动,,,低点后,81,81,平淡年,否
200日均线,31,2006-05-24,2006-05-25,2006-05-23,2006-05-24,否,否,1,-0.012174321340790566,-0.01210051411199814,0.0,0.012174321340790566,0.0,0.0,0.0,是,0,0,0,相对满仓收益拖累,(c) 绿→红直接启动,,,确认后,82,82,上涨年,否
200日均线,32,2006-06-08,2006-06-30,2006-06-07,2006-06-29,否,否,16,-0.009707726425211855,-0.009660758555653041,0.0,0.009707726425211855,0.0,0.0285702391227729,0.0,否,0,0,0,相对满仓收益拖累,(c) 绿→红直接启动,,,确认后,82,82,上涨年,否
200日均线,33,2006-07-13,2006-07-26,2006-07-12,2006-07-25,否,否,9,-0.014262150848151483,-0.014160928163863502,0.0,0.014262150848151483,0.0,0.02031405664135011,0.0,否,0,0,0,相对满仓收益拖累,(c) 绿→红直接启动,,,确认后,82,82,上涨年,否
200日均线,34,2006-07-28,2006-07-31,2006-07-27,2006-07-28,否,否,1,0.0008742351378054908,0.0008746173927290238,0.0,-0.0008742351378054908,0.0,0.0008738531056041721,0.0,是,0,0,0,相对满仓收益改善,(c) 绿→红直接启动,,,低点后,82,82,上涨年,否
200日均线,35,2006-08-10,2006-08-11,2006-08-09,2006-08-10,否,否,1,0.005542120379924922,0.00555750633955909,0.0,-0.005542120379924922,0.0,0.005526791162635325,0.0,是,0,0,0,相对满仓收益改善,(c) 绿→红直接启动,,,低点后,82,82,上涨年,否
200日均线,36,2006-08-14,2006-08-16,2006-08-11,2006-08-15,否,否,2,-0.03482053866660431,-0.03422127935664489,0.0,0.03482053866660431,0.0,0.0,0.0,是,0,0,0,相对满仓收益拖累,(c) 绿→红直接启动,,,低点后,82,82,上涨年,否
200日均线,37,2007-08-06,2007-08-07,2007-08-03,2007-08-06,否,否,1,-0.006601753364730308,-0.006580009666143311,0.0,0.006601753364730308,0.0,0.0,0.0,是,0,0,0,相对满仓收益拖累,(c) 绿→红直接启动,,,确认后,84,84,平淡年,否
200日均线,38,2007-08-14,2007-08-23,2007-08-13,2007-08-22,否,否,7,-0.020337049495506476,-0.020131646491391104,0.0,0.020337049495506476,0.0,0.019688095504180048,0.0,否,0,0,0,相对满仓收益拖累,(c) 绿→红直接启动,,,确认后,84,84,平淡年,否
200日均线,39,2007-08-29,2007-08-30,2007-08-28,2007-08-29,否,否,1,-0.0005091973072601703,-0.000509067688312783,0.0,0.0005091973072601703,0.0,0.0,0.0,是,0,0,0,相对满仓收益拖累,(c) 绿→红直接启动,,,低点后,84,84,平淡年,否
200日均线,40,2007-08-31,2007-09-04,2007-08-30,2007-08-31,否,否,1,-0.013430787146028356,-0.013340996559943034,0.0,0.013430787146028356,0.0,0.0,0.0,是,0,0,0,相对满仓收益拖累,(c) 绿→红直接启动,,,事件外,,,平淡年,否
200日均线,41,2007-09-10,2007-09-12,2007-09-07,2007-09-11,否,否,2,-0.014412189161002904,-0.01430883069914392,0.0,0.014412189161002904,0.0,0.0,0.0,是,0,0,0,相对满仓收益拖累,(c) 绿→红直接启动,,,事件外,,,平淡年,否
200日均线,42,2007-11-08,2007-12-06,2007-11-07,2007-12-05,否,否,19,-0.016755851649754298,-0.016616253152228137,0.0,0.016755851649754298,0.0,0.04936947205353881,0.0,否,0,0,0,相对满仓收益拖累,(c) 绿→红直接启动,,,确认后,85,85,熊市,否
200日均线,43,2007-12-12,2007-12-13,2007-12-11,2007-12-12,否,否,1,0.0020937978950306526,0.0020959914205091203,0.0,-0.0020937978950306526,0.0,0.0020916074292822717,0.0,是,0,0,0,相对满仓收益改善,(c) 绿→红直接启动,,,确认前,86,86,熊市,否
200日均线,44,2007-12-17,2007-12-26,2007-12-14,2007-12-24,否,否,6,-0.04472183824742046,-0.04373655924380654,0.0,0.04472183824742046,0.0,0.0007806422090771425,0.0,否,0,0,0,相对满仓收益拖累,(c) 绿→红直接启动,,,确认后,86,86,熊市,否
200日均线,45,2007-12-28,2009-06-02,2007-12-27,2009-06-01,否,否,358,0.39626558505407156,0.48626399464228315,0.0,-0.39626558505407156,0.0,0.5217507443993422,0.0,否,0,0,0,相对满仓收益改善,(c) 绿→红直接启动,,,确认后,86,86,熊市,否
200日均线,46,2009-06-23,2009-06-25,2009-06-22,2009-06-24,否,否,2,-0.03197089499394036,-0.03146522912064659,0.0,0.03197089499394036,0.0,0.0,0.0,是,0,0,0,相对满仓收益拖累,(c) 绿→红直接启动,,,确认后,102,102,完整年度分类不可得,否
200日均线,47,2009-07-08,2009-07-10,2009-07-07,2009-07-09,否,否,2,-0.00278054508078665,-0.0027766829457563126,0.0,0.00278054508078665,0.0,0.0,0.0,是,0,0,0,相对满仓收益拖累,(c) 绿→红直接启动,,,确认后,102,102,完整年度分类不可得,否
200日均线,48,2009-07-13,2009-07-14,2009-07-10,2009-07-13,否,否,1,-0.004474341007604953,-0.004464346056375405,0.0,0.004474341007604953,0.0,0.0,0.0,是,0,0,0,相对满仓收益拖累,(c) 绿→红直接启动,,,低点后,102,102,完整年度分类不可得,否
带缓冲带的200日均线,1,1999-09-24,1999-10-07,1999-09-23,1999-10-06,否,否,9,-0.039998580441190174,-0.03920919694959598,0.0,0.039998580441190174,0.0,0.015429270520513017,0.0,否,0,0,0,相对满仓收益拖累,(c) 绿→红直接启动,,,确认后,37,37;38,上涨年,否
带缓冲带的200日均线,2,1999-10-14,1999-10-29,1999-10-13,1999-10-28,否,否,11,-0.0620604625454792,-0.06017393920275937,0.0,0.0620604625454792,0.0,0.032325042474971255,0.0,否,0,0,0,相对满仓收益拖累,(c) 绿→红直接启动,,,确认后,38,38,上涨年,否
带缓冲带的200日均线,3,2000-02-22,2000-03-02,2000-02-18,2000-03-01,否,否,7,-0.04262834069224599,-0.04173252708219325,0.0,0.04262834069224599,0.0,0.018869894084787453,0.0,否,0,0,0,相对满仓收益拖累,(c) 绿→红直接启动,,,确认后,41,41;42,下跌年,否
带缓冲带的200日均线,4,2000-04-17,2000-04-18,2000-04-14,2000-04-17,否,否,1,-0.027179962573936716,-0.026813911309108082,0.0,0.027179962573936716,0.0,0.0,0.0,是,0,0,0,相对满仓收益拖累,(c) 绿→红直接启动,,,低点后,43,43;44;45;46,熊市,否
带缓冲带的200日均线,5,2000-05-24,2000-05-31,2000-05-23,2000-05-30,否,否,4,-0.030585993306771905,-0.030122974451528266,0.0,0.030585993306771905,0.0,0.018516097677677368,0.0,是,0,0,0,相对满仓收益拖累,(c) 绿→红直接启动,,,低点后,46,46;47,熊市,否
带缓冲带的200日均线,6,2000-09-27,2002-03-11,2000-09-26,2002-03-08,否,否,360,0.49497300194092747,0.6404539493865478,0.0,-0.49497300194092747,0.0,0.5383565760690578,0.0,否,0,0,0,相对满仓收益改善,(c) 绿→红直接启动,,,确认后,49,49;50,熊市,否
带缓冲带的200日均线,7,2002-03-26,2003-04-16,2002-03-25,2003-04-15,否,否,267,0.2793279577589134,0.32224091193586946,0.0,-0.2793279577589134,0.0,0.3890196867760536,0.0,否,0,0,0,相对满仓收益改善,(c) 绿→红直接启动,,,确认后,64,64,熊市,否
带缓冲带的200日均线,8,2004-07-22,2004-09-14,2004-07-21,2004-09-13,否,否,37,-0.025110122777845436,-0.024797485894852728,0.0,0.025110122777845436,0.0,0.05530694264446345,0.0,否,0,0,0,相对满仓收益拖累,(c) 绿→红直接启动,,,确认后,78,78,平淡年,否
带缓冲带的200日均线,9,2004-09-28,2004-10-04,2004-09-27,2004-10-01,否,否,4,-0.03577005482785574,-0.03513786663400715,0.0,0.03577005482785574,0.0,0.0,0.0,是,0,0,0,相对满仓收益拖累,(c) 绿→红直接启动,,,高点前20日,79,79,平淡年,否
带缓冲带的200日均线,10,2004-10-15,2004-11-03,2004-10-14,2004-11-02,否,否,13,-0.04001591162098802,-0.039225848443456335,0.0,0.04001591162098802,0.0,0.018545646743022393,0.0,否,0,0,0,相对满仓收益拖累,(c) 绿→红直接启动,,,确认前,79,79,平淡年,否
带缓冲带的200日均线,11,2005-04-21,2005-05-05,2005-04-20,2005-05-04,否,否,10,-0.0074163740426050045,-0.007388940601415587,0.0,0.0074163740426050045,0.0,0.01942715765980163,0.0,否,0,0,0,相对满仓收益拖累,(c) 绿→红直接启动,,,低点后,80,80,平淡年,否
带缓冲带的200日均线,12,2005-10-11,2005-11-03,2005-10-10,2005-11-02,否,否,17,-0.04033964071847493,-0.03953682865304129,0.0,0.04033964071847493,0.0,0.022971480525042165,0.0,否,0,0,0,相对满仓收益拖累,(c) 绿→红直接启动,,,确认后,81,81,平淡年,否
带缓冲带的200日均线,13,2006-06-13,2006-07-05,2006-06-12,2006-07-03,否,否,15,-0.030940641821867978,-0.030466878912257096,0.0,0.030940641821867978,0.0,0.021243960135461037,0.0,否,0,0,0,相对满仓收益拖累,(c) 绿→红直接启动,,,确认后,82,82,上涨年,否
带缓冲带的200日均线,14,2006-07-14,2006-08-16,2006-07-13,2006-08-15,否,否,23,-0.059082397177989916,-0.05737090402028153,0.0,0.059082397177989916,0.0,0.02031405664135011,0.0,否,0,0,0,相对满仓收益拖累,(c) 绿→红直接启动,,,确认后,82,82,上涨年,否
带缓冲带的200日均线,15,2007-08-06,2007-08-07,2007-08-03,2007-08-06,否,否,1,-0.006601753364730308,-0.006580009666143311,0.0,0.006601753364730308,0.0,0.0,0.0,是,0,0,0,相对满仓收益拖累,(c) 绿→红直接启动,,,确认后,84,84,平淡年,否
带缓冲带的200日均线,16,2007-08-15,2007-08-27,2007-08-14,2007-08-24,否,否,8,-0.04207271825660219,-0.0411999442311034,0.0,0.04207271825660219,0.0,0.007571311966737326,0.0,否,0,0,0,相对满仓收益拖累,(c) 绿→红直接启动,,,确认后,84,84,平淡年,否
带缓冲带的200日均线,17,2007-08-29,2007-09-04,2007-08-28,2007-08-31,否,否,3,-0.025072757380752892,-0.0247610463848834,0.0,0.025072757380752892,0.0,0.0,0.0,是,0,0,0,相对满仓收益拖累,(c) 绿→红直接启动,,,低点后,84,84,平淡年,否
带缓冲带的200日均线,18,2007-11-12,2007-12-07,2007-11-09,2007-12-06,否,否,18,-0.057968990692717194,-0.056320790178313214,0.0,0.057968990692717194,0.0,0.0422695484756358,0.0,否,0,0,0,相对满仓收益拖累,(c) 绿→红直接启动,,,确认后,85,85;86,熊市,否
带缓冲带的200日均线,19,2007-12-17,2009-06-02,2007-12-14,2009-06-01,否,否,366,0.3645021113582157,0.4397969711033412,0.0,-0.3645021113582157,0.0,0.5279080918622121,0.0,否,0,0,0,相对满仓收益改善,(c) 绿→红直接启动,,,确认后,86,86,熊市,否
