series,date,value
VIXCLS,2025-08-20,15.69
VIXCLS,2025-08-21,16.6
VIXCLS,2025-08-22,14.22
VIXCLS,2025-08-25,14.79
VIXCLS,2025-08-26,14.62
VIXCLS,2025-08-27,14.85
VIXCLS,2025-08-28,14.43
VIXCLS,2025-08-29,15.36
VIXCLS,2025-09-01,16.12
VIXCLS,2025-09-02,17.17
VIXCLS,2025-09-03,16.35
VIXCLS,2025-09-04,15.3
VIXCLS,2025-09-05,15.18
VIXCLS,2025-09-08,15.11
VIXCLS,2025-09-09,15.04
VIXCLS,2025-09-10,15.35
VIXCLS,2025-09-11,14.71
VIXCLS,2025-09-12,14.76
VIXCLS,2025-09-15,15.69
VIXCLS,2025-09-16,16.36
VIXCLS,2025-09-17,15.72
VIXCLS,2025-09-18,15.7
VIXCLS,2025-09-19,15.45
VIXCLS,2025-09-22,16.1
VIXCLS,2025-09-23,16.64
VIXCLS,2025-09-24,16.18
VIXCLS,2025-09-25,16.74
VIXCLS,2025-09-26,15.29
VIXCLS,2025-09-29,16.12
VIXCLS,2025-09-30,16.28
VIXCLS,2025-10-01,16.29
VIXCLS,2025-10-02,16.63
VIXCLS,2025-10-03,16.65
VIXCLS,2025-10-06,16.37
VIXCLS,2025-10-07,17.24
VIXCLS,2025-10-08,16.3
VIXCLS,2025-10-09,16.43
VIXCLS,2025-10-10,21.66
VIXCLS,2025-10-13,19.03
VIXCLS,2025-10-14,20.81
VIXCLS,2025-10-15,20.64
VIXCLS,2025-10-16,25.31
VIXCLS,2025-10-17,20.78
VIXCLS,2025-10-20,18.23
VIXCLS,2025-10-21,17.87
VIXCLS,2025-10-22,18.6
VIXCLS,2025-10-23,17.3
VIXCLS,2025-10-24,16.37
VIXCLS,2025-10-27,15.79
VIXCLS,2025-10-28,16.42
VIXCLS,2025-10-29,16.92
VIXCLS,2025-10-30,16.91
VIXCLS,2025-10-31,17.44
VIXCLS,2025-11-03,17.17
VIXCLS,2025-11-04,19.0
VIXCLS,2025-11-05,18.01
VIXCLS,2025-11-06,19.5
VIXCLS,2025-11-07,19.08
VIXCLS,2025-11-10,17.6
VIXCLS,2025-11-11,17.28
VIXCLS,2025-11-12,17.51
VIXCLS,2025-11-13,20.0
VIXCLS,2025-11-14,19.83
VIXCLS,2025-11-17,22.38
VIXCLS,2025-11-18,24.69
VIXCLS,2025-11-19,23.66
VIXCLS,2025-11-20,26.42
VIXCLS,2025-11-21,23.43
VIXCLS,2025-11-24,20.52
VIXCLS,2025-11-25,18.56
VIXCLS,2025-11-26,17.19
VIXCLS,2025-11-27,17.21
VIXCLS,2025-11-28,16.35
BAMLH0A0HYM2,2025-08-20,2.94
BAMLH0A0HYM2,2025-08-21,2.95
BAMLH0A0HYM2,2025-08-22,2.88
BAMLH0A0HYM2,2025-08-25,2.8
BAMLH0A0HYM2,2025-08-26,2.78
BAMLH0A0HYM2,2025-08-27,2.78
BAMLH0A0HYM2,2025-08-28,2.75
BAMLH0A0HYM2,2025-08-29,2.82
BAMLH0A0HYM2,2025-08-31,2.84
BAMLH0A0HYM2,2025-09-01,2.84
BAMLH0A0HYM2,2025-09-02,2.92
BAMLH0A0HYM2,2025-09-03,2.88
BAMLH0A0HYM2,2025-09-04,2.84
BAMLH0A0HYM2,2025-09-05,2.83
BAMLH0A0HYM2,2025-09-08,2.84
BAMLH0A0HYM2,2025-09-09,2.87
BAMLH0A0HYM2,2025-09-10,2.84
BAMLH0A0HYM2,2025-09-11,2.78
BAMLH0A0HYM2,2025-09-12,2.79
BAMLH0A0HYM2,2025-09-15,2.75
BAMLH0A0HYM2,2025-09-16,2.79
BAMLH0A0HYM2,2025-09-17,2.79
BAMLH0A0HYM2,2025-09-18,2.71
BAMLH0A0HYM2,2025-09-19,2.72
BAMLH0A0HYM2,2025-09-22,2.69
BAMLH0A0HYM2,2025-09-23,2.71
BAMLH0A0HYM2,2025-09-24,2.7
BAMLH0A0HYM2,2025-09-25,2.76
BAMLH0A0HYM2,2025-09-26,2.75
BAMLH0A0HYM2,2025-09-29,2.74
BAMLH0A0HYM2,2025-09-30,2.8
BAMLH0A0HYM2,2025-10-01,2.81
BAMLH0A0HYM2,2025-10-02,2.81
BAMLH0A0HYM2,2025-10-03,2.8
BAMLH0A0HYM2,2025-10-06,2.76
BAMLH0A0HYM2,2025-10-07,2.82
BAMLH0A0HYM2,2025-10-08,2.84
BAMLH0A0HYM2,2025-10-09,2.95
BAMLH0A0HYM2,2025-10-10,3.18
BAMLH0A0HYM2,2025-10-13,3.18
BAMLH0A0HYM2,2025-10-14,3.11
BAMLH0A0HYM2,2025-10-15,2.95
BAMLH0A0HYM2,2025-10-16,3.04
BAMLH0A0HYM2,2025-10-17,3.04
BAMLH0A0HYM2,2025-10-20,2.99
BAMLH0A0HYM2,2025-10-21,2.97
BAMLH0A0HYM2,2025-10-22,3.01
BAMLH0A0HYM2,2025-10-23,2.96
BAMLH0A0HYM2,2025-10-24,2.88
BAMLH0A0HYM2,2025-10-27,2.8
BAMLH0A0HYM2,2025-10-28,2.82
BAMLH0A0HYM2,2025-10-29,2.76
BAMLH0A0HYM2,2025-10-30,2.85
BAMLH0A0HYM2,2025-10-31,2.94
BAMLH0A0HYM2,2025-11-03,3.04
BAMLH0A0HYM2,2025-11-04,3.13
BAMLH0A0HYM2,2025-11-05,3.05
BAMLH0A0HYM2,2025-11-06,3.13
BAMLH0A0HYM2,2025-11-07,3.15
BAMLH0A0HYM2,2025-11-10,3.02
BAMLH0A0HYM2,2025-11-11,3.02
BAMLH0A0HYM2,2025-11-12,3.02
BAMLH0A0HYM2,2025-11-13,3.09
BAMLH0A0HYM2,2025-11-14,3.07
BAMLH0A0HYM2,2025-11-17,3.13
BAMLH0A0HYM2,2025-11-18,3.2
BAMLH0A0HYM2,2025-11-19,3.17
BAMLH0A0HYM2,2025-11-20,3.17
BAMLH0A0HYM2,2025-11-21,3.19
BAMLH0A0HYM2,2025-11-24,3.15
BAMLH0A0HYM2,2025-11-25,3.1
BAMLH0A0HYM2,2025-11-26,3.0
BAMLH0A0HYM2,2025-11-27,3.0
BAMLH0A0HYM2,2025-11-28,2.95
BAMLH0A0HYM2_vintage,2025-08-20,2.94
BAMLH0A0HYM2_vintage,2025-08-21,2.95
BAMLH0A0HYM2_vintage,2025-08-22,2.88
BAMLH0A0HYM2_vintage,2025-08-25,2.8
BAMLH0A0HYM2_vintage,2025-08-26,2.78
BAMLH0A0HYM2_vintage,2025-08-27,2.78
BAMLH0A0HYM2_vintage,2025-08-28,2.75
BAMLH0A0HYM2_vintage,2025-08-29,2.82
BAMLH0A0HYM2_vintage,2025-08-31,2.84
BAMLH0A0HYM2_vintage,2025-09-01,2.84
BAMLH0A0HYM2_vintage,2025-09-02,2.92
BAMLH0A0HYM2_vintage,2025-09-03,2.88
BAMLH0A0HYM2_vintage,2025-09-04,2.84
BAMLH0A0HYM2_vintage,2025-09-05,2.83
BAMLH0A0HYM2_vintage,2025-09-08,2.84
BAMLH0A0HYM2_vintage,2025-09-09,2.87
BAMLH0A0HYM2_vintage,2025-09-10,2.84
BAMLH0A0HYM2_vintage,2025-09-11,2.78
BAMLH0A0HYM2_vintage,2025-09-12,2.79
BAMLH0A0HYM2_vintage,2025-09-15,2.75
BAMLH0A0HYM2_vintage,2025-09-16,2.79
BAMLH0A0HYM2_vintage,2025-09-17,2.79
BAMLH0A0HYM2_vintage,2025-09-18,2.71
BAMLH0A0HYM2_vintage,2025-09-19,2.72
BAMLH0A0HYM2_vintage,2025-09-22,2.69
BAMLH0A0HYM2_vintage,2025-09-23,2.71
BAMLH0A0HYM2_vintage,2025-09-24,2.7
BAMLH0A0HYM2_vintage,2025-09-25,2.76
BAMLH0A0HYM2_vintage,2025-09-26,2.75
BAMLH0A0HYM2_vintage,2025-09-29,2.74
BAMLH0A0HYM2_vintage,2025-09-30,2.8
BAMLH0A0HYM2_vintage,2025-10-01,2.81
BAMLH0A0HYM2_vintage,2025-10-02,2.81
BAMLH0A0HYM2_vintage,2025-10-03,2.8
BAMLH0A0HYM2_vintage,2025-10-06,2.76
BAMLH0A0HYM2_vintage,2025-10-07,2.82
BAMLH0A0HYM2_vintage,2025-10-08,2.84
BAMLH0A0HYM2_vintage,2025-10-09,2.95
BAMLH0A0HYM2_vintage,2025-10-10,3.18
BAMLH0A0HYM2_vintage,2025-10-13,3.18
BAMLH0A0HYM2_vintage,2025-10-14,3.11
BAMLH0A0HYM2_vintage,2025-10-15,2.95
BAMLH0A0HYM2_vintage,2025-10-16,3.04
BAMLH0A0HYM2_vintage,2025-10-17,3.04
BAMLH0A0HYM2_vintage,2025-10-20,2.99
BAMLH0A0HYM2_vintage,2025-10-21,2.97
BAMLH0A0HYM2_vintage,2025-10-22,3.01
BAMLH0A0HYM2_vintage,2025-10-23,2.96
BAMLH0A0HYM2_vintage,2025-10-24,2.88
BAMLH0A0HYM2_vintage,2025-10-27,2.8
BAMLH0A0HYM2_vintage,2025-10-28,2.82
BAMLH0A0HYM2_vintage,2025-10-29,2.76
BAMLH0A0HYM2_vintage,2025-10-30,2.85
BAMLH0A0HYM2_vintage,2025-10-31,2.94
BAMLH0A0HYM2_vintage,2025-11-03,3.04
BAMLH0A0HYM2_vintage,2025-11-04,3.13
BAMLH0A0HYM2_vintage,2025-11-05,3.05
BAMLH0A0HYM2_vintage,2025-11-06,3.13
BAMLH0A0HYM2_vintage,2025-11-07,3.15
BAMLH0A0HYM2_vintage,2025-11-10,3.02
BAMLH0A0HYM2_vintage,2025-11-11,3.02
BAMLH0A0HYM2_vintage,2025-11-12,3.02
BAMLH0A0HYM2_vintage,2025-11-13,3.09
BAMLH0A0HYM2_vintage,2025-11-14,3.07
BAMLH0A0HYM2_vintage,2025-11-17,3.13
BAMLH0A0HYM2_vintage,2025-11-18,3.2
BAMLH0A0HYM2_vintage,2025-11-19,3.17
BAMLH0A0HYM2_vintage,2025-11-20,3.17
BAMLH0A0HYM2_vintage,2025-11-21,3.19
BAMLH0A0HYM2_vintage,2025-11-24,3.15
BAMLH0A0HYM2_vintage,2025-11-25,3.1
BAMLH0A0HYM2_vintage,2025-11-26,3.0
BAMLH0A0HYM2_vintage,2025-11-27,3.0
BAMLH0A0HYM2_vintage,2025-11-28,2.95
