date,value,source
2025-08-20,4.29,treasury
2025-08-21,4.33,treasury
2025-08-22,4.26,treasury
2025-08-25,4.28,treasury
2025-08-26,4.26,treasury
2025-08-27,4.24,treasury
2025-08-28,4.22,treasury
2025-08-29,4.23,treasury
2025-09-02,4.28,treasury
2025-09-03,4.22,treasury
2025-09-04,4.17,treasury
2025-09-05,4.1,treasury
2025-09-08,4.05,treasury
2025-09-09,4.08,treasury
2025-09-10,4.04,treasury
2025-09-11,4.01,treasury
2025-09-12,4.06,treasury
2025-09-15,4.05,treasury
2025-09-16,4.04,treasury
2025-09-17,4.06,treasury
2025-09-18,4.11,treasury
2025-09-19,4.14,treasury
2025-09-22,4.15,treasury
2025-09-23,4.12,treasury
2025-09-24,4.16,treasury
2025-09-25,4.18,treasury
2025-09-26,4.2,treasury
2025-09-29,4.15,treasury
2025-09-30,4.16,treasury
2025-10-01,4.12,treasury
2025-10-02,4.1,treasury
2025-10-03,4.13,treasury
2025-10-06,4.18,treasury
2025-10-07,4.14,treasury
2025-10-08,4.13,treasury
2025-10-09,4.14,treasury
2025-10-10,4.05,treasury
2025-10-14,4.03,treasury
2025-10-15,4.05,treasury
2025-10-16,3.99,treasury
2025-10-17,4.02,treasury
2025-10-20,4.0,treasury
2025-10-21,3.98,treasury
2025-10-22,3.97,treasury
2025-10-23,4.01,treasury
2025-10-24,4.02,treasury
2025-10-27,4.01,treasury
2025-10-28,3.99,treasury
2025-10-29,4.08,treasury
2025-10-30,4.11,treasury
2025-10-31,4.11,treasury
2025-11-03,4.13,treasury
2025-11-04,4.1,treasury
2025-11-05,4.17,treasury
2025-11-06,4.11,treasury
2025-11-07,4.11,treasury
2025-11-10,4.13,treasury
2025-11-12,4.08,treasury
2025-11-13,4.11,treasury
2025-11-14,4.14,treasury
2025-11-17,4.13,treasury
2025-11-18,4.12,treasury
2025-11-19,4.13,treasury
2025-11-20,4.1,treasury
2025-11-21,4.06,treasury
2025-11-24,4.04,treasury
2025-11-25,4.01,treasury
2025-11-26,4.0,treasury
2025-11-28,4.02,treasury
