object,scope,intervals,cumulative_return,annualized_return,max_drawdown,drawdown_peak_date,drawdown_trough_date,worst_20_return,worst_20_start,worst_20_end,worst_60_return,worst_60_start,worst_60_end,worst_120_return,worst_120_start,worst_120_end,annualized_volatility,switches,exposure_change,mean_exposure,reversed_within_5_share,reversed_within_10_share,switch_on_first_day
v1.4 纯价格版（选定设定）,双资产,2532,0.123149573042916139932121198,0.011625703838570717760828420,0.2322602944953712398481103155,2000-01-03,2000-05-23,-0.1018299870360602135953336299,2000-04-25,2000-05-23,-0.1650253691685829551357842138,2000-02-28,2000-05-23,-0.1974742775494107760631031799,2000-01-03,2000-06-23,0.1029793067590254296615459856,321,185.0,0.4103475513428120063191153239,0.5950155763239875389408099688,0.7912772585669781931464174455,是
v1.4 纯价格版（选定设定）,SPX,2532,-0.0208619705082135994428153588,-0.0020960739924127456975202045,0.1864256681860062034674993123,2007-06-04,2009-07-02,-0.0822716259452103844080171196,1999-12-31,2000-01-31,-0.1032658206577578435562912623,2007-10-09,2008-01-04,-0.1571456652303454501952167532,1999-12-31,2000-06-22,0.07868032636968485131014728362,321,185.0,0.4103475513428120063191153239,0.5950155763239875389408099688,0.7912772585669781931464174455,是
v1.4 纯价格版（选定设定）,QQQ,2532,0.262319954371951164863544029,0.023455577583315852792270090,0.3071534238731379152379030914,2000-01-03,2000-05-23,-0.1501859503139319532810650412,2000-05-01,2000-05-30,-0.2563381192475801446503740198,2000-02-28,2000-05-23,-0.2441722523425780798165846135,2000-01-03,2000-06-23,0.1379938085009548405337626056,321,185.0,0.4103475513428120063191153239,0.5950155763239875389408099688,0.7912772585669781931464174455,是
200日均线,双资产,2532,0.377106592989287535537253879,0.032359347251459967586790283,0.2886020184566812536631999555,2000-02-08,2000-05-23,-0.1983046031117482704091974632,2000-03-24,2000-04-24,-0.2512767209159864368251651080,2000-02-28,2000-05-23,-0.2288763898176557666936259186,2000-02-08,2000-07-31,0.1372558399067256276218332414,96,96,0.5418641390205371248025276461,0.59375,0.7395833333333333333333333333,否
200日均线,SPX,2532,0.175442272814985564030941333,0.016217945215578386402673475,0.2270300606758003321361880888,2007-07-19,2009-07-08,-0.1040112518365584498785439660,2000-04-11,2000-05-10,-0.1437241248784566762961658904,2000-01-20,2000-04-14,-0.1467284505028347155219556332,1999-12-31,2000-06-22,0.1010567490662494389537946139,96,96,0.5418641390205371248025276461,0.59375,0.7395833333333333333333333333,否
200日均线,QQQ,2532,0.548649129659238117861658085,0.044492385227496595513754887,0.4041406061181603619114695550,2000-03-06,2000-05-23,-0.2976627568531147832004378894,2000-03-24,2000-04-24,-0.3802796566837022290473836477,2000-02-28,2000-05-23,-0.3277894669546538827697607012,2000-02-10,2000-08-02,0.1887852856976811856077053468,96,96,0.5418641390205371248025276461,0.59375,0.7395833333333333333333333333,否
带缓冲带的200日均线,双资产,2532,0.360449151606036025680040626,0.031109705783218072884616200,0.2597654151243221083744666818,2000-03-24,2000-05-23,-0.1983046031117482704091974660,2000-03-24,2000-04-24,-0.1761245806882268238442499893,2000-02-28,2000-05-23,-0.1773474331740431363882462617,2000-03-27,2000-09-15,0.1386242764473160882201339871,38,38,0.5363349131121642969984202212,0.1842105263157894736842105263,0.4210526315789473684210526316,否
带缓冲带的200日均线,SPX,2532,0.179845600416186195112443541,0.016596189186016922486492054,0.2237861120903512401274315128,2007-07-19,2009-07-10,-0.1040112518365584498785439664,2000-04-11,2000-05-10,-0.1163932366039033562638967528,2007-10-09,2008-01-04,-0.1658568033581363741403315192,2007-07-19,2008-01-09,0.1026923998186079509815342202,38,38,0.5363349131121642969984202212,0.1842105263157894736842105263,0.4210526315789473684210526316,否
带缓冲带的200日均线,QQQ,2532,0.506604583433165466093956568,0.041635010491338552041853668,0.3810375426936213421951444660,2000-03-27,2000-05-23,-0.2976627568531147832004378892,2000-03-24,2000-04-24,-0.3080935244812826747248137591,2000-03-06,2000-05-31,-0.2775091618453485102375911834,2000-03-27,2000-09-15,0.1896181295033898690446187386,38,38,0.5363349131121642969984202212,0.1842105263157894736842105263,0.4210526315789473684210526316,否
一直持有,双资产,2532,-0.2275156003620214353693526012,-0.0253647725034561445240226265,0.6927744178111407695145844411,2000-03-24,2002-10-09,-0.2798154354701545672093564969,2008-09-12,2008-10-10,-0.4325418562290105169500831016,2008-08-27,2008-11-20,-0.4659616314824943010828611768,2008-06-03,2008-11-20,0.2708103616378787003406472210,0,0,,,,
一直持有,SPX,2532,-0.2172386982117072087082083662,-0.0240819572203125991541850112,0.5677538894035715426636424619,2007-10-09,2009-03-09,-0.2816010226092514180714228650,2008-09-12,2008-10-10,-0.4129176224583742958350888695,2008-08-27,2008-11-20,-0.4540385076296237117520172579,2008-09-12,2009-03-06,0.2220392144463245884977528649,0,0,,,,
一直持有,QQQ,2532,-0.3226995831997435075344661734,-0.0380370783678610328344260828,0.8296390658174097664543524405,2000-03-27,2002-10-09,-0.3110076891946580331849453663,2001-03-07,2001-04-04,-0.4530280333832655681575005335,2008-08-27,2008-11-20,-0.5581365169997404619776797313,2000-10-11,2001-04-04,0.3479246926489336865784588806,0,0,,,,
恒定暴露 ē（取v1.4 纯价格版（选定设定）的 ē）,双资产,2532,-0.0169705455896712921287633712,-0.0017020574623898554404670944,0.3588784430984863031479226058,2000-03-24,2002-10-09,-0.1229350587665025090505860146,2008-09-12,2008-10-10,-0.1979007331518369172035324180,2008-08-27,2008-11-20,-0.2165290765572884745125308590,2008-06-03,2008-11-20,0.1111263687763649169249338320,0,0,,,,
恒定暴露 ē（取v1.4 纯价格版（选定设定）的 ē）,SPX,2532,-0.0397700372771924027864372586,-0.0040308686199439475570489823,0.2733539228935324688801335184,2007-10-09,2009-03-09,-0.1231877945311673255638839327,2008-09-12,2008-10-10,-0.1855879509023674925688317071,2008-08-27,2008-11-20,-0.2083340744442440044934867953,2008-06-03,2008-11-20,0.09111324795013082442700048445,0,0,,,,
恒定暴露 ē（取v1.4 纯价格版（选定设定）的 ē）,QQQ,2532,-0.0135137854392881017292252133,-0.0013532280237866397282363760,0.4740680216970525033271879458,2000-03-27,2002-10-09,-0.1373229025072679372205921685,2001-03-07,2001-04-04,-0.2103861379491084328805862472,2008-08-27,2008-11-20,-0.2665469320087854233001435992,2000-09-22,2001-03-16,0.1427700456801904029838146827,0,0,,,,
恒定暴露 ē（取200日均线的 ē）,双资产,2532,-0.0476071907800627193133736061,-0.0048428892690181073342476966,0.4504890332818228723495319188,2000-03-24,2002-10-09,-0.1599035791740655821731906900,2008-09-12,2008-10-10,-0.2552627401671607230281010195,2008-08-27,2008-11-20,-0.2783160050746125324560385894,2008-06-03,2008-11-20,0.1467424234467494379412985724,0,0,,,,
恒定暴露 ē（取200日均线的 ē）,SPX,2532,-0.0687517136257725553987293033,-0.0070641080164038130311715789,0.3488155853923972930829302545,2007-10-09,2009-03-09,-0.1604011083891559383497691349,2008-09-12,2008-10-10,-0.2404109523325986628063657342,2008-08-27,2008-11-20,-0.2685809296392531183830425589,2008-06-03,2008-11-20,0.1203150877647540819190035268,0,0,,,,
恒定暴露 ē（取200日均线的 ē）,QQQ,2532,-0.0592698606369106675658069793,-0.0060624877773189728362978176,0.5823846062257284609633918178,2000-03-27,2002-10-09,-0.1784439737875322100358040916,2001-03-07,2001-04-04,-0.2704056197274008807195175798,2008-08-27,2008-11-20,-0.3405710157471460081354623953,2000-09-22,2001-03-16,0.1885279140261994541807447031,0,0,,,,
