symbol,peak_date,trough_date,m,classification,execution_date,r
SPX,2010-01-19,2010-02-08,0,②,2010-02-08,0
SPX,2010-01-19,2010-02-08,1,②,2010-02-09,0.1473954433629265162049417050
SPX,2010-01-19,2010-02-08,2,②,2010-02-10,0.1218312118943202481548828752
SPX,2010-01-19,2010-02-08,3,②,2010-02-11,0.2324312760723071986308696117
SPX,2010-01-19,2010-02-08,5,②,2010-02-16,0.4078511070702748957107712055
SPX,2010-01-19,2010-02-08,8,②,2010-02-19,0.5608086426355759974328805220
SPX,2010-01-19,2010-02-08,10,②,2010-02-23,0.4049630976575034763076264841
SPX,2010-01-19,2010-02-08,15,②,2010-03-02,0.6585731094234677505615573858
SPX,2010-04-23,2010-05-07,0,②,2010-05-07,0
SPX,2010-04-23,2010-05-07,1,②,2010-05-10,0.4591165413533834586466165414
SPX,2010-04-23,2010-05-07,2,②,2010-05-11,0.4220864661654135338345864662
SPX,2010-04-23,2010-05-07,3,②,2010-05-12,0.5713345864661654135338345865
SPX,2010-04-23,2010-05-07,5,②,2010-05-14,0.2330827067669172932330827068
SPX,2010-04-23,2010-05-07,8,③,2010-05-19,
SPX,2010-04-23,2010-05-07,10,③,2010-05-21,
SPX,2010-04-23,2010-05-07,15,③,2010-05-28,
SPX,2010-05-12,2010-06-07,0,②,2010-06-07,0
SPX,2010-05-12,2010-06-07,1,②,2010-06-08,0.09513201320132013201320132013
SPX,2010-05-12,2010-06-07,2,②,2010-06-09,0.04306930693069306930693069307
SPX,2010-05-12,2010-06-07,3,②,2010-06-10,0.3000825082508250825082508251
SPX,2010-05-12,2010-06-07,5,②,2010-06-14,0.3231023102310231023102310231
SPX,2010-05-12,2010-06-07,8,②,2010-06-17,0.5410066006600660066006600660
SPX,2010-05-12,2010-06-07,10,②,2010-06-21,0.5175742574257425742574257426
SPX,2010-05-12,2010-06-07,15,②,2010-06-28,0.1988448844884488448844884488
SPX,2010-06-18,2010-07-02,0,②,2010-07-02,0
SPX,2010-06-18,2010-07-02,1,②,2010-07-06,0.05772674602338565258611608554
SPX,2010-06-18,2010-07-02,2,②,2010-07-07,0.3970293900768987675129042452
SPX,2010-06-18,2010-07-02,3,②,2010-07-08,0.5021594859370062151058674813
SPX,2010-06-18,2010-07-02,5,②,2010-07-12,0.5916991467397029390076898768
SPX,2010-06-18,2010-07-02,8,②,2010-07-15,0.7784683450963868113346676498
SPX,2010-06-18,2010-07-02,10,②,2010-07-19,0.5126935636784999473296112925
SPX,2010-06-18,2010-07-02,15,②,2010-07-26,0.9736648056462656694406404719
SPX,2010-08-09,2010-08-26,0,②,2010-08-26,0
SPX,2010-08-09,2010-08-26,1,②,2010-08-27,0.2155889288817177609532083902
SPX,2010-08-09,2010-08-26,2,②,2010-08-30,0.02109966488767531339208141988
SPX,2010-08-09,2010-08-26,3,②,2010-08-31,0.02618840759587935956311282115
SPX,2010-08-09,2010-08-26,5,②,2010-09-02,0.5322080178726573166190889909
SPX,2010-08-09,2010-08-26,8,②,2010-09-08,0.6410574655578999627652972570
SPX,2010-08-09,2010-08-26,10,②,2010-09-10,0.7736130073228248727814322949
SPX,2010-08-09,2010-08-26,15,②,2010-09-17,0.9726945513218319473749534566
SPX,2011-02-18,2011-03-16,0,②,2011-03-16,0
SPX,2011-02-18,2011-03-16,1,②,2011-03-17,0.1955184024149541390920701266
SPX,2011-02-18,2011-03-16,2,②,2011-03-18,0.2592592592592592592592592593
SPX,2011-02-18,2011-03-16,3,②,2011-03-21,0.4818297921746197608266573784
SPX,2011-02-18,2011-03-16,5,②,2011-03-23,0.4720770927667479391617322652
SPX,2011-02-18,2011-03-16,8,②,2011-03-28,0.6189481017067223963775687914
SPX,2011-02-18,2011-03-16,10,②,2011-03-30,0.8287472425403459886218506908
SPX,2011-02-18,2011-03-16,15,②,2011-04-06,0.9132706374085684430512016719
SPX,2011-04-29,2011-06-15,0,②,2011-06-15,0
SPX,2011-04-29,2011-06-15,1,②,2011-06-16,0.02260922700886037274671555148
SPX,2011-04-29,2011-06-15,2,②,2011-06-17,0.06192076586210408391893268154
SPX,2011-04-29,2011-06-15,3,②,2011-06-20,0.1317853141867807312353600163
SPX,2011-04-29,2011-06-15,5,②,2011-06-22,0.2212037885731744576840818821
SPX,2011-04-29,2011-06-15,8,②,2011-06-27,0.1495060596802118341990019350
SPX,2011-04-29,2011-06-15,10,②,2011-06-29,0.4276402892351563295651288319
SPX,2011-04-29,2011-06-15,15,②,2011-07-07,0.8941847438639372644872186577
SPX,2011-07-07,2011-08-08,0,②,2011-08-08,0
SPX,2011-07-07,2011-08-08,1,②,2011-08-09,0.2270277207392197125256673511
SPX,2011-07-07,2011-08-08,2,②,2011-08-10,0.005561259411362080766598220397
SPX,2011-07-07,2011-08-08,3,②,2011-08-11,0.2274982888432580424366872005
SPX,2011-07-07,2011-08-08,5,②,2011-08-15,0.3637491444216290212183436003
SPX,2011-07-07,2011-08-08,8,③,2011-08-18,
SPX,2011-07-07,2011-08-08,10,③,2011-08-22,
SPX,2011-07-07,2011-08-08,15,③,2011-08-29,
SPX,2011-08-15,2011-08-19,0,②,2011-08-19,0
SPX,2011-08-15,2011-08-19,1,②,2011-08-22,0.003582015810276679841897233202
SPX,2011-08-15,2011-08-19,2,②,2011-08-23,0.4794960474308300395256916996
SPX,2011-08-15,2011-08-19,3,②,2011-08-24,0.6678606719367588932806324111
SPX,2011-08-15,2011-08-19,5,②,2011-08-26,0.6579792490118577075098814229
SPX,2011-08-15,2011-08-19,8,②,2011-08-31,1.177865612648221343873517787
SPX,2011-08-15,2011-08-19,10,②,2011-09-02,0.6230237154150197628458498024
SPX,2011-08-15,2011-08-19,15,③,2011-09-12,
SPX,2011-08-31,2011-09-09,0,②,2011-09-09,0
SPX,2011-08-31,2011-09-09,1,②,2011-09-12,0.1243427157438911227961645530
SPX,2011-08-31,2011-09-09,2,②,2011-09-13,0.2882771419733993195174760285
SPX,2011-08-31,2011-09-09,3,②,2011-09-14,0.5327868852459016393442622951
SPX,2011-08-31,2011-09-09,5,②,2011-09-16,0.9554593257036807918342097123
SPX,2011-08-31,2011-09-09,8,③,2011-09-21,
SPX,2011-08-31,2011-09-09,10,③,2011-09-23,
SPX,2011-08-31,2011-09-09,15,③,2011-09-30,
SPX,2011-09-16,2011-10-03,0,②,2011-10-03,0
SPX,2011-09-16,2011-10-03,1,②,2011-10-04,0.2116800822058571673231717760
SPX,2011-09-16,2011-10-03,2,②,2011-10-05,0.3836273334475081349546155164
SPX,2011-09-16,2011-10-03,3,②,2011-10-06,0.5629388593937318033909916082
SPX,2011-09-16,2011-10-03,5,②,2011-10-10,0.8191471142318890220928241137
SPX,2011-09-16,2011-10-03,8,②,2011-10-13,0.8942455899982873779756807673
SPX,2011-09-16,2011-10-03,10,②,2011-10-17,0.8702688816578181195410172975
SPX,2011-09-16,2011-10-03,15,②,2011-10-24,1.326939544442541531084089741
SPX,2011-10-28,2011-11-25,0,②,2011-11-25,0
SPX,2011-10-28,2011-11-25,1,②,2011-11-28,0.2679955703211517165005537099
SPX,2011-10-28,2011-11-25,2,②,2011-11-29,0.2888783420344882138902072457
SPX,2011-10-28,2011-11-25,3,②,2011-11-30,0.6983863312766967252017085904
SPX,2011-10-28,2011-11-25,5,②,2011-12-02,0.6771871539313399778516057586
SPX,2011-10-28,2011-11-25,8,②,2011-12-07,0.8095238095238095238095238095
SPX,2011-10-28,2011-11-25,10,②,2011-12-09,0.7634867900648631545641512419
SPX,2011-10-28,2011-11-25,15,②,2011-12-16,0.4824394874228761271950640721
SPX,2011-12-07,2011-12-19,0,②,2011-12-19,0
SPX,2011-12-07,2011-12-19,1,②,2011-12-20,0.6458857348185411426518145886
SPX,2011-12-07,2011-12-19,2,②,2011-12-21,0.6893639956881063600431189364
SPX,2011-12-07,2011-12-19,3,②,2011-12-22,0.8740567732662594322673374057
SPX,2011-12-07,2011-12-19,5,②,2011-12-27,1.079410707869205892921307941
SPX,2011-12-07,2011-12-19,8,②,2011-12-30,0.9387351778656126482213438735
SPX,2011-12-07,2011-12-19,10,②,2012-01-04,1.292669780812073302191879267
SPX,2011-12-07,2011-12-19,15,②,2012-01-11,1.565397053539346029464606540
SPX,2012-04-02,2012-06-01,0,②,2012-06-01,0
SPX,2012-04-02,2012-06-01,1,②,2012-06-04,0.0009929078014184397163120567376
SPX,2012-04-02,2012-06-01,2,②,2012-06-05,0.05290780141843971631205673759
SPX,2012-04-02,2012-06-01,3,②,2012-06-06,0.2630496453900709219858156028
SPX,2012-04-02,2012-06-01,5,②,2012-06-08,0.3377304964539007092198581560
SPX,2012-04-02,2012-06-01,8,②,2012-06-13,0.2612765957446808510638297872
SPX,2012-04-02,2012-06-01,10,②,2012-06-15,0.4595744680851063829787234043
SPX,2012-04-02,2012-06-01,15,②,2012-06-22,0.4041134751773049645390070922
SPX,2012-09-14,2012-11-15,0,②,2012-11-15,0
SPX,2012-09-14,2012-11-15,1,②,2012-11-16,0.05825329064389896833866951263
SPX,2012-09-14,2012-11-15,2,②,2012-11-19,0.2984702952685876912130914265
SPX,2012-09-14,2012-11-15,3,②,2012-11-20,0.3066524368552116684453930985
SPX,2012-09-14,2012-11-15,5,②,2012-11-23,0.4964425471362504446816079687
SPX,2012-09-14,2012-11-15,8,②,2012-11-28,0.5033795802205620775524724297
SPX,2012-09-14,2012-11-15,10,②,2012-11-30,0.5589647812166488794023479189
SPX,2012-09-14,2012-11-15,15,②,2012-12-07,0.5757737459978655282817502668
SPX,2013-05-21,2013-06-24,0,②,2013-06-24,0
SPX,2013-05-21,2013-06-24,1,②,2013-06-25,0.1555116061205371083584886021
SPX,2013-05-21,2013-06-24,2,②,2013-06-26,0.3140418444883938794628916415
SPX,2013-05-21,2013-06-24,3,②,2013-06-27,0.4175080670344540439263037369
SPX,2013-05-21,2013-06-24,5,②,2013-07-01,0.4358280420526699281773706672
SPX,2013-05-21,2013-06-24,8,②,2013-07-05,0.6120537108358488602060997190
SPX,2013-05-21,2013-06-24,10,②,2013-07-09,0.8247111481211616529613823254
SPX,2013-05-21,2013-06-24,15,②,2013-07-16,1.073904444675757260331008640
SPX,2013-08-02,2013-08-27,0,②,2013-08-27,0
SPX,2013-08-02,2013-08-27,1,②,2013-08-28,0.05657279959590857431493875489
SPX,2013-08-02,2013-08-27,2,②,2013-08-29,0.09710822073494128046470513954
SPX,2013-08-02,2013-08-27,3,②,2013-08-30,0.03144336406111882813486551332
SPX,2013-08-02,2013-08-27,5,②,2013-09-04,0.2853895693900745043566106832
SPX,2013-08-02,2013-08-27,8,②,2013-09-09,0.5206465462810960979921707286
SPX,2013-08-02,2013-08-27,10,②,2013-09-11,0.7406238161384013132971334764
SPX,2013-08-02,2013-08-27,15,②,2013-09-18,1.200151534284631897966915015
SPX,2013-09-18,2013-10-08,0,②,2013-10-08,0
SPX,2013-09-18,2013-10-08,1,②,2013-10-09,0.01355787070072784358498644213
SPX,2013-09-18,2013-10-08,2,②,2013-10-10,0.5296132438989581846724703868
SPX,2013-09-18,2013-10-08,3,②,2013-10-11,0.6814613957471100328243185386
SPX,2013-09-18,2013-10-08,5,②,2013-10-15,0.6081061795347509633223918938
SPX,2013-09-18,2013-10-08,8,②,2013-10-18,1.270871985157699443413729128
SPX,2013-09-18,2013-10-08,10,②,2013-10-22,1.416012558869701726844583987
SPX,2013-09-18,2013-10-08,15,②,2013-10-29,1.662623091194519765948337377
SPX,2014-01-15,2014-02-03,0,②,2014-02-03,0
SPX,2014-01-15,2014-02-03,1,②,2014-02-04,0.1249882618086205277490844211
SPX,2014-01-15,2014-02-03,2,②,2014-02-05,0.09155789275988355714151563527
SPX,2014-01-15,2014-02-03,3,②,2014-02-06,0.2961780448868438351018875012
SPX,2014-01-15,2014-02-03,5,②,2014-02-10,0.5441825523523335524462390835
SPX,2014-01-15,2014-02-03,8,②,2014-02-13,0.8258052399286317964128087144
SPX,2014-01-15,2014-02-03,10,②,2014-02-18,0.9284439853507371584186308574
SPX,2014-01-15,2014-02-03,15,②,2014-02-25,0.9693867968823363696121701568
SPX,2014-09-18,2014-10-15,0,②,2014-10-15,0
SPX,2014-09-18,2014-10-15,1,②,2014-10-16,0.001813662927386310203533284073
SPX,2014-09-18,2014-10-15,2,②,2014-10-17,0.1630281453617249949620474239
SPX,2014-09-18,2014-10-15,3,②,2014-10-20,0.2789010546114059246322294619
SPX,2014-09-18,2014-10-15,5,②,2014-10-22,0.4340699939544569087122993216
SPX,2014-09-18,2014-10-15,8,②,2014-10-27,0.6659501578558473836232954927
SPX,2014-09-18,2014-10-15,10,②,2014-10-29,0.8047961308524215758715657957
SPX,2014-09-18,2014-10-15,15,②,2014-11-05,1.082017867938469805870894069
SPX,2014-12-05,2014-12-16,0,②,2014-12-16,0
SPX,2014-12-05,2014-12-16,1,②,2014-12-17,0.3912111468381564844587352626
SPX,2014-12-05,2014-12-16,2,②,2014-12-18,0.8622235213875085257721913670
SPX,2014-12-05,2014-12-16,3,②,2014-12-19,0.9540095488648543310922732145
SPX,2014-12-05,2014-12-16,5,②,2014-12-23,1.066257429601481048426386047
SPX,2014-12-05,2014-12-16,8,②,2014-12-29,1.148104842638604696482509987
SPX,2014-12-05,2014-12-16,10,②,2014-12-31,0.8395206080093539900613855598
SPX,2014-12-05,2014-12-16,15,③,2015-01-08,
SPX,2014-12-29,2015-01-15,0,②,2015-01-15,0
SPX,2014-12-29,2015-01-15,1,②,2015-01-16,0.2732379979570990806945863126
SPX,2014-12-29,2015-01-15,2,②,2015-01-20,0.3052093973442288049029622063
SPX,2014-12-29,2015-01-15,3,②,2015-01-21,0.4029622063329928498467824311
SPX,2014-12-29,2015-01-15,5,②,2015-01-23,0.6041879468845760980592441267
SPX,2014-12-29,2015-01-15,8,②,2015-01-28,0.09693564862104187946884576098
SPX,2014-12-29,2015-01-15,10,②,2015-01-30,0.02369765066394279877425944842
SPX,2014-12-29,2015-01-15,15,②,2015-02-06,0.6414708886618998978549540347
SPX,2015-05-21,2015-08-25,0,②,2015-08-25,0
SPX,2015-05-21,2015-08-25,1,②,2015-08-26,0.2769651608981421678507655484
SPX,2015-05-21,2015-08-25,2,②,2015-08-27,0.4560996922609323353975912769
SPX,2015-05-21,2015-08-25,3,②,2015-08-28,0.4606967820371566429846890316
SPX,2015-05-21,2015-08-25,5,②,2015-09-01,0.1756772159112495725846282436
SPX,2015-05-21,2015-08-25,8,②,2015-09-04,0.2036776718209794460696782037
SPX,2015-05-21,2015-08-25,10,②,2015-09-09,0.2827780099540291022377569241
SPX,2015-05-21,2015-08-25,15,②,2015-09-16,0.4851639375403670073325481555
SPX,2015-09-16,2015-09-28,0,②,2015-09-28,0
SPX,2015-09-16,2015-09-28,1,②,2015-09-29,0.02043332746168751100933591686
SPX,2015-09-16,2015-09-28,2,②,2015-09-30,0.3369737537431742117315483530
SPX,2015-09-16,2015-09-28,3,②,2015-10-01,0.3703540602430861370442134930
SPX,2015-09-16,2015-09-28,5,②,2015-10-05,0.9272503082614056720098643650
SPX,2015-09-16,2015-09-28,8,②,2015-10-08,1.159591333450766249779813282
SPX,2015-09-16,2015-09-28,10,②,2015-10-12,1.195085432446714814162409723
SPX,2015-09-16,2015-09-28,15,②,2015-10-19,1.337766425929187951382772591
SPX,2015-11-03,2016-02-11,0,②,2016-02-11,0
SPX,2015-11-03,2016-02-11,1,②,2016-02-12,0.1271775141605215346799187774
SPX,2015-11-03,2016-02-11,2,②,2016-02-16,0.2368992910833244273449467422
SPX,2015-11-03,2016-02-11,3,②,2016-02-17,0.3481885219621673613337608208
SPX,2015-11-03,2016-02-11,5,②,2016-02-19,0.3159844679562537850450643012
SPX,2015-11-03,2016-02-11,8,②,2016-02-24,0.3588044601189840048448576823
SPX,2015-11-03,2016-02-11,10,②,2016-02-26,0.4238181753410993552064408108
SPX,2015-11-03,2016-02-11,15,②,2016-03-04,0.6088489900609169605642834242
SPX,2016-06-08,2016-06-27,0,②,2016-06-27,0
SPX,2016-06-08,2016-06-27,1,②,2016-06-28,0.2997976049924101872153820206
SPX,2016-06-08,2016-06-27,2,②,2016-06-29,0.5922583909596896609883622871
SPX,2016-06-08,2016-06-27,3,②,2016-06-30,0.8291448810929330409849890369
SPX,2016-06-08,2016-06-27,5,②,2016-07-05,0.7421993590824759655928487097
SPX,2016-06-08,2016-06-27,8,②,2016-07-08,1.090909090909090909090909091
SPX,2016-06-08,2016-06-27,10,②,2016-07-12,1.278461797942317422836903356
SPX,2016-06-08,2016-06-27,15,②,2016-07-19,1.376623376623376623376623377
SPX,2016-08-15,2016-11-04,0,②,2016-11-04,0
SPX,2016-08-15,2016-11-04,1,②,2016-11-07,0.4414594646089358864437458321
SPX,2016-08-15,2016-11-04,2,②,2016-11-08,0.5180527769839001619510336287
SPX,2016-08-15,2016-11-04,3,②,2016-11-09,0.7438315709250261979613222826
SPX,2016-08-15,2016-11-04,5,②,2016-11-11,0.7551681432790321044107840335
SPX,2016-08-15,2016-11-04,8,②,2016-11-16,0.8741545203391445174811851005
SPX,2016-08-15,2016-11-04,10,②,2016-11-18,0.9214061160331523292369248357
SPX,2016-08-15,2016-11-04,15,②,2016-11-28,1.110221968181385157664094503
QQQ,2010-01-19,2010-02-04,0,②,2010-02-04,0
QQQ,2010-01-19,2010-02-04,1,②,2010-02-05,0.09068010075566750629722921914
QQQ,2010-01-19,2010-02-04,2,②,2010-02-08,0.01259445843828715365239294710
QQQ,2010-01-19,2010-02-04,3,②,2010-02-09,0.1234256926952141057934508816
QQQ,2010-01-19,2010-02-04,5,②,2010-02-11,0.2644836272040302267002518892
QQQ,2010-01-19,2010-02-04,8,②,2010-02-17,0.4911838790931989924433249370
QQQ,2010-01-19,2010-02-04,10,②,2010-02-19,0.5566750629722921914357682620
QQQ,2010-01-19,2010-02-04,15,②,2010-02-26,0.5390428211586901763224181360
QQQ,2010-04-23,2010-05-07,0,②,2010-05-07,0
QQQ,2010-04-23,2010-05-07,1,②,2010-05-10,0.4618395303326810176125244618
QQQ,2010-04-23,2010-05-07,2,②,2010-05-11,0.4520547945205479452054794521
QQQ,2010-04-23,2010-05-07,3,②,2010-05-12,0.6281800391389432485322896282
QQQ,2010-04-23,2010-05-07,5,②,2010-05-14,0.2974559686888454011741682975
QQQ,2010-04-23,2010-05-07,8,③,2010-05-19,
QQQ,2010-04-23,2010-05-07,10,③,2010-05-21,
QQQ,2010-04-23,2010-05-07,15,③,2010-05-28,
QQQ,2010-05-12,2010-06-09,0,②,2010-06-09,0
QQQ,2010-05-12,2010-06-09,1,②,2010-06-10,0.2604166666666666666666666667
QQQ,2010-05-12,2010-06-09,2,②,2010-06-11,0.35
QQQ,2010-05-12,2010-06-09,3,②,2010-06-14,0.3479166666666666666666666667
QQQ,2010-05-12,2010-06-09,5,②,2010-06-16,0.6416666666666666666666666667
QQQ,2010-05-12,2010-06-09,8,②,2010-06-21,0.5791666666666666666666666667
QQQ,2010-05-12,2010-06-09,10,②,2010-06-23,0.4645833333333333333333333333
QQQ,2010-05-12,2010-06-09,15,③,2010-06-30,
QQQ,2010-06-17,2010-07-02,0,②,2010-07-02,0
QQQ,2010-06-17,2010-07-02,1,②,2010-07-06,0.02838427947598253275109170306
QQQ,2010-06-17,2010-07-02,2,②,2010-07-07,0.3253275109170305676855895197
QQQ,2010-06-17,2010-07-02,3,②,2010-07-08,0.3777292576419213973799126638
QQQ,2010-06-17,2010-07-02,5,②,2010-07-12,0.4978165938864628820960698690
QQQ,2010-06-17,2010-07-02,8,②,2010-07-15,0.6834061135371179039301310044
QQQ,2010-06-17,2010-07-02,10,②,2010-07-19,0.4912663755458515283842794760
QQQ,2010-06-17,2010-07-02,15,②,2010-07-26,0.8668122270742358078602620087
QQQ,2010-08-09,2010-08-31,0,②,2010-08-31,0
QQQ,2010-08-09,2010-08-31,1,②,2010-09-01,0.3591160220994475138121546961
QQQ,2010-08-09,2010-08-31,2,②,2010-09-02,0.4972375690607734806629834254
QQQ,2010-08-09,2010-08-31,3,②,2010-09-03,0.7044198895027624309392265193
QQQ,2010-08-09,2010-08-31,5,②,2010-09-08,0.7707182320441988950276243094
QQQ,2010-08-09,2010-08-31,8,②,2010-09-13,1.046961325966850828729281768
QQQ,2010-08-09,2010-08-31,10,②,2010-09-15,1.185082872928176795580110497
QQQ,2010-08-09,2010-08-31,15,②,2010-09-22,1.444751381215469613259668508
QQQ,2011-02-16,2011-03-16,0,②,2011-03-16,0
QQQ,2011-02-16,2011-03-16,1,②,2011-03-17,0.1057082452431289640591966173
QQQ,2011-02-16,2011-03-16,2,②,2011-03-18,0.06342494714587737843551797040
QQQ,2011-02-16,2011-03-16,3,②,2011-03-21,0.2854122621564482029598308668
QQQ,2011-02-16,2011-03-16,5,②,2011-03-23,0.3298097251585623678646934461
QQQ,2011-02-16,2011-03-16,8,②,2011-03-28,0.5031712473572938689217758985
QQQ,2011-02-16,2011-03-16,10,②,2011-03-30,0.6765327695560253699788583510
QQQ,2011-02-16,2011-03-16,15,②,2011-04-06,0.6575052854122621564482029598
QQQ,2011-04-27,2011-06-17,0,②,2011-06-17,0
QQQ,2011-04-27,2011-06-17,1,②,2011-06-20,0.05156537753222836095764272560
QQQ,2011-04-27,2011-06-17,2,②,2011-06-21,0.2651933701657458563535911602
QQQ,2011-04-27,2011-06-17,3,②,2011-06-22,0.1915285451197053406998158379
QQQ,2011-04-27,2011-06-17,5,②,2011-06-24,0.1086556169429097605893186004
QQQ,2011-04-27,2011-06-17,8,②,2011-06-29,0.4622467771639042357274401473
QQQ,2011-04-27,2011-06-17,10,②,2011-07-01,0.7587476979742173112338858195
QQQ,2011-04-27,2011-06-17,15,②,2011-07-11,0.7679558011049723756906077348
QQQ,2011-07-26,2011-08-08,0,②,2011-08-08,0
QQQ,2011-07-26,2011-08-08,1,②,2011-08-09,0.2699115044247787610619469027
QQQ,2011-07-26,2011-08-08,2,②,2011-08-10,0.02986725663716814159292035398
QQQ,2011-07-26,2011-08-08,3,②,2011-08-11,0.2776548672566371681415929204
QQQ,2011-07-26,2011-08-08,5,②,2011-08-15,0.4170353982300884955752212389
QQQ,2011-07-26,2011-08-08,8,③,2011-08-18,
QQQ,2011-07-26,2011-08-08,10,③,2011-08-22,
QQQ,2011-07-26,2011-08-08,15,③,2011-08-29,
QQQ,2011-08-15,2011-08-19,0,②,2011-08-19,0
QQQ,2011-08-15,2011-08-19,1,②,2011-08-22,0.04157043879907621247113163972
QQQ,2011-08-15,2011-08-19,2,②,2011-08-23,0.5196304849884526558891454965
QQQ,2011-08-15,2011-08-19,3,②,2011-08-24,0.6143187066974595842956120092
QQQ,2011-08-15,2011-08-19,5,②,2011-08-26,0.7159353348729792147806004619
QQQ,2011-08-15,2011-08-19,8,②,2011-08-31,1.161662817551963048498845266
QQQ,2011-08-15,2011-08-19,10,②,2011-09-02,0.7505773672055427251732101617
QQQ,2011-08-15,2011-08-19,15,②,2011-09-12,0.8845265588914549653579676674
QQQ,2011-09-19,2011-10-03,0,②,2011-10-03,0
QQQ,2011-09-19,2011-10-03,1,②,2011-10-04,0.1919561243144424131627056673
QQQ,2011-09-19,2011-10-03,2,②,2011-10-05,0.4369287020109689213893967093
QQQ,2011-09-19,2011-10-03,3,②,2011-10-06,0.6014625228519195612431444241
QQQ,2011-09-19,2011-10-03,5,②,2011-10-10,0.8775137111517367458866544790
QQQ,2011-09-19,2011-10-03,8,②,2011-10-13,1.093235831809872029250457038
QQQ,2011-09-19,2011-10-03,10,②,2011-10-17,1.122486288848263254113345521
QQQ,2011-09-19,2011-10-03,15,②,2011-10-24,1.343692870201096892138939671
QQQ,2011-10-28,2011-11-25,0,②,2011-11-25,0
QQQ,2011-10-28,2011-11-25,1,②,2011-11-28,0.3036303630363036303630363036
QQQ,2011-10-28,2011-11-25,2,②,2011-11-29,0.2475247524752475247524752475
QQQ,2011-10-28,2011-11-25,3,②,2011-11-30,0.5792079207920792079207920792
QQQ,2011-10-28,2011-11-25,5,②,2011-12-02,0.6171617161716171617161716172
QQQ,2011-10-28,2011-11-25,8,②,2011-12-07,0.6930693069306930693069306931
QQQ,2011-10-28,2011-11-25,10,②,2011-12-09,0.6831683168316831683168316832
QQQ,2011-10-28,2011-11-25,15,②,2011-12-16,0.3267326732673267326732673267
QQQ,2011-12-05,2011-12-19,0,②,2011-12-19,0
QQQ,2011-12-05,2011-12-19,1,②,2011-12-20,0.5513698630136986301369863014
QQQ,2011-12-05,2011-12-19,2,②,2011-12-21,0.2773972602739726027397260274
QQQ,2011-12-05,2011-12-19,3,②,2011-12-22,0.4383561643835616438356164384
QQQ,2011-12-05,2011-12-19,5,②,2011-12-27,0.6575342465753424657534246575
QQQ,2011-12-05,2011-12-19,8,②,2011-12-30,0.5171232876712328767123287671
QQQ,2011-12-05,2011-12-19,10,②,2012-01-04,0.9657534246575342465753424658
QQQ,2011-12-05,2011-12-19,15,②,2012-01-11,1.315068493150684931506849315
QQQ,2012-04-02,2012-06-01,0,②,2012-06-01,0
QQQ,2012-04-02,2012-06-01,1,②,2012-06-04,0.05867346938775510204081632653
QQQ,2012-04-02,2012-06-01,2,②,2012-06-05,0.09056122448979591836734693878
QQQ,2012-04-02,2012-06-01,3,②,2012-06-06,0.2691326530612244897959183673
QQQ,2012-04-02,2012-06-01,5,②,2012-06-08,0.3137755102040816326530612245
QQQ,2012-04-02,2012-06-01,8,②,2012-06-13,0.2193877551020408163265306122
QQQ,2012-04-02,2012-06-01,10,②,2012-06-15,0.3290816326530612244897959184
QQQ,2012-04-02,2012-06-01,15,②,2012-06-22,0.375
QQQ,2012-09-19,2012-11-15,0,②,2012-11-15,0
QQQ,2012-09-19,2012-11-15,1,②,2012-11-16,0.03225806451612903225806451613
QQQ,2012-09-19,2012-11-15,2,②,2012-11-19,0.2090800477897252090800477897
QQQ,2012-09-19,2012-11-15,3,②,2012-11-20,0.2114695340501792114695340502
QQQ,2012-09-19,2012-11-15,5,②,2012-11-23,0.3428912783751493428912783751
QQQ,2012-09-19,2012-11-15,8,②,2012-11-28,0.4169653524492234169653524492
QQQ,2012-09-19,2012-11-15,10,②,2012-11-30,0.4504181600955794504181600956
QQQ,2012-09-19,2012-11-15,15,②,2012-12-07,0.3464755077658303464755077658
QQQ,2013-05-17,2013-06-24,0,②,2013-06-24,0
QQQ,2013-05-17,2013-06-24,1,②,2013-06-25,0.1115973741794310722100656455
QQQ,2013-05-17,2013-06-24,2,②,2013-06-26,0.2494529540481400437636761488
QQQ,2013-05-17,2013-06-24,3,②,2013-06-27,0.3150984682713347921225382932
QQQ,2013-05-17,2013-06-24,5,②,2013-07-01,0.4332603938730853391684901532
QQQ,2013-05-17,2013-06-24,8,②,2013-07-05,0.6236323851203501094091903720
QQQ,2013-05-17,2013-06-24,10,②,2013-07-09,0.7352297592997811816192560175
QQQ,2013-05-17,2013-06-24,15,②,2013-07-16,1.234135667396061269146608315
QQQ,2014-01-22,2014-02-03,0,②,2014-02-03,0
QQQ,2014-01-22,2014-02-03,1,②,2014-02-04,0.1380846325167037861915367483
QQQ,2014-01-22,2014-02-03,2,②,2014-02-05,0.08908685968819599109131403118
QQQ,2014-01-22,2014-02-03,3,②,2014-02-06,0.3296213808463251670378619154
QQQ,2014-01-22,2014-02-03,5,②,2014-02-10,0.7817371937639198218262806236
QQQ,2014-01-22,2014-02-03,8,②,2014-02-13,1.189309576837416481069042316
QQQ,2014-01-22,2014-02-03,10,②,2014-02-18,1.327394209354120267260579065
QQQ,2014-01-22,2014-02-03,15,②,2014-02-25,1.340757238307349665924276169
QQQ,2014-03-05,2014-04-11,0,②,2014-04-11,0
QQQ,2014-03-05,2014-04-11,1,②,2014-04-14,0.09496402877697841726618705036
QQQ,2014-03-05,2014-04-11,2,②,2014-04-15,0.1352517985611510791366906475
QQQ,2014-03-05,2014-04-11,3,②,2014-04-16,0.2978417266187050359712230216
QQQ,2014-03-05,2014-04-11,5,②,2014-04-21,0.3928057553956834532374100719
QQQ,2014-03-05,2014-04-11,8,②,2014-04-24,0.5007194244604316546762589928
QQQ,2014-03-05,2014-04-11,10,②,2014-04-28,0.3395683453237410071942446043
QQQ,2014-03-05,2014-04-11,15,②,2014-05-05,0.5525179856115107913669064748
QQQ,2014-09-18,2014-10-16,0,②,2014-10-16,0
QQQ,2014-09-18,2014-10-16,1,②,2014-10-17,0.1425206124852767962308598351
QQQ,2014-09-18,2014-10-16,2,②,2014-10-20,0.3062426383981154299175500589
QQQ,2014-09-18,2014-10-16,3,②,2014-10-21,0.5983510011778563015312131920
QQQ,2014-09-18,2014-10-16,5,②,2014-10-23,0.7102473498233215547703180212
QQQ,2014-09-18,2014-10-16,8,②,2014-10-28,0.9882214369846878680800942285
QQQ,2014-09-18,2014-10-16,10,②,2014-10-30,0.9693757361601884570082449941
QQQ,2014-09-18,2014-10-16,15,②,2014-11-06,1.166077738515901060070671378
QQQ,2014-11-28,2015-01-15,0,②,2015-01-15,0
QQQ,2014-11-28,2015-01-15,1,②,2015-01-16,0.1839622641509433962264150943
QQQ,2014-11-28,2015-01-15,2,②,2015-01-20,0.3097484276729559748427672956
QQQ,2014-11-28,2015-01-15,3,②,2015-01-21,0.3915094339622641509433962264
QQQ,2014-11-28,2015-01-15,5,②,2015-01-23,0.7248427672955974842767295597
QQQ,2014-11-28,2015-01-15,8,②,2015-01-28,0.1996855345911949685534591195
QQQ,2014-11-28,2015-01-15,10,②,2015-01-30,0.2279874213836477987421383648
QQQ,2014-11-28,2015-01-15,15,②,2015-02-06,0.5471698113207547169811320755
QQQ,2015-07-20,2015-08-25,0,②,2015-08-25,0
QQQ,2015-07-20,2015-08-25,1,②,2015-08-26,0.3108873505349276274386406545
QQQ,2015-07-20,2015-08-25,2,②,2015-08-27,0.4751415984896161107614852108
QQQ,2015-07-20,2015-08-25,3,②,2015-08-28,0.4738829452485840151038388924
QQQ,2015-07-20,2015-08-25,5,②,2015-09-01,0.1862806796727501573316551290
QQQ,2015-07-20,2015-08-25,8,②,2015-09-04,0.2561359345500314663310258024
QQQ,2015-07-20,2015-08-25,10,②,2015-09-09,0.3631214600377595972309628697
QQQ,2015-07-20,2015-08-25,15,②,2015-09-16,0.5663939584644430459408432977
QQQ,2015-09-17,2015-09-29,0,②,2015-09-29,0
QQQ,2015-09-17,2015-09-29,1,②,2015-09-30,0.2989556135770234986945169713
QQQ,2015-09-17,2015-09-29,2,②,2015-10-01,0.3590078328981723237597911227
QQQ,2015-09-17,2015-09-29,3,②,2015-10-02,0.5926892950391644908616187990
QQQ,2015-09-17,2015-09-29,5,②,2015-10-06,0.7219321148825065274151436031
QQQ,2015-09-17,2015-09-29,8,②,2015-10-09,0.9216710182767624020887728460
QQQ,2015-09-17,2015-09-29,10,②,2015-10-13,0.8655352480417754569190600522
QQQ,2015-09-17,2015-09-29,15,②,2015-10-20,1.137075718015665796344647520
QQQ,2015-12-01,2016-02-09,0,②,2016-02-09,0
QQQ,2015-12-01,2016-02-09,1,②,2016-02-10,0.01963906581740976645435244161
QQQ,2015-12-01,2016-02-09,2,②,2016-02-11,0.01220806794055201698513800425
QQQ,2015-12-01,2016-02-09,3,②,2016-02-12,0.09023354564755838641188959660
QQQ,2015-12-01,2016-02-09,5,②,2016-02-17,0.3280254777070063694267515924
QQQ,2015-12-01,2016-02-09,8,②,2016-02-22,0.3694267515923566878980891720
QQQ,2015-12-01,2016-02-09,10,②,2016-02-24,0.3306794055201698513800424628
QQQ,2015-12-01,2016-02-09,15,②,2016-03-02,0.5047770700636942675159235669
QQQ,2016-04-18,2016-06-27,0,②,2016-06-27,0
QQQ,2016-04-18,2016-06-27,1,②,2016-06-28,0.2486126526082130965593784684
QQQ,2016-04-18,2016-06-27,2,②,2016-06-29,0.4539400665926748057713651498
QQQ,2016-04-18,2016-06-27,3,②,2016-06-30,0.5904550499445061043285238624
QQQ,2016-04-18,2016-06-27,5,②,2016-07-05,0.5771365149833518312985571587
QQQ,2016-04-18,2016-06-27,8,②,2016-07-08,0.8967813540510543840177580466
QQQ,2016-04-18,2016-06-27,10,②,2016-07-12,1.028856825749167591564927858
QQQ,2016-04-18,2016-06-27,15,②,2016-07-19,1.099889012208657047724750277
