symbol,m,included,class_2,class_3,window_short,main_n,main_min,main_p25,main_median,main_p75,main_max,conservative_n,conservative_min,conservative_p25,conservative_median,conservative_p75,conservative_max,median_le_060,both_limits,conservative_both
SPX,0,27,27,0,0,27,0,0.00,0,0.00,0,27,0,0.00,0,0.00,0,True,True,True
SPX,1,27,27,0,0,27,0.0009929078014184397163120567376,0.05714977280964711345052742021,0.1473954433629265162049417050,0.2706167841391253985975700113,0.6458857348185411426518145886,27,0.0009929078014184397163120567376,0.05714977280964711345052742021,0.1473954433629265162049417050,0.2706167841391253985975700113,0.6458857348185411426518145886,True,True,True
SPX,2,27,27,0,0,27,0.005561259411362080766598220397,0.1094697163146307643097940074,0.2984702952685876912130914265,0.4390930792131729346160888715,0.8622235213875085257721913670,27,0.005561259411362080766598220397,0.1094697163146307643097940074,0.2984702952685876912130914265,0.4390930792131729346160888715,0.8622235213875085257721913670,True,True,True
SPX,3,27,27,0,0,27,0.02618840759587935956311282115,0.2875395497491248798670584816,0.4175080670344540439263037369,0.6195976292014621534072334988,0.9540095488648543310922732145,27,0.02618840759587935956311282115,0.2875395497491248798670584816,0.4175080670344540439263037369,0.6195976292014621534072334988,0.9540095488648543310922732145,True,True,True
SPX,5,27,27,0,0,27,0.1756772159112495725846282436,0.3507398204377648652191008782,0.5322080178726573166190889909,0.7096932565069079717222272341,1.079410707869205892921307941,27,0.1756772159112495725846282436,0.3507398204377648652191008782,0.5322080178726573166190889909,0.7096932565069079717222272341,1.079410707869205892921307941,True,True,True
SPX,8,27,24,3,0,24,0.09693564862104187946884576098,0.5163298047659625928822461538,0.6535038117068736731942963749,0.9053679869651186955370965439,1.270871985157699443413729128,27,0.09693564862104187946884576098,0.5308265734705810522964153973,0.7784683450963868113346676498,1.119506966773847802786709539,超限,False,False,False
SPX,10,27,24,3,0,24,0.02369765066394279877425944842,0.4994137897801515562418893205,0.7685498986938440136727917684,0.8830531902516516719649941820,1.416012558869701726844583987,27,0.02369765066394279877425944842,0.5151339105521212607935185175,0.8047961308524215758715657957,1.061764708898725986290520290,超限,False,False,False
SPX,15,27,22,5,0,22,0.1988448844884488448844884488,0.6170044647111626948869510769,0.9710406741020841584935618067,1.177669142758820212891209887,1.662623091194519765948337377,27,0.1988448844884488448844884488,0.6500219990426838242082557103,1.073904444675757260331008640,1.471010215081361326420614958,超限,False,False,False
QQQ,0,23,23,0,0,23,0,0.00,0,0.00,0,23,0,0.00,0,0.00,0,True,True,True
QQQ,1,23,23,0,0,23,0.01963906581740976645435244161,0.07467678507171130416902277283,0.1425206124852767962308598351,0.2844335590009011298782319370,0.5513698630136986301369863014,23,0.01963906581740976645435244161,0.07467678507171130416902277283,0.1425206124852767962308598351,0.2844335590009011298782319370,0.5513698630136986301369863014,True,True,True
QQQ,2,23,23,0,0,23,0.01220806794055201698513800425,0.1129065115254734987520187931,0.2773972602739726027397260274,0.3979682674545706225745939160,0.5196304849884526558891454965,23,0.01220806794055201698513800425,0.1129065115254734987520187931,0.2773972602739726027397260274,0.3979682674545706225745939160,0.5196304849884526558891454965,True,True,True
QQQ,3,23,23,0,0,23,0.09023354564755838641188959660,0.2815335647065426855507118936,0.3777292576419213973799126638,0.5915721724918352975950713307,0.7044198895027624309392265193,23,0.09023354564755838641188959660,0.2815335647065426855507118936,0.3777292576419213973799126638,0.5915721724918352975950713307,0.7044198895027624309392265193,True,True,True
QQQ,5,23,23,0,0,23,0.1086556169429097605893186004,0.3289176014327843686457225192,0.4978165938864628820960698690,0.7130913423481503847754592416,0.8775137111517367458866544790,23,0.1086556169429097605893186004,0.3289176014327843686457225192,0.4978165938864628820960698690,0.7130913423481503847754592416,0.8775137111517367458866544790,True,True,True
QQQ,8,23,21,2,0,21,0.1996855345911949685534591195,0.4622467771639042357274401473,0.5791666666666666666666666667,0.9216710182767624020887728460,1.189309576837416481069042316,23,0.1996855345911949685534591195,0.4767153281285516140853825421,0.6236323851203501094091903720,1.017591381475769348404687998,超限,True,True,False
QQQ,10,23,21,2,0,21,0.2279874213836477987421383648,0.4504181600955794504181600956,0.6831683168316831683168316832,0.9657534246575342465753424658,1.327394209354120267260579065,23,0.2279874213836477987421383648,0.4575007467144563918757467144,0.7352297592997811816192560175,0.9991162809546780242865864260,超限,False,False,False
QQQ,15,23,20,3,0,20,0.3267326732673267326732673267,0.5451380637802385818164535906,0.8173840140896040917754348718,1.183092220735941112339655612,1.444751381215469613259668508,23,0.3267326732673267326732673267,0.5498438984661327541740192752,0.8845265588914549653579676674,1.327912865729017298715562742,超限,False,False,False
