symbol,peak_date,trough_date,end_date,next_t0,peak_close,trough_close,end_close,event_decline_fraction,r_end
SPX,2010-01-19,2010-02-08,2010-03-01,2010-05-05,1150.23,1056.74,1115.71,0.08127939629465411265572972362,0.6307626484115948229757193283
SPX,2010-04-23,2010-05-07,2010-05-12,2010-05-18,1217.28,1110.88,1171.67,0.08740799158780231335436382755,0.5713345864661654135338345865
SPX,2010-05-12,2010-06-07,2010-06-15,2010-06-29,1171.67,1050.47,1115.23,0.1034420954705676513011342784,0.5343234323432343234323432343
SPX,2010-06-18,2010-07-02,2010-07-09,2010-08-13,1117.51,1022.58,1077.96,0.08494778570214136786247997781,0.5833772253239228905509322659
SPX,2010-08-09,2010-08-26,2010-09-03,2011-03-15,1127.79,1047.22,1104.51,0.07144060507718635561585046862,0.7110587067146580613131438501
SPX,2011-02-18,2011-03-16,2011-03-30,2011-06-03,1343.01,1256.88,1328.26,0.06413206156320503942636316930,0.8287472425403459886218506908
SPX,2011-04-29,2011-06-15,2011-07-01,2011-07-29,1363.61,1265.42,1339.67,0.07200739214291476301875169587,0.7561869844179651695692025665
SPX,2011-07-07,2011-08-08,2011-08-12,2011-08-18,1353.22,1119.46,1178.81,0.1727435302463753122182645837,0.2538928815879534565366187543
SPX,2011-08-15,2011-08-19,2011-08-29,2011-09-06,1204.49,1123.53,1210.08,0.06721516990593529211533512109,1.069046442687747035573122530
SPX,2011-08-31,2011-09-09,2011-09-16,2011-09-21,1218.89,1154.23,1216.01,0.05304826522491775303759978341,0.9554593257036807918342097123
SPX,2011-09-16,2011-10-03,2011-10-06,2011-11-01,1216.01,1099.23,1164.97,0.09603539444576936044933841005,0.5629388593937318033909916082
SPX,2011-10-28,2011-11-25,2011-11-30,2011-12-19,1285.09,1158.67,1246.96,0.09837443291909516065022683236,0.6983863312766967252017085904
SPX,2011-12-07,2011-12-19,2012-01-03,2012-04-10,1261.01,1205.35,1277.06,0.04413922173495848565832150419,1.288357887172116421128278836
SPX,2012-04-02,2012-06-01,2012-06-15,2012-11-07,1419.04,1278.04,1342.84,0.09936294959972939452023903484,0.4595744680851063829787234043
SPX,2012-09-14,2012-11-15,2012-12-11,2013-06-20,1465.77,1353.33,1427.84,0.07671053439489142225587916249,0.6626645321949484169334756314
SPX,2013-05-21,2013-06-24,2013-07-09,2013-08-27,1669.16,1573.09,1652.32,0.05755589637901699058208919456,0.8247111481211616529613823254
SPX,2013-08-02,2013-08-27,2013-09-18,2013-10-08,1709.67,1630.48,1725.52,0.04631888025174448870249814292,1.200151534284631897966915015
SPX,2013-09-18,2013-10-08,2013-10-18,2014-01-29,1725.52,1655.45,1744.50,0.04060804858825165747137094905,1.270871985157699443413729128
SPX,2014-01-15,2014-02-03,2014-02-13,2014-10-09,1848.38,1741.89,1829.83,0.05761261212521234811023707246,0.8258052399286317964128087144
SPX,2014-09-18,2014-10-15,2014-10-24,2014-12-15,2011.36,1862.49,1964.58,0.07401459708853710921963248747,0.6857661046550681802915295224
SPX,2014-12-05,2014-12-16,2014-12-22,2015-01-06,2075.37,1972.74,2078.54,0.04945142311973286691047861345,1.030887654681866900516418201
SPX,2014-12-29,2015-01-15,2015-02-13,2015-08-20,2090.57,1992.67,2096.99,0.04682933362671424539718832663,1.065577119509703779366700715
SPX,2015-05-21,2015-08-25,2015-08-27,2015-09-28,2130.82,1867.61,1987.66,0.1235252156446813902629034832,0.4560996922609323353975912769
SPX,2015-09-16,2015-09-28,2015-10-05,2015-11-13,1995.31,1881.77,1987.05,0.05690343856343124627250903368,0.9272503082614056720098643650
SPX,2015-11-03,2016-02-11,2016-02-17,2016-06-27,2109.79,1829.08,1926.82,0.1330511567501978869934922433,0.3481885219621673613337608208
SPX,2016-06-08,2016-06-27,2016-07-01,2016-11-02,2119.12,2000.54,2102.95,0.05595718977688851976292045755,0.8636363636363636363636363636
SPX,2016-08-15,2016-11-04,2016-11-21,,2190.15,2085.18,2198.18,0.04792822409424012053968906239,1.076498047061065066209393160
QQQ,2010-01-19,2010-02-04,2010-03-01,2010-05-06,46.59,42.62,45.41,0.08521141875939042713028546898,0.7027707808564231738035264484
QQQ,2010-04-23,2010-05-07,2010-05-12,2010-05-19,50.52,45.41,48.62,0.1011480601741884402216943785,0.6281800391389432485322896282
QQQ,2010-05-12,2010-06-09,2010-06-15,2010-06-29,48.62,43.82,46.71,0.09872480460715754833401892225,0.6020833333333333333333333333
QQQ,2010-06-17,2010-07-02,2010-07-13,2010-08-13,47.05,42.47,45.33,0.09734325185972369819341126461,0.6244541484716157205240174672
QQQ,2010-08-09,2010-08-31,2010-09-09,2011-03-15,47.08,43.46,46.43,0.07689039932030586236193712829,0.8204419889502762430939226519
QQQ,2011-02-16,2011-03-16,2011-04-20,2011-06-06,58.88,54.15,57.88,0.08033288043478260869565217391,0.7885835095137420718816067653
QQQ,2011-04-27,2011-06-17,2011-07-01,2011-08-02,59.22,53.79,57.91,0.09169199594731509625126646403,0.7587476979742173112338858195
QQQ,2011-07-26,2011-08-08,2011-08-15,2011-08-18,59.63,50.59,54.36,0.1516015428475599530437699145,0.4170353982300884955752212389
QQQ,2011-08-15,2011-08-19,2011-08-29,2011-09-22,54.36,50.03,54.61,0.07965415746872700515084621045,1.057736720554272517321016166
QQQ,2011-09-19,2011-10-03,2011-10-10,2011-11-17,56.61,51.14,55.94,0.09662603780250839074368486133,0.8775137111517367458866544790
QQQ,2011-10-28,2011-11-25,2011-11-30,2011-12-19,58.94,52.88,56.39,0.1028164234815066168985408890,0.5792079207920792079207920792
QQQ,2011-12-05,2011-12-19,2012-01-10,2012-04-24,57.24,54.32,58.04,0.05101327742837176799440950384,1.273972602739726027397260274
QQQ,2012-04-02,2012-06-01,2012-07-02,2012-10-11,68.25,60.41,64.35,0.1148717948717948717948717949,0.5025510204081632653061224490
QQQ,2012-09-19,2012-11-15,2012-12-18,2013-06-21,70.40,62.03,66.55,0.1188920454545454545454545455,0.5400238948626045400238948626
QQQ,2013-05-17,2013-06-24,2013-07-11,2014-02-03,74.30,69.73,74.97,0.06150740242261103633916554509,1.146608315098468271334792123
QQQ,2014-01-22,2014-02-03,2014-02-14,2014-04-04,88.78,84.29,89.81,0.05057445370578959225050687092,1.229398663697104677060133630
QQQ,2014-03-05,2014-04-11,2014-05-23,2014-10-10,91.06,84.11,89.88,0.07632330331649461893257193060,0.8302158273381294964028776978
QQQ,2014-09-18,2014-10-16,2014-10-23,2014-12-16,100.28,91.79,97.82,0.08466294375747905863581970483,0.7102473498233215547703180212
QQQ,2014-11-28,2015-01-15,2015-02-13,2015-08-20,106.01,99.65,106.91,0.05999434015658900103763795868,1.141509433962264150943396226
QQQ,2015-07-20,2015-08-25,2015-08-27,2015-09-28,113.98,98.09,105.64,0.1394104228812072293384804352,0.4751415984896161107614852108
QQQ,2015-09-17,2015-09-29,2015-10-08,2016-01-05,107.13,99.47,106.05,0.07150191356296088863997012975,0.8590078328981723237597911227
QQQ,2015-12-01,2016-02-09,2016-02-22,2016-05-04,115.16,96.32,103.28,0.1635984716915595692948940604,0.3694267515923566878980891720
QQQ,2016-04-18,2016-06-27,2016-07-08,,111.23,102.22,110.30,0.08100332644070844196709520813,0.8967813540510543840177580466
