symbol,peak_date,t0_date,trough_date,end_date,peak_close,trough_close,right_censored
SPX,1990-01-02,1990-01-12,1990-01-30,1990-03-08,359.69,322.98,否
SPX,1990-04-16,1990-04-24,1990-04-27,1990-05-11,344.74,329.11,否
SPX,1990-06-04,1990-06-25,1990-08-23,1990-08-29,367.40,307.06,否
SPX,1990-09-05,1990-09-21,1990-10-11,1990-10-19,324.39,295.46,否
SPX,1990-10-22,1990-10-29,1990-10-29,1990-11-12,314.76,301.88,否
SPX,1990-12-21,1991-01-07,1991-01-09,1991-01-17,331.75,311.49,否
SPX,1991-04-17,1991-04-29,1991-05-15,1991-05-31,390.45,368.57,否
SPX,1991-05-31,1991-06-24,1991-06-25,1991-08-06,389.83,370.65,否
SPX,1991-08-28,1991-10-07,1991-10-09,1991-11-12,396.64,376.80,否
SPX,1991-11-13,1991-11-19,1991-11-29,1991-12-23,397.41,375.22,否
SPX,1992-01-15,1992-03-12,1992-04-08,1992-04-15,420.77,394.50,否
SPX,1992-05-11,1992-06-18,1992-06-18,1992-07-29,418.49,400.96,否
SPX,1992-09-14,1992-10-05,1992-10-09,1992-11-12,425.27,402.66,否
SPX,1993-03-10,1993-04-23,1993-04-26,1993-08-18,456.33,433.54,否
SPX,1994-02-02,1994-03-25,1994-04-04,1994-06-14,482.00,438.92,否
SPX,1994-06-14,1994-06-24,1994-06-24,1994-08-16,462.37,442.80,否
SPX,1994-08-30,1994-10-04,1994-12-08,1995-01-16,476.07,445.45,否
SPX,1996-02-12,1996-03-08,1996-04-11,1996-05-14,661.45,631.18,否
SPX,1996-05-24,1996-07-11,1996-07-24,1996-08-02,678.51,626.65,否
SPX,1996-11-25,1996-12-16,1996-12-16,1997-01-10,757.03,720.98,否
SPX,1997-02-18,1997-03-20,1997-04-11,1997-04-22,816.29,737.65,否
SPX,1997-08-06,1997-08-15,1997-08-29,1997-09-16,960.32,899.47,否
SPX,1997-10-07,1997-10-24,1997-10-27,1997-10-28,983.12,876.99,否
SPX,1997-12-05,1997-12-23,1998-01-09,1998-01-20,983.79,927.69,否
SPX,1998-04-22,1998-04-28,1998-06-15,1998-06-24,1130.54,1077.01,否
SPX,1998-07-17,1998-07-28,1998-08-31,1998-09-08,1186.75,957.28,否
SPX,1998-09-08,1998-09-10,1998-09-10,1998-09-14,1023.46,980.19,否
SPX,1998-09-23,1998-09-30,1998-10-08,1998-10-15,1066.09,959.44,否
SPX,1998-11-27,1998-12-14,1998-12-14,1998-12-21,1192.33,1141.20,否
SPX,1999-01-08,1999-01-14,1999-01-14,1999-01-29,1275.09,1212.19,否
SPX,1999-01-29,1999-02-09,1999-02-09,1999-03-08,1279.64,1216.14,否
QQQ,1999-03-18,1999-03-23,1999-03-23,1999-03-25,52.56,48.81,否
SPX,1999-03-18,1999-03-23,1999-03-23,1999-04-07,1316.55,1262.14,否
QQQ,1999-04-09,1999-04-14,1999-04-19,1999-04-21,55.81,49.53,否
SPX,1999-04-12,1999-04-19,1999-04-19,1999-04-22,1358.63,1289.48,否
QQQ,1999-04-26,1999-04-29,1999-05-25,1999-06-07,56.59,49.84,否
SPX,1999-05-13,1999-05-24,1999-05-27,1999-06-21,1367.56,1281.41,否
QQQ,1999-06-07,1999-06-14,1999-06-14,1999-06-16,53.66,50.80,否
QQQ,1999-07-16,1999-07-22,1999-08-10,1999-08-13,61.38,54.13,否
SPX,1999-07-16,1999-07-22,1999-08-10,1999-08-23,1418.78,1281.43,否
SPX,1999-08-25,1999-08-30,1999-09-29,1999-10-08,1381.79,1268.37,否
QQQ,1999-09-20,1999-09-23,1999-09-29,1999-10-08,63.46,59.56,否
SPX,1999-10-08,1999-10-15,1999-10-15,1999-10-28,1336.02,1247.41,否
QQQ,1999-10-11,1999-10-13,1999-10-18,1999-10-28,64.66,59.12,否
QQQ,1999-11-26,1999-11-30,1999-11-30,1999-12-03,77.69,73.50,否
SPX,1999-12-31,2000-01-04,2000-01-28,2000-02-08,1469.25,1360.16,否
QQQ,2000-01-03,2000-01-04,2000-01-06,2000-01-07,94.75,80.09,否
QQQ,2000-01-10,2000-01-12,2000-01-12,2000-01-14,92.50,86.06,否
QQQ,2000-01-21,2000-01-26,2000-01-28,2000-02-01,96.25,86.00,否
SPX,2000-02-08,2000-02-18,2000-02-25,2000-03-03,1441.72,1333.36,否
QQQ,2000-03-09,2000-03-14,2000-03-15,2000-03-17,115.00,102.88,否
SPX,2000-03-24,2000-04-13,2000-04-14,2000-04-18,1527.46,1356.56,否
QQQ,2000-03-27,2000-03-29,2000-04-14,2000-04-17,117.75,80.38,否
QQQ,2000-04-18,2000-04-20,2000-04-24,2000-04-25,92.00,84.75,否
SPX,2000-04-25,2000-05-03,2000-05-10,2000-05-15,1477.44,1383.05,否
QQQ,2000-05-01,2000-05-02,2000-05-10,2000-05-15,95.63,79.75,否
QQQ,2000-05-16,2000-05-18,2000-05-23,2000-05-30,90.81,74.81,否
SPX,2000-05-16,2000-05-19,2000-05-23,2000-06-01,1466.04,1373.86,否
QQQ,2000-06-21,2000-06-23,2000-06-23,2000-07-13,98.88,91.50,否
QQQ,2000-07-17,2000-07-24,2000-08-02,2000-08-08,101.75,86.69,否
SPX,2000-07-17,2000-07-27,2000-07-28,2000-08-14,1510.49,1419.89,否
QQQ,2000-09-01,2000-09-06,2000-10-12,2000-10-13,102.63,75.13,否
SPX,2000-09-01,2000-09-18,2000-10-12,2000-10-20,1520.77,1329.78,否
QQQ,2000-10-20,2000-10-25,2000-10-30,2000-11-02,86.31,76.77,否
QQQ,2000-11-03,2000-11-08,2000-11-10,2000-11-15,83.06,71.75,否
SPX,2000-11-06,2000-11-10,2000-12-20,2000-12-27,1432.19,1264.74,否
QQQ,2000-11-15,2000-11-16,2000-11-29,2000-12-05,77.38,62.94,否
QQQ,2000-12-05,2000-12-07,2000-12-07,2000-12-11,70.69,66.50,否
QQQ,2000-12-11,2000-12-13,2000-12-20,2000-12-22,74.38,55.73,否
QQQ,2000-12-27,2000-12-29,2001-01-02,2001-01-03,61.56,53.44,否
QQQ,2001-01-03,2001-01-05,2001-01-05,2001-01-11,62.44,56.63,否
QQQ,2001-01-23,2001-01-31,2001-03-20,2001-03-27,67.77,40.35,否
SPX,2001-01-30,2001-02-09,2001-03-22,2001-03-27,1373.73,1117.58,否
QQQ,2001-03-27,2001-03-28,2001-04-04,2001-04-05,43.25,34.05,否
SPX,2001-03-27,2001-04-03,2001-04-04,2001-04-10,1182.17,1103.25,否
QQQ,2001-04-12,2001-04-16,2001-04-16,2001-04-18,42.80,40.25,否
QQQ,2001-04-20,2001-04-23,2001-04-26,2001-05-01,48.40,43.95,否
QQQ,2001-05-02,2001-05-10,2001-05-14,2001-05-17,48.98,44.82,否
QQQ,2001-05-21,2001-05-29,2001-05-30,2001-06-05,51.05,44.43,否
SPX,2001-05-21,2001-05-30,2001-09-21,2001-09-27,1312.83,965.80,否
QQQ,2001-06-07,2001-06-11,2001-06-19,2001-06-29,48.70,41.82,否
QQQ,2001-06-29,2001-07-06,2001-07-10,2001-07-12,45.70,40.50,否
QQQ,2001-07-12,2001-07-23,2001-07-24,2001-08-01,43.60,40.15,否
QQQ,2001-08-02,2001-08-08,2001-08-21,2001-08-24,43.91,36.69,否
QQQ,2001-08-27,2001-08-30,2001-09-21,2001-10-03,39.35,28.19,否
QQQ,2001-10-16,2001-10-17,2001-10-17,2001-10-23,34.96,32.45,否
QQQ,2001-10-25,2001-10-29,2001-10-30,2001-11-02,36.80,33.38,否
SPX,2001-10-26,2001-10-30,2001-10-31,2001-11-06,1104.61,1059.78,否
QQQ,2001-11-19,2001-11-21,2001-11-21,2001-12-05,40.49,38.42,否
SPX,2001-12-05,2001-12-13,2002-02-07,2002-03-04,1170.35,1080.17,否
QQQ,2001-12-06,2001-12-13,2001-12-20,2002-01-03,42.91,38.79,否
QQQ,2002-01-04,2002-01-16,2002-02-21,2002-03-01,41.67,33.48,否
QQQ,2002-03-08,2002-03-20,2002-04-11,2002-04-16,38.67,33.00,否
SPX,2002-03-19,2002-04-05,2002-05-07,2002-05-17,1170.29,1049.49,否
QQQ,2002-04-16,2002-04-23,2002-05-07,2002-05-08,35.20,28.70,否
QQQ,2002-05-08,2002-05-10,2002-05-10,2002-05-14,31.77,29.56,否
QQQ,2002-05-17,2002-05-24,2002-07-02,2002-07-05,32.93,23.95,否
SPX,2002-05-17,2002-06-03,2002-07-23,2002-07-24,1106.59,797.70,否
QQQ,2002-07-05,2002-07-09,2002-07-10,2002-07-15,26.34,23.90,否
QQQ,2002-07-17,2002-07-19,2002-07-25,2002-07-29,25.65,22.25,否
QQQ,2002-07-30,2002-08-01,2002-08-05,2002-08-08,24.31,21.44,否
SPX,2002-07-31,2002-08-02,2002-08-05,2002-08-07,911.62,834.60,否
QQQ,2002-08-22,2002-08-27,2002-09-05,2002-09-10,26.16,22.17,否
SPX,2002-08-22,2002-08-28,2002-10-09,2002-10-11,962.70,776.76,否
QQQ,2002-09-10,2002-09-17,2002-10-09,2002-10-11,23.65,20.06,否
QQQ,2002-11-06,2002-11-08,2002-11-11,2002-11-14,26.47,24.31,否
SPX,2002-11-06,2002-11-11,2002-11-11,2002-11-21,923.76,876.19,否
SPX,2002-11-27,2002-12-09,2002-12-27,2003-01-06,938.87,875.40,否
QQQ,2002-12-02,2002-12-04,2002-12-31,2003-01-06,28.00,24.37,否
QQQ,2003-01-10,2003-01-17,2003-03-11,2003-03-13,27.10,23.80,否
SPX,2003-01-14,2003-01-21,2003-03-11,2003-03-17,931.66,800.73,否
QQQ,2003-03-21,2003-03-31,2003-03-31,2003-04-21,27.17,25.25,否
SPX,2003-03-21,2003-03-31,2003-03-31,2003-04-15,895.79,848.18,否
SPX,2003-06-17,2003-08-05,2003-08-05,2003-09-02,1011.66,965.46,否
QQQ,2003-07-08,2003-08-05,2003-08-08,2003-08-19,32.28,30.07,否
QQQ,2003-09-18,2003-09-25,2003-09-30,2003-10-07,34.78,32.42,否
SPX,2003-09-18,2003-09-26,2003-09-30,2003-10-14,1039.58,995.97,否
QQQ,2003-11-06,2003-11-18,2003-11-18,2003-12-29,35.94,33.88,否
QQQ,2004-01-26,2004-02-04,2004-03-23,2004-04-02,38.59,34.03,否
SPX,2004-02-11,2004-03-11,2004-03-24,2004-04-05,1157.76,1091.33,否
QQQ,2004-04-05,2004-04-30,2004-05-17,2004-06-07,37.45,34.42,否
SPX,2004-04-05,2004-05-07,2004-05-17,2004-06-07,1150.57,1084.10,否
SPX,2004-06-23,2004-07-21,2004-08-12,2004-09-02,1144.06,1063.23,否
QQQ,2004-06-30,2004-07-08,2004-08-12,2004-09-02,37.74,32.47,否
SPX,2004-10-06,2004-10-22,2004-10-25,2004-11-04,1142.05,1094.80,否
QQQ,2004-12-14,2005-01-06,2005-04-20,2005-05-18,40.48,34.70,否
SPX,2004-12-30,2005-01-24,2005-01-24,2005-03-04,1213.55,1163.75,否
SPX,2005-03-07,2005-03-22,2005-04-20,2005-05-26,1225.31,1137.50,否
QQQ,2005-08-02,2005-10-11,2005-10-12,2005-11-03,40.08,37.49,否
SPX,2005-08-03,2005-10-06,2005-10-13,2005-11-17,1245.04,1176.84,否
QQQ,2006-01-11,2006-02-03,2006-07-21,2006-08-16,43.21,35.70,否
SPX,2006-05-05,2006-05-17,2006-06-13,2006-08-15,1325.76,1223.69,否
SPX,2007-02-20,2007-02-27,2007-03-05,2007-04-05,1459.68,1374.12,否
QQQ,2007-02-22,2007-03-01,2007-03-05,2007-04-16,45.42,42.15,否
QQQ,2007-07-19,2007-07-31,2007-08-16,2007-08-31,50.32,45.45,否
SPX,2007-07-19,2007-07-26,2007-08-15,2007-08-24,1553.08,1406.70,否
SPX,2007-10-09,2007-10-19,2007-11-26,2007-11-30,1565.15,1407.22,否
QQQ,2007-10-31,2007-11-08,2007-11-12,2007-12-06,55.03,48.73,否
QQQ,2007-12-10,2007-12-17,2008-03-10,2008-03-24,52.54,41.26,否
SPX,2007-12-10,2007-12-17,2008-01-22,2008-01-31,1515.96,1310.50,否
SPX,2008-02-01,2008-02-05,2008-03-10,2008-03-24,1395.42,1273.37,否
SPX,2008-05-19,2008-06-06,2008-07-15,2008-07-22,1426.63,1214.91,否
QQQ,2008-06-05,2008-06-11,2008-07-14,2008-08-08,50.55,44.23,否
SPX,2008-08-11,2008-09-04,2008-09-17,2008-09-19,1305.32,1156.39,否
QQQ,2008-08-14,2008-09-02,2008-09-17,2008-09-19,48.25,40.21,否
QQQ,2008-09-19,2008-09-23,2008-10-10,2008-10-13,42.90,31.32,否
SPX,2008-09-19,2008-09-23,2008-09-29,2008-09-30,1255.08,1106.42,否
SPX,2008-09-30,2008-10-02,2008-10-10,2008-10-13,1166.36,899.22,否
QQQ,2008-10-13,2008-10-15,2008-10-15,2008-10-20,35.13,30.60,否
SPX,2008-10-13,2008-10-15,2008-10-15,2008-10-20,1003.35,907.84,否
QQQ,2008-10-20,2008-10-21,2008-10-27,2008-10-28,33.20,28.69,否
SPX,2008-10-20,2008-10-22,2008-10-27,2008-10-28,985.40,848.92,否
QQQ,2008-11-04,2008-11-05,2008-11-20,2008-11-24,33.75,25.56,否
SPX,2008-11-04,2008-11-05,2008-11-12,2008-11-13,1005.75,852.30,否
SPX,2008-11-13,2008-11-14,2008-11-20,2008-11-21,911.29,752.44,否
QQQ,2008-11-26,2008-12-01,2008-12-01,2008-12-05,29.35,26.93,否
SPX,2008-11-28,2008-12-01,2008-12-01,2008-12-03,896.24,816.21,否
SPX,2008-12-08,2008-12-15,2008-12-15,2008-12-16,909.70,868.57,否
QQQ,2008-12-16,2008-12-29,2008-12-29,2009-01-02,30.56,28.89,否
SPX,2008-12-16,2008-12-22,2008-12-23,2009-01-02,913.18,863.16,否
QQQ,2009-01-06,2009-01-12,2009-01-20,2009-01-28,31.33,27.96,否
SPX,2009-01-06,2009-01-09,2009-01-20,2009-01-27,934.70,805.22,否
SPX,2009-01-28,2009-01-30,2009-02-02,2009-02-06,874.09,825.44,否
QQQ,2009-02-09,2009-02-17,2009-03-09,2009-03-11,31.50,25.74,否
SPX,2009-02-09,2009-02-10,2009-03-09,2009-03-10,869.89,676.53,否
SPX,2009-03-26,2009-03-30,2009-03-30,2009-04-02,832.86,787.53,否
SPX,2009-04-17,2009-04-20,2009-04-20,2009-05-01,869.60,832.39,否
QQQ,2009-05-04,2009-05-13,2009-05-13,2009-05-29,35.05,33.02,否
SPX,2009-05-08,2009-05-13,2009-05-15,2009-06-01,929.23,882.88,否
QQQ,2009-06-09,2009-06-22,2009-07-07,2009-07-15,36.95,34.53,否
SPX,2009-06-12,2009-06-22,2009-07-10,2009-07-15,946.21,879.13,否
SPX,2009-09-22,2009-10-02,2009-10-02,2009-10-14,1071.66,1025.21,否
SPX,2009-10-19,2009-10-28,2009-10-30,2009-11-09,1097.91,1036.19,否
QQQ,2009-10-22,2009-10-30,2009-10-30,2009-11-11,43.31,40.96,否
QQQ,2010-01-19,2010-01-22,2010-02-04,2010-03-01,46.59,42.62,否
SPX,2010-01-19,2010-01-22,2010-02-08,2010-03-01,1150.23,1056.74,否
QQQ,2010-04-23,2010-05-06,2010-05-07,2010-05-12,50.52,45.41,否
SPX,2010-04-23,2010-05-05,2010-05-07,2010-05-12,1217.28,1110.88,否
QQQ,2010-05-12,2010-05-19,2010-06-09,2010-06-15,48.62,43.82,否
SPX,2010-05-12,2010-05-18,2010-06-07,2010-06-15,1171.67,1050.47,否
QQQ,2010-06-17,2010-06-29,2010-07-02,2010-07-13,47.05,42.47,否
SPX,2010-06-18,2010-06-29,2010-07-02,2010-07-09,1117.51,1022.58,否
QQQ,2010-08-09,2010-08-13,2010-08-31,2010-09-09,47.08,43.46,否
SPX,2010-08-09,2010-08-13,2010-08-26,2010-09-03,1127.79,1047.22,否
QQQ,2011-02-16,2011-03-15,2011-03-16,2011-04-20,58.88,54.15,否
SPX,2011-02-18,2011-03-15,2011-03-16,2011-03-30,1343.01,1256.88,否
QQQ,2011-04-27,2011-06-06,2011-06-17,2011-07-01,59.22,53.79,否
SPX,2011-04-29,2011-06-03,2011-06-15,2011-07-01,1363.61,1265.42,否
SPX,2011-07-07,2011-07-29,2011-08-08,2011-08-12,1353.22,1119.46,否
QQQ,2011-07-26,2011-08-02,2011-08-08,2011-08-15,59.63,50.59,否
QQQ,2011-08-15,2011-08-18,2011-08-19,2011-08-29,54.36,50.03,否
SPX,2011-08-15,2011-08-18,2011-08-19,2011-08-29,1204.49,1123.53,否
SPX,2011-08-31,2011-09-06,2011-09-09,2011-09-16,1218.89,1154.23,否
SPX,2011-09-16,2011-09-21,2011-10-03,2011-10-06,1216.01,1099.23,否
QQQ,2011-09-19,2011-09-22,2011-10-03,2011-10-10,56.61,51.14,否
QQQ,2011-10-28,2011-11-17,2011-11-25,2011-11-30,58.94,52.88,否
SPX,2011-10-28,2011-11-01,2011-11-25,2011-11-30,1285.09,1158.67,否
QQQ,2011-12-05,2011-12-19,2011-12-19,2012-01-10,57.24,54.32,否
SPX,2011-12-07,2011-12-19,2011-12-19,2012-01-03,1261.01,1205.35,否
QQQ,2012-04-02,2012-04-24,2012-06-01,2012-07-02,68.25,60.41,否
SPX,2012-04-02,2012-04-10,2012-06-01,2012-06-15,1419.04,1278.04,否
SPX,2012-09-14,2012-11-07,2012-11-15,2012-12-11,1465.77,1353.33,否
QQQ,2012-09-19,2012-10-11,2012-11-15,2012-12-18,70.40,62.03,否
QQQ,2013-05-17,2013-06-21,2013-06-24,2013-07-11,74.30,69.73,否
SPX,2013-05-21,2013-06-20,2013-06-24,2013-07-09,1669.16,1573.09,否
SPX,2013-08-02,2013-08-27,2013-08-27,2013-09-18,1709.67,1630.48,否
SPX,2013-09-18,2013-10-08,2013-10-08,2013-10-18,1725.52,1655.45,否
SPX,2014-01-15,2014-01-29,2014-02-03,2014-02-13,1848.38,1741.89,否
QQQ,2014-01-22,2014-02-03,2014-02-03,2014-02-14,88.78,84.29,否
QQQ,2014-03-05,2014-04-04,2014-04-11,2014-05-23,91.06,84.11,否
QQQ,2014-09-18,2014-10-10,2014-10-16,2014-10-23,100.28,91.79,否
SPX,2014-09-18,2014-10-09,2014-10-15,2014-10-24,2011.36,1862.49,否
QQQ,2014-11-28,2014-12-16,2015-01-15,2015-02-13,106.01,99.65,否
SPX,2014-12-05,2014-12-15,2014-12-16,2014-12-22,2075.37,1972.74,否
SPX,2014-12-29,2015-01-06,2015-01-15,2015-02-13,2090.57,1992.67,否
SPX,2015-05-21,2015-08-20,2015-08-25,2015-08-27,2130.82,1867.61,否
QQQ,2015-07-20,2015-08-20,2015-08-25,2015-08-27,113.98,98.09,否
SPX,2015-09-16,2015-09-28,2015-09-28,2015-10-05,1995.31,1881.77,否
QQQ,2015-09-17,2015-09-28,2015-09-29,2015-10-08,107.13,99.47,否
SPX,2015-11-03,2015-11-13,2016-02-11,2016-02-17,2109.79,1829.08,否
QQQ,2015-12-01,2016-01-05,2016-02-09,2016-02-22,115.16,96.32,否
QQQ,2016-04-18,2016-05-04,2016-06-27,2016-07-08,111.23,102.22,否
SPX,2016-06-08,2016-06-27,2016-06-27,2016-07-01,2119.12,2000.54,否
SPX,2016-08-15,2016-11-02,2016-11-04,2016-11-21,2190.15,2085.18,否
