time,open,high,low,close,Prior DC20 upper,Prior DC20 lower,Long signal,Short signal
2018-12-07,22.66,22.66,22.66,22.66,,,,
2018-12-10,24.69,24.89,18.77,24.37,,,,
2018-12-11,28.8,31.62,23.76,25.9,,,,
2018-12-12,29.93,35.08,29.93,30.37,,,,
2018-12-13,31.78,31.98,24.92,25.93,,,,
2018-12-14,23.71,25.63,20.98,21.21,,,,
2018-12-17,20.3,22.12,14.44,15.05,,,,
2018-12-18,16.66,17.47,14.54,14.94,,,,
2018-12-19,15.95,17.67,11.11,11.51,,,,
2018-12-20,10.5,11.61,6.86,8.58,,,,
2018-12-21,8.78,8.98,5.56,5.56,,,,
2018-12-24,5.56,5.76,4.34,4.35,,,,
2018-12-26,5.16,10.12,4.65,9.82,,,,
2018-12-27,8,10.94,6.68,10.94,,,,
2018-12-28,10.94,15.29,10.03,11.75,,,,
2018-12-31,13.98,14.58,11.34,14.58,,,,
2019-01-02,11.24,15.6,11.24,14.12,,,,
2019-01-03,13.42,13.52,10.29,10.43,,,,
2019-01-04,12.15,22.89,12.15,21.88,,,,
2019-01-07,24.51,32.15,23.91,31.06,,,,
2019-01-08,34.21,35.93,27.81,35.93,,,,
2019-01-09,37.66,42.63,37.66,41.01,,,,
2019-01-10,37.15,45.17,36.44,44.81,,,,
2019-01-11,41.46,46.34,41.46,46.34,,,,
2019-01-14,39.43,45.12,39.43,41.5,,,,
2019-01-15,46.9,46.9,46.9,46.9,,,,
2019-01-16,49.84,54.22,49.84,51.47,,,,
2019-01-17,51.06,60.12,51.06,58.69,,,,
2019-01-18,62.25,69.27,61.34,67.85,,,,
2019-01-22,64.39,64.39,54.42,57.57,,,,
2019-01-23,60.32,63.58,53.1,58.35,,,,
2019-01-24,61.5,64.05,60.18,63.3,,,,
2019-01-25,66.87,69.52,66.87,68.6,,,,
2019-01-28,64.93,67.99,64.01,66.15,,,,
2019-01-29,66.25,66.66,64.11,64.11,,,,
2019-01-30,66.56,69.52,63.6,69.52,,,,
2019-01-31,70.94,73.8,70.74,73.7,,,,
2019-02-01,74.61,75.84,73.7,75.33,,,,
2019-02-04,76.32,79.47,75.6,79.47,,,,
2019-02-05,80.38,81.4,78.55,79.97,,,,
2019-02-06,79.87,80.79,78.86,79.67,,,,
2019-02-07,78.15,79.67,74.08,76.01,,,,
2019-02-08,75.5,76.82,73.47,76.32,,,,
2019-02-11,77.74,79.26,77.23,79.26,,,,
2019-02-12,81.6,83.84,81.6,83.43,,,,
2019-02-13,83.94,84.04,83.02,83.62,,,,
2019-02-14,82.29,84.53,82.09,83.5,,,,
2019-02-15,84.62,87.57,84.62,86.76,,,,
2019-02-19,86.25,87.47,86.25,86.76,,,,
2019-02-20,86.45,87.16,86.25,86.42,,,,
2019-02-21,84.79,85.3,83.26,83.97,,,,
2019-02-22,84.08,84.89,83.36,84.67,,,,
2019-02-25,86.51,87.02,85.07,85.07,,,,
2019-02-26,85.37,85.37,83.94,83.94,,,,
2019-02-27,83.84,84.35,83.12,83.64,,,,
2019-02-28,83.33,84.15,82.51,82.82,,,,
2019-03-01,83.33,83.74,82.2,83.53,,,,
2019-03-04,83.94,83.94,80.26,81.79,,,,
2019-03-05,81.59,81.59,79.75,79.95,,,,
2019-03-06,80.06,80.06,72.9,72.9,,,,
2019-03-07,69.93,71.16,65.43,66.97,,,,
2019-03-08,60.83,65.54,60.63,65.03,,,,
2019-03-11,65.84,71.88,65.64,71.88,,,,
2019-03-12,71.77,71.98,69.63,70.62,,,,
2019-03-13,70.52,73.69,70.21,71.13,,,,
2019-03-14,69.8,70.82,67.55,67.55,,,,
2019-03-15,69.7,71.75,67.04,68.27,,,,
2019-03-18,68.37,72.36,67.75,70.82,,,,
2019-03-19,71.64,71.64,63.76,64.68,,,,
2019-03-20,63.35,63.97,56.9,58.44,,,,
2019-03-21,56.39,62.33,56.39,60.08,,,,
2019-03-22,58.03,58.23,47.59,47.59,,,,
2019-03-25,46.05,48.41,43.19,47.23,,,,
2019-03-26,49.79,52.35,49.07,51.33,,,,
2019-03-27,51.53,51.53,45.69,49.38,,,,
2019-03-28,49.28,51.43,47.84,51.02,,,,
2019-03-29,53.89,54.91,52.35,53.58,,,,
2019-04-01,57.68,59.93,57.17,59.63,,,,
2019-04-02,58.19,59.52,55.63,57.96,,,,
2019-04-03,61.56,63,59.6,60.32,,,,
2019-04-04,61.25,63.72,59.5,62.58,,,,
2019-04-05,64.33,66.8,63.41,66.49,,,,
2019-04-08,64.43,65.87,63.92,65.84,,,,
2019-04-09,62.86,62.86,58.23,58.23,,,,
2019-04-10,58.23,64.09,58.23,63.58,,,,
2019-04-11,64.4,65.02,62.24,62.96,,,,
2019-04-12,66.87,68.2,64.09,67.38,,,,
2019-04-15,67.28,67.28,59.77,61.21,,,,
2019-04-16,63.88,66.46,61.52,65.63,,,,
2019-04-17,64.6,64.6,57.81,59.36,,,,
2019-04-18,55.45,57.71,52.26,56.79,,,,
2019-04-22,54.27,56.12,51.9,52.47,,,,
2019-04-23,54.43,63.29,53.6,62.47,,,,
2019-04-24,62.47,63.71,60.72,62.26,,,,
2019-04-25,60,60.2,55.15,58.65,,,,
2019-04-26,58.14,64.22,57.62,63.91,,,,
2019-04-29,65.25,68.65,65.25,66.9,,,,
2019-04-30,66.49,66.49,58.86,63.09,,,,
2019-05-01,63.09,63.09,54.22,54.22,,,,
2019-05-02,54.63,60.3,52.51,58.17,,,,
2019-05-03,61.97,69.16,61.15,69.16,,,,
2019-05-06,60.22,67.72,60.22,67.42,,,,
2019-05-07,62.48,62.79,52,54.83,,,,
2019-05-08,52.67,56.99,52.36,52.36,,,,
2019-05-09,47.42,52.77,43.62,51.74,,,,
2019-05-10,49.07,54.11,43.31,53.6,,,,
2019-05-13,41.87,42.48,33.64,33.95,,,,
2019-05-14,36.83,44.54,35.8,43.1,,,,
2019-05-15,37.34,44.34,37.34,43.41,,,,
2019-05-16,45.67,51.02,45.67,49.38,,,,
2019-05-17,43.72,48.76,42.28,42.28,,,,
2019-05-20,37.55,42.48,37.55,39.95,,,,
2019-05-21,42.63,45.52,42.63,44.9,,,,
2019-05-22,43.15,43.87,39.95,41.5,,,,
2019-05-23,34.19,34.19,28.42,30.48,,,,
2019-05-24,34.39,35.53,32.44,35.01,,,,
2019-05-28,36.28,37.11,31.75,32.06,,,,
2019-05-29,29.07,30.41,25.97,29.79,,,,
2019-05-30,31.54,33.09,25.77,27.93,,,,
2019-05-31,22.98,25.25,21.64,23.84,,,,
2019-06-03,24.35,24.46,21.17,22.5,,,,
2019-06-04,25.69,30.42,25.17,30.42,,,,
2019-06-05,31.34,32.78,28.05,31.14,,,,
2019-06-06,30.93,32.88,28.77,31.55,,,,
2019-06-07,32.16,36.27,31.86,34.42,,,,
2019-06-10,37.2,41.31,36.89,37.82,,,,
2019-06-11,41.31,41.82,36.38,37.71,,,,
2019-06-12,35.76,38.33,35.14,37.2,,,,
2019-06-13,38.33,41,37.92,39.97,,,,
2019-06-14,38.43,39.05,37.41,37.41,,,,
2019-06-17,38.33,41.93,38.33,40.02,,,,
2019-06-18,43.51,49.79,43.51,47.22,,,,
2019-06-19,47.73,49.17,46.7,47.88,,,,
2019-06-20,53.45,53.45,48.5,50.56,,,,
2019-06-21,48.09,49.84,45.82,47.01,,,,
2019-06-24,46.8,47.21,40.82,41.03,,,,
2019-06-25,41.95,42.57,38.55,39.07,,,,
2019-06-26,41.85,41.85,38.76,39.17,,,,
2019-06-27,42.68,50.3,42.68,50.3,,,,
2019-06-28,55.46,60.41,54.02,60.06,,,,
2019-07-01,69.65,69.65,61.19,63.98,,,,
2019-07-02,62.43,64.29,57.27,61.6,,,,
2019-07-03,63.26,66.76,63.26,66.63,,,,
2019-07-05,65.18,68.69,62.7,68.59,,,,
2019-07-08,64.35,64.97,58.88,60.22,,,,
2019-07-09,58.26,62.5,58.26,62.19,,,,
2019-07-10,67.04,67.04,60.12,62.7,,,,
2019-07-11,62.91,64.77,57.43,61.26,,,,
2019-07-12,63.84,69.62,63.01,68.38,,,,
2019-07-15,69.11,69.11,63.11,63.84,,,,
2019-07-16,63.32,66.94,63.11,63.84,,,,
2019-07-17,63.53,64.56,59.91,60.53,,,,
2019-07-18,60.74,65.18,60.74,64.87,,,,
2019-07-19,65.39,66.94,63.22,63.22,,,,
2019-07-22,63.94,65.18,59.81,60.53,,,,
2019-07-23,62.5,65.59,60.74,65.59,,,,
2019-07-24,65.08,72.31,65.08,71.69,,,,
2019-07-25,70.04,70.04,66.28,66.28,,,,
2019-07-26,67.01,70.73,67.01,69.87,,,,
2019-07-29,69.97,69.97,66.25,67.21,,,,
2019-07-30,65.24,70.64,65.24,70.61,,,,
2019-07-31,70.61,72.17,64.38,66.04,,,,
2019-08-01,64.79,68.22,54.93,55.98,,,,
2019-08-02,53.38,53.38,44.12,49.01,,,,
2019-08-05,36.94,36.94,27.36,30.93,,,,
2019-08-06,36.66,37.29,31.35,37.18,,,,
2019-08-07,33.02,37.91,30.41,37.91,,,,
2019-08-08,41.14,48.95,41.14,48.54,,,,
2019-08-09,46.45,46.45,42.18,43.75,,,,
2019-08-12,39.89,40.1,36.87,37.12,,,,
2019-08-13,35.66,45.67,35.66,43.16,,,,
2019-08-14,35.45,35.45,29.61,30.44,,,,
2019-08-15,30.96,31.07,27.52,29.4,,,,
2019-08-16,32.84,39.41,32.84,37.95,,,,
2019-08-19,43.69,44.21,42.23,42.33,,,,
2019-08-20,40.66,40.77,38.58,38.72,,,,
2019-08-21,40.81,42.48,40.7,42.17,,,,
2019-08-22,43.52,44.15,39.45,41.33,,,,
2019-08-23,37.99,40.39,27.03,27.55,,,,
2019-08-26,30.37,30.68,28.6,30.68,,,,
2019-08-27,34.13,34.13,26.51,27.03,,,,
2019-08-28,25.15,31.83,25.15,30.79,,,,
2019-08-29,37.68,39.24,37.26,38.41,,,,
2019-08-30,40.5,40.5,35.69,37.25,,,,
2019-09-03,33.71,35.79,30.38,31.52,,,,
2019-09-04,34.96,35.79,33.61,34.23,,,,
2019-09-05,40.27,46.51,40.16,44.01,,,,
2019-09-06,44.64,45.78,42.55,42.55,,,,
2019-09-09,43.39,47.24,42.35,46.93,,,,
2019-09-10,46.61,54.52,45.88,54.52,,,,
2019-09-11,53.59,63.68,53.17,63.68,,,,
2019-09-12,63.78,64.82,61.81,63.26,,,,
2019-09-13,65.45,67.11,64.41,64.62,,,,
2019-09-16,63.89,67.42,63.89,66.38,,,,
2019-09-17,65.76,66.49,62.85,66.38,,,,
2019-09-18,65.24,65.55,60.77,64.51,,,,
2019-09-19,66.07,67.95,63.16,63.26,,,,
2019-09-20,64.41,65.86,61.39,62.64,,,,
2019-09-23,61.49,63.68,59.93,62.22,,,,
2019-09-24,62.12,64.3,51.61,52.6,,,,
2019-09-25,53.85,58.75,51.87,58.08,,,,
2019-09-26,58.7,58.7,51.4,52.08,,,,
2019-09-27,52.71,54.69,45.19,47.69,,,,
2019-09-30,48.84,51.77,47.59,49.37,,,,
2019-10-01,52.51,54.49,36.82,36.82,,,,
2019-10-02,32.42,32.42,26.77,30.54,,,,
2019-10-03,29.81,34.47,25.75,33.85,,,,
2019-10-04,37.48,43.4,33.85,43.4,,,,
2019-10-07,41.74,47.04,38.83,42.15,,,,
2019-10-08,35.51,35.72,28.24,28.24,,,,
2019-10-09,34.99,37.9,31.98,34.57,,,,
2019-10-10,36.55,42.15,36.55,39.18,,,,
2019-10-11,49.48,56.13,49.48,50.67,,,,
2019-10-14,48.49,48.69,45.57,47.65,,,,
2019-10-15,49.84,56.81,49.32,54.73,,,,
2019-10-16,54.11,55.77,52.13,54.16,,,,
2019-10-17,55.62,58.75,55.52,58.43,,,,
2019-10-18,57.5,57.7,52.5,54.89,,,,
2019-10-21,59.37,61.45,58.33,60.16,,,,
2019-10-22,61.1,61.31,58.28,59.12,,,,
2019-10-23,58.08,59.74,57.55,58.39,,,,
2019-10-24,60.47,60.47,56.3,59.49,,,,
2019-10-25,58.55,63.46,58.14,62,,,,
2019-10-28,64.4,67.22,64.4,65.55,,,,
2019-10-29,64.71,66.38,63.88,64.19,,,,
2019-10-30,64.3,65.65,61.58,65.41,,,,
2019-10-31,63.94,63.94,56.53,59.97,,,,
2019-11-01,62.9,68.75,62.9,68.75,,,,
2019-11-04,70.08,70.08,66.92,67.75,,,,
2019-11-05,68.24,68.74,66.86,67.88,,,,
2019-11-06,66.4,66.69,63.92,65.11,,,,
2019-11-07,66.89,67.09,63.52,64.12,,,,
2019-11-08,63.33,65.21,63.03,65.11,,,,
2019-11-11,63.62,64.42,63.13,63.92,,,,
2019-11-12,64.02,65.51,62.43,62.99,,,,
2019-11-13,60.31,62.2,59.52,61.4,,,,
2019-11-14,60.01,61.7,59.92,60.47,,,,
2019-11-15,62.16,62.76,60.87,62.26,,,,
2019-11-18,59.88,60.57,58.39,59.28,,,,
2019-11-19,61.27,63.55,59.78,62.36,,,,
2019-11-20,62.36,64.94,59.18,61.37,,,,
2019-11-21,61.17,61.17,57.99,58.78,,,,
2019-11-22,60.97,61.46,58.19,61.09,,,,
2019-11-25,63.78,69.85,63.78,68.95,,,,
2019-11-26,68.25,70.44,68.15,69.05,,,,
2019-11-27,69.75,71.14,69.35,70.84,,,,
2019-11-29,69.55,70.44,69.15,69.65,,,,
2019-12-02,68.85,68.85,64.27,65.1,,,,
2019-12-03,58.43,61.25,57.6,60.93,,,,
2019-12-04,64.16,67.39,64.16,65.31,,,,
2019-12-05,67.29,67.29,64.79,65.93,,,,
2019-12-06,70.52,71.04,69.68,69.76,,,,
2019-12-09,69.55,69.76,67.46,67.46,,,,
2019-12-10,67.25,68.82,65.38,66.11,,,,
2019-12-11,66.42,68.4,65.58,68.3,,,,
2019-12-12,70.07,72.47,68.19,71.11,,,,
2019-12-13,72.47,72.67,68.82,70.38,,,,
2019-12-16,73.61,75.28,72.05,72.05,,,,
2019-12-17,71.84,73.79,71.84,73.79,,,,
2019-12-18,72.96,73.9,71.39,73.48,,,,
2019-12-19,71.29,75.46,71.29,74.6,,,,
2019-12-20,75.96,76.48,74.6,74.92,,,,
2019-12-23,73.77,75.86,73.77,75.31,,,,
2019-12-24,75.1,75.62,74.79,75.52,,,,
2019-12-26,75.94,75.94,73.53,74.68,,,,
2019-12-27,73.43,73.43,71.33,71.62,,,,
2019-12-30,68.58,71.41,68.06,69.21,,,,
2019-12-31,69,71.51,69,70.47,,,,
2020-01-02,72.14,72.14,65.65,71.27,,,,
2020-01-03,64.25,69.6,63.31,68.34,,,,
2020-01-06,68.72,68.72,60.12,68.01,,,,
2020-01-07,64.87,66.19,63.25,64.57,,,,
2020-01-08,65.89,68.62,65.08,67.17,,,,
2020-01-09,68.38,70.71,68.18,68.49,,,,
2020-01-10,67.07,68.69,63.82,64.53,,,,
2020-01-13,63.12,67.07,63.12,66.66,,,,
2020-01-14,64.74,71.42,64.74,68.35,,,,
2020-01-15,70.79,72,66.63,69.06,,,,
2020-01-16,75.86,77.68,75.55,76.57,,,,
2020-01-17,77.18,77.18,73.12,73.5,,,,
2020-01-21,69.81,70.93,65.95,66.66,,,,
2020-01-22,68.29,68.29,64.43,65.04,,,,
2020-01-23,60.67,65.04,60.16,64.32,,,,
2020-01-24,63.82,63.82,53.25,55.79,,,,
2020-01-27,47.86,50.2,47.15,48.42,,,,
2020-01-28,48.42,53.5,48.42,52.69,,,,
2020-01-29,53.5,53.5,48.11,48.11,,,,
2020-01-30,46.49,47.91,43.13,47.91,,,,
2020-01-31,44.65,44.65,37.94,38.55,,,,
2020-02-03,41.2,43.54,41.2,41.69,,,,
2020-02-04,49.03,50.25,47.4,49.33,,,,
2020-02-05,53.72,55.45,51.27,55.35,,,,
2020-02-06,54.53,55.14,52.49,53.21,,,,
2020-02-07,49.84,49.84,47.19,48.31,,,,
2020-02-10,47.5,49.03,46.78,49.03,,,,
2020-02-11,51.07,52.9,50.45,50.91,,,,
2020-02-12,53.06,53.67,51.73,53.26,,,,
2020-02-13,52.24,53.46,51.42,53.06,,,,
2020-02-14,51.32,51.93,49.18,50.3,,,,
2020-02-18,48.77,49.69,46.93,48.26,,,,
2020-02-19,50.4,52.55,49.59,50.51,,,,
2020-02-20,51.22,52.65,48.36,50.51,,,,
2020-02-21,46.93,47.24,45.2,45.91,,,,
2020-02-24,35,36.02,31.02,33.09,,,,
2020-02-25,32.58,32.58,21.75,21.96,,,,
2020-02-26,26.04,26.86,20.02,20.42,,,,
2020-02-27,13.89,17.77,12.15,12.15,,,,
2020-02-28,9.19,12.41,8.06,12.41,,,,
2020-03-02,12.1,17.86,11.2,17.86,,,,
2020-03-03,16.44,20.28,12.81,14.04,,,,
2020-03-04,16.96,22.42,16.76,22.42,,,,
2020-03-05,17.67,19.59,15.45,17.27,,,,
2020-03-06,12.62,14.44,10.2,13.33,,,,
2020-03-09,6.26,8.48,5.25,5.75,,,,
2020-03-10,7.07,8.48,5.15,8.48,,,,
2020-03-11,6.36,6.76,3.93,4.74,,,,
2020-03-12,2.32,2.92,2.32,2.32,,,,
2020-03-13,2.92,3.73,1.81,3.73,,,,
2020-03-16,2.22,2.72,1.51,2.12,,,,
2020-03-17,2.02,3.93,2.02,3.83,,,,
2020-03-18,3.13,3.73,2.52,3.03,,,,
2020-03-19,2.73,3.64,2.52,3.23,,,,
2020-03-20,3.13,3.64,2.42,2.83,,,,
2020-03-23,2.73,3.23,2.12,3.13,,,,
2020-03-24,4.04,4.55,3.43,4.55,,,,
2020-03-25,5.35,6.37,4.24,4.24,,,,
2020-03-26,5.25,6.97,4.75,6.97,,,,
2020-03-27,5.05,6.57,5.05,5.25,,,,
2020-03-30,6.06,8.89,6.06,8.79,,,,
2020-03-31,9.4,10.31,7.28,8.59,,,,
2020-04-01,7.28,8.29,5.46,5.74,,,,
2020-04-02,5.14,7.96,5.14,7.96,,,,
2020-04-03,8.36,8.36,6.04,6.65,,,,
2020-04-06,10.28,13.7,10.28,13.62,,,,
2020-04-07,13.62,17.45,12.2,12.41,,,,
2020-04-08,13.52,18.26,12.71,17.35,,,,
2020-04-09,23.3,24.01,19.27,23.23,,,,
2020-04-13,20.6,20.9,18.48,20.6,,,,
2020-04-14,28.28,30.9,26.66,30.7,,,,
2020-04-15,23.53,26.36,22.62,24.34,,,,
2020-04-16,27.47,27.57,23.53,27.57,,,,
2020-04-17,33.83,37.07,32.52,36.76,,,,
2020-04-20,34.74,40.4,34.74,35.99,,,,
2020-04-21,31.34,32.15,26.39,28.1,,,,
2020-04-22,33.67,36.19,32.96,35.18,,,,
2020-04-23,39.83,42.06,37.1,37.2,,,,
2020-04-24,40.24,43.27,38.11,42.81,,,,
2020-04-27,48.88,57.89,48.88,56.17,,,,
2020-04-28,66.09,66.09,58.7,61.03,,,,
2020-04-29,72.57,83.29,72.57,81.15,,,,
2020-04-30,73.86,77,70.82,71.19,,,,
2020-05-01,62.88,62.88,51.72,56.59,,,,
2020-05-04,54.41,60.91,54.11,60.91,,,,
2020-05-05,68.62,72.48,64.36,64.36,,,,
2020-05-06,64.36,65.98,62.94,62.94,,,,
2020-05-07,69.64,70.45,66.9,67.41,,,,
2020-05-08,67.41,78.57,67.41,78.07,,,,
2020-05-11,75.02,77.56,72.18,74.41,,,,
2020-05-12,74.41,74.41,67.3,67.3,,,,
2020-05-13,64.26,65.17,56.24,59.18,,,,
2020-05-14,54.72,61.11,51.47,61.11,,,,
2020-05-15,61.11,65.27,61.01,64.26,,,,
2020-05-18,78.88,83.24,77.15,82.53,,,,
2020-05-19,81.11,83.24,77.46,77.46,,,,
2020-05-20,82.13,85.48,82.03,83.85,,,,
2020-05-21,84.67,85.17,82.23,83.14,,,,
2020-05-22,83.24,83.45,80.91,83.04,,,,
2020-05-26,91.16,91.57,89.64,89.84,,,,
2020-05-27,92.18,93.19,88.83,93.09,,,,
2020-05-28,93.6,93.9,90.96,90.96,,,,
2020-05-29,88.12,88.93,85.78,88.93,,,,
2020-06-01,88.32,90.25,88.32,88.62,,,,
2020-06-02,88.62,90.05,88.02,89.71,,,,
2020-06-03,90.62,92.94,90.62,92.12,,,,
2020-06-04,91.51,92.62,90.2,91.11,,,,
2020-06-05,93.23,94.04,93.03,93.43,,,,
2020-06-08,93.53,95.25,93.53,94.94,,,,
2020-06-09,94.24,95.35,93.83,94.43,,,,
2020-06-10,94.74,94.74,92.41,92.51,,,,
2020-06-11,82.91,85.74,72.39,72.39,,,,
2020-06-12,83.41,83.41,67.74,78.36,,,,
2020-06-15,66.63,81.79,66.63,81.09,,,,
2020-06-16,89.68,90.69,84.63,88.05,,,,
2020-06-17,87.65,87.65,80.26,80.76,,,,
2020-06-18,79.04,81.78,78.74,79.65,,,,
2020-06-19,82.48,82.48,75.6,79.75,,,,
2020-06-22,72.36,79.85,72.36,79.55,,,,
2020-06-23,83.5,83.5,78.94,78.94,,,,
2020-06-24,73.58,73.58,60.42,63.25,,,,
2020-06-25,58.8,68.79,58.8,68.79,,,,
2020-06-26,64.13,64.13,54.5,55.31,,,,
2020-06-29,55.42,68.79,55.42,67.44,,,,
2020-06-30,68.15,74.34,66.43,73.52,,,,
2020-07-01,74.44,74.44,64.7,66.19,,,,
2020-07-02,74.67,75.27,65.59,65.85,,,,
2020-07-06,73.27,73.58,66.7,68.52,,,,
2020-07-07,61.94,64.87,58.8,59.71,,,,
2020-07-08,59.31,62.04,54.65,59.81,,,,
2020-07-09,57.89,57.89,49.69,53.13,,,,
2020-07-10,53.13,57.48,52.42,57.38,,,,
2020-07-13,59,64.27,51.31,51.31,,,,
2020-07-14,51.82,56.88,48.17,56.88,,,,
2020-07-15,66.9,75.1,66.9,73.98,,,,
2020-07-16,66.9,71.55,66.19,69.33,,,,
2020-07-17,69.63,71.45,67.2,68.72,,,,
2020-07-20,67.91,68.31,65.48,67.61,,,,
2020-07-21,70.64,75,70.34,72.26,,,,
2020-07-22,69.63,71.35,66.7,68.69,,,,
2020-07-23,67.88,73.15,66.76,68.49,,,,
2020-07-24,64.03,65.45,59.67,60.38,,,,
2020-07-27,59.77,61.6,57.85,61.6,,,,
2020-07-28,60.48,60.89,55.72,55.72,,,,
2020-07-29,58.15,63.93,57.75,63.72,,,,
2020-07-30,56.94,60.68,55.31,60.44,,,,
2020-07-31,57.91,57.91,49.59,56.03,,,,
2020-08-03,56.13,60.06,55.53,60.06,,,,
2020-08-04,59.15,60.96,57.84,60.82,,,,
2020-08-05,64.04,65.86,61.63,65.76,,,,
2020-08-06,63.84,64.35,60.52,63.14,,,,
2020-08-07,61.43,67.77,61.43,67.77,,,,
2020-08-10,69.98,71.19,69.08,70.89,,,,
2020-08-11,71.5,73.51,69.28,69.98,,,,
2020-08-12,72.4,72.4,69.18,70.39,,,,
2020-08-13,68.78,71.09,68.27,69.78,,,,
2020-08-14,67.27,69.68,66.46,68.47,,,,
2020-08-17,69.48,70.59,68.47,69.78,,,,
2020-08-18,70.09,70.19,65.25,65.65,,,,
2020-08-19,66.36,68.88,66.36,67.77,,,,
2020-08-20,62.63,62.94,61.12,61.83,,,,
2020-08-21,60.32,60.32,55.68,57.6,,,,
2020-08-24,61.12,63.44,59.71,63.44,,,,
2020-08-25,64.35,65.96,62.73,65.55,,,,
2020-08-26,65.05,65.65,62.13,62.43,,,,
2020-08-27,63.04,65.25,62.23,64.24,,,,
2020-08-28,65.25,66.16,63.54,66.16,,,,
2020-08-31,64.14,65.65,63.24,63.24,,,,
2020-09-01,60.42,64.16,60.42,64.16,,,,
2020-09-02,64.06,68.5,63.86,68.28,,,,
2020-09-03,66,66.89,53.95,56.02,,,,
2020-09-04,58.59,58.59,43.97,52.37,,,,
2020-09-08,41.6,46.73,38.33,38.53,,,,
2020-09-09,43.77,45.94,41.4,43.47,,,,
2020-09-10,46.24,47.43,37.54,37.54,,,,
2020-09-11,38.04,38.93,33.1,34.98,,,,
2020-09-14,39.32,44.96,39.32,44.66,,,,
2020-09-15,47.62,48.12,44.16,44.76,,,,
2020-09-16,45.75,52.37,45.75,46.98,,,,
2020-09-17,37.38,43.81,37.38,43.81,,,,
2020-09-18,45.1,45.69,35.8,40.05,,,,
2020-09-21,30.56,30.56,27,29.87,,,,
2020-09-22,30.86,32.64,26.7,32.64,,,,
2020-09-23,32.73,33.43,24.92,25.12,,,,
2020-09-24,21.85,26.5,20.87,23.44,,,,
2020-09-25,22.55,29.27,22.55,28.48,,,,
2020-09-28,34.02,37.78,33.13,37.19,,,,
2020-09-29,36.99,38.08,34.02,35.8,,,,
2020-09-30,38.37,41.93,35.01,36.73,,,,
2020-10-01,41.38,45.49,38.61,45.49,,,,
2020-10-02,39.24,46.08,39.24,43.9,,,,
2020-10-05,49.05,56.29,48.95,56.15,,,,
2020-10-06,58.73,67.65,54.36,54.71,,,,
2020-10-07,60.57,65.93,60.57,64.77,,,,
2020-10-08,68.95,69.65,66.96,69.45,,,,
2020-10-09,73.43,73.43,70.24,72.33,,,,
2020-10-12,74.02,76.71,73.03,75.82,,,,
2020-10-13,74.02,74.82,70.34,71.14,,,,
2020-10-14,73.23,73.73,66.33,66.33,,,,
2020-10-15,60.85,69.52,60.85,69.19,,,,
2020-10-16,70.08,71.18,67.59,69.09,,,,
2020-10-19,71.28,72.28,61.01,61.61,,,,
2020-10-20,66.89,68.59,63.9,64.2,,,,
2020-10-21,64.1,65.7,61.71,61.71,,,,
2020-10-22,63.7,68.79,60.51,67.79,,,,
2020-10-23,69.19,70.08,66.6,69.79,,,,
2020-10-26,66,66,55.23,60.11,,,,
2020-10-27,60.01,61.61,56.13,56.48,,,,
2020-10-28,46.4,48.3,41.81,41.81,,,,
2020-10-29,41.61,49.9,39.62,47.3,,,,
2020-10-30,45.8,45.8,37.82,42.06,,,,
2020-11-02,45.61,48.07,43.05,48.07,,,,
2020-11-03,53.89,59.01,53,58.08,,,,
2020-11-04,62.52,68.34,60.55,62.32,,,,
2020-11-05,68.34,72.68,68.34,71.69,,,,
2020-11-06,71.3,71.3,66.76,67.25,,,,
2020-11-09,79.38,80.47,72.48,72.48,,,,
2020-11-10,73.37,74.26,69.72,72.87,,,,
2020-11-11,74.06,76.03,73.27,76.03,,,,
2020-11-12,75.64,76.62,71.99,73.37,,,,
2020-11-13,75.44,77.31,75.24,76.8,,,,
2020-11-16,78.18,79.56,77.09,78.67,,,,
2020-11-17,77.69,78.67,75.61,78.28,,,,
2020-11-18,78.38,78.77,75.32,75.32,,,,
2020-11-19,74.72,77.49,74.72,77.25,,,,
2020-11-20,76.26,78.04,76.16,77.05,,,,
2020-11-23,78.83,78.83,76.45,78.04,,,,
2020-11-24,79.03,79.12,77.94,78.14,,,,
2020-11-25,78.53,79.62,77.94,79.52,,,,
2020-11-27,80.81,82.59,80.81,82.59,,,,
2020-11-30,83.87,83.87,79.32,81.8,,,,
2020-12-01,82.59,83.83,81.89,83.83,,,,
2020-12-02,81.43,82.43,80.23,81.63,,,,
2020-12-03,81.73,82.93,81.43,81.93,,,,
2020-12-04,82.43,84.23,81.63,84.23,,,,
2020-12-07,84.63,84.73,83.13,83.53,,,,
2020-12-08,82.63,84.43,82.23,84.13,,,,
2020-12-09,84.93,85.02,79.44,80.43,,,,
2020-12-10,78.64,82.03,78.64,81.83,,,,
2020-12-11,80.43,82.23,78.44,81.43,,,,
2020-12-14,84.23,86.12,82.63,82.63,,,,
2020-12-15,83.63,85.52,83.33,85.52,,,,
2020-12-16,86.12,86.92,85.02,85.52,,,,
2020-12-17,86.22,87.02,86.02,86.41,,,,
2020-12-18,87.81,87.91,86.01,86.11,,,,
2020-12-21,83.61,84.51,81.11,84.51,,,,
2020-12-22,84.51,84.61,83.61,84,,,,
2020-12-23,85.8,86.8,85.59,86.19,,,,
2020-12-24,86.69,86.69,85.8,86.4,,,,
2020-12-28,87.19,87.19,84.3,84.4,,,,
2020-12-29,85.8,85.8,81.59,83.28,,,,
2020-12-30,83.98,84.78,83.78,83.78,,,,
2020-12-31,82.08,84.34,81.18,83.93,,,,
2021-01-04,84.04,84.44,76.46,79.79,,,,
2021-01-05,80.7,84.24,80.7,82.52,,,,
2021-01-06,83.33,88.28,83.33,85.72,,,,
2021-01-07,87.65,89.17,87.44,89.15,,,,
2021-01-08,90.07,90.37,87.03,89.66,,,,
2021-01-11,86.52,87.53,85.1,85.61,,,,
2021-01-12,85.41,85.91,84.09,85.51,,,,
2021-01-13,85.81,85.81,83.58,83.58,,,,
2021-01-14,84.49,86.52,84.19,85.2,,,,
2021-01-15,83.78,84.19,81.35,83.08,,,,
2021-01-19,83.99,83.99,82.37,83.38,,,,
2021-01-20,84.19,85.41,84.09,84.9,,,,
2021-01-21,84.8,84.8,82.97,83.99,,,,
2021-01-22,81.45,84.29,80.64,83.99,,,,
2021-01-25,83.18,84.29,80.54,84.09,,,,
2021-01-26,84.39,84.39,80.52,80.52,,,,
2021-01-27,67.44,73.63,66.12,66.32,,,,
2021-01-28,70.38,72.21,69.06,69.13,,,,
2021-01-29,65.27,68.52,58.57,58.57,,,,
2021-02-01,63.91,69.64,60.7,68.94,,,,
2021-02-02,72.26,77.48,71.85,76.68,,,,
2021-02-03,76.68,76.68,72.16,74.87,,,,
2021-02-04,74.77,81,74.77,81,,,,
2021-02-05,82.41,83.91,81.3,83.91,,,,
2021-02-08,85.72,87.53,85.72,87.53,,,,
2021-02-09,86.73,88.24,86.13,87.73,,,,
2021-02-10,87.83,88.54,85.22,85.92,,,,
2021-02-11,86.63,86.73,82.61,84.6,,,,
2021-02-12,82.99,85.41,82.99,84.1,,,,
2021-02-16,84.29,84.29,80.76,80.86,,,,
2021-02-17,77.34,78.65,75.22,78.14,,,,
2021-02-18,74.52,76.23,72.4,74.42,,,,
2021-02-19,76.13,78.75,75.83,75.83,,,,
2021-02-22,71.9,73.41,70.39,70.39,,,,
2021-02-23,61.73,67.47,59.71,66.26,,,,
2021-02-24,66.16,70.69,63.34,70.19,,,,
2021-02-25,68.47,68.47,56.59,56.59,,,,
2021-02-26,59.81,59.81,52.46,56.4,,,,
2021-03-01,62.59,66.59,62.59,66.3,,,,
2021-03-02,64.8,64.8,58.29,58.29,,,,
2021-03-03,57.5,57.5,50.65,50.65,,,,
2021-03-04,49.44,49.44,39.33,42.64,,,,
2021-03-05,42.74,47.94,37.63,47.94,,,,
2021-03-08,50.05,50.25,46.34,46.34,,,,
2021-03-09,50.65,54.05,50.65,51.95,,,,
2021-03-10,55.45,56.35,54.2,54.2,,,,
2021-03-11,57.41,61.22,57.41,60.32,,,,
2021-03-12,58.51,60.62,57.51,60.62,,,,
2021-03-15,60.42,62.42,60.32,62.22,,,,
2021-03-16,63.52,63.62,58.71,60.62,,,,
2021-03-17,57.31,63.02,56.31,61.78,,,,
2021-03-18,58.77,59.17,52.15,52.45,,,,
2021-03-19,52.75,56.26,51.15,55.06,,,,
2021-03-22,56.06,57.17,54.76,55.36,,,,
2021-03-23,54.56,54.56,45.33,46.13,,,,
2021-03-24,48.24,48.64,38.85,38.85,,,,
2021-03-25,36.84,43.67,34.73,42.97,,,,
2021-03-26,43.77,48.69,43.17,48.69,,,,
2021-03-29,47.79,47.79,42.36,42.87,,,,
2021-03-30,42.06,44.97,40.96,44.07,,,,
2021-03-31,45.48,51,45.48,47.79,,,,
2021-04-01,51.1,54.61,51.1,54.12,,,,
2021-04-05,56.31,57.31,54.32,57.11,,,,
2021-04-06,57.11,58.9,55.53,55.53,,,,
2021-04-07,54.63,54.63,51.14,51.24,,,,
2021-04-08,53.04,55.13,51.24,54.89,,,,
2021-04-09,53.79,55.28,52.49,54.89,,,,
2021-04-12,53.59,55.08,52.29,54.89,,,,
2021-04-13,56.08,56.08,51.09,54.49,,,,
2021-04-14,56.48,60.67,54.79,54.79,,,,
2021-04-15,56.88,59.28,54.79,58.98,,,,
2021-04-16,59.78,60.37,57.18,59.18,,,,
2021-04-19,57.48,58.68,51.39,53.04,,,,
2021-04-20,51.74,51.74,41.95,44.09,,,,
2021-04-21,43.29,52.9,43.29,52.9,,,,
2021-04-22,53.7,58.59,51,51.8,,,,
2021-04-23,54.9,61.52,54.9,59.87,,,,
2021-04-26,63.28,66.09,62.38,65.72,,,,
2021-04-27,67.53,67.53,63.11,64.22,,,,
2021-04-28,62.21,64.52,61.6,63.41,,,,
2021-04-29,65.43,65.43,58.66,62.74,,,,
2021-04-30,59.36,60.95,54.98,55.17,,,,
2021-05-03,58.06,58.06,54.38,55.03,,,,
2021-05-04,50.84,50.84,44.56,47.1,,,,
2021-05-05,48.2,48.4,44.91,45.3,,,,
2021-05-06,43.11,45.2,40.21,45.2,,,,
2021-05-07,45.8,50.29,45.8,49.95,,,,
2021-05-10,48.35,48.35,40.25,40.25,,,,
2021-05-11,37.06,41.05,35.66,39.86,,,,
2021-05-12,38.86,38.86,28.57,29.37,,,,
2021-05-13,31.96,39.36,31.96,37.46,,,,
2021-05-14,39.16,45.15,39.16,44.15,,,,
2021-05-17,42.45,43.65,40.55,43.65,,,,
2021-05-18,43.85,47.45,40.09,40.09,,,,
2021-05-19,33.5,39.09,32.29,39.03,,,,
2021-05-20,38.93,45.94,38.93,44.24,,,,
2021-05-21,46.94,50.35,45.54,45.54,,,,
2021-05-24,47.44,49.94,46.24,47.14,,,,
2021-05-25,49.64,52.25,42.04,42.04,,,,
2021-05-26,45.84,50.05,44.54,50.05,,,,
2021-05-27,52.15,54.65,51.35,53.85,,,,
2021-05-28,55.65,56.55,54.35,54.98,,,,
2021-06-01,57.07,58.76,53.68,55.47,,,,
2021-06-02,55.97,55.97,53.58,55.07,,,,
2021-06-03,50.69,52.58,47.6,51.69,,,,
2021-06-04,53.38,54.38,52.39,54.08,,,,
2021-06-07,54.28,57.96,54.28,57.56,,,,
2021-06-08,59.06,61.75,55.47,60.45,,,,
2021-06-09,62.74,62.74,56.87,56.97,,,,
2021-06-10,57.76,59.16,54.58,56.37,,,,
2021-06-11,58.36,60.01,56.77,60.01,,,,
2021-06-14,61.71,61.71,56.53,57.92,,,,
2021-06-15,58.12,58.12,53.33,56.98,,,,
2021-06-16,55.98,57.38,52.09,55.88,,,,
2021-06-17,56.38,57.58,49.3,53.19,,,,
2021-06-18,48.3,48.3,42.91,44.55,,,,
2021-06-21,44.75,51.64,44.75,51.14,,,,
2021-06-22,48.35,52.94,46.95,52.54,,,,
2021-06-23,53.94,54.44,51.94,52.29,,,,
2021-06-24,55,58,54.9,58,,,,
2021-06-25,59.9,63.79,59.29,62.79,,,,
2021-06-28,63.2,63.2,58.29,61.35,,,,
2021-06-29,62.54,62.54,58.56,58.66,,,,
2021-06-30,57.07,58.46,56.07,57.27,,,,
2021-07-01,59.16,61.05,58.06,59.76,,,,
2021-07-02,60.35,60.35,55.37,56.37,,,,
2021-07-06,56.13,56.13,50.14,51.94,,,,
2021-07-07,54.03,54.03,46.46,49.05,,,,
2021-07-08,42.27,47.25,40.27,45.46,,,,
2021-07-09,47.35,52.94,47.35,52.64,,,,
2021-07-12,51.84,54.33,50.84,54.33,,,,
2021-07-13,52.14,52.64,47.15,47.15,,,,
2021-07-14,49.85,50.84,40.77,41.07,,,,
2021-07-15,35.59,40.67,32.5,36.88,,,,
2021-07-16,38.78,38.78,33.63,33.63,,,,
2021-07-19,28.24,32.33,27.34,29.47,,,,
2021-07-20,30.56,41.85,30.56,40.35,,,,
2021-07-21,42.15,45.75,41.75,45.75,,,,
2021-07-22,44.15,44.15,39.86,41.85,,,,
2021-07-23,41.85,43.75,39.66,43.59,,,,
2021-07-26,44,44.5,40.59,42,,,,
2021-07-27,39.59,39.59,33.7,36.4,,,,
2021-07-28,39.2,45.7,38.09,44.04,,,,
2021-07-29,46.14,48.74,45.14,45.24,,,,
2021-07-30,43.24,48.14,43.14,44.35,,,,
2021-08-02,47.3,47.59,42.43,42.43,,,,
2021-08-03,42.33,44.89,38.5,44.89,,,,
2021-08-04,41.45,43.81,40.56,41.25,,,,
2021-08-05,41.74,46.36,41.74,46.36,,,,
2021-08-06,48.23,48.33,45.28,47.34,,,,
2021-08-09,44.89,48.23,44.89,46.26,,,,
2021-08-10,45.57,47.05,45.38,46.46,,,,
2021-08-11,46.56,48.42,44.49,48.42,,,,
2021-08-12,47.34,47.64,45.87,47.15,,,,
2021-08-13,47.15,47.15,45.08,45.97,,,,
2021-08-16,42.23,44.2,42.23,43.71,,,,
2021-08-17,40.17,41.35,36.93,40.17,,,,
2021-08-18,39.58,43.22,38.01,38.01,,,,
2021-08-19,33.3,35.85,33.3,34.08,,,,
2021-08-20,34.18,40.37,34.18,39.78,,,,
2021-08-23,44,47.44,44,46.95,,,,
2021-08-24,48.23,50.29,48.23,49.21,,,,
2021-08-25,49.01,54.51,49.01,52.25,,,,
2021-08-26,52.65,53.73,49.01,49.01,,,,
2021-08-27,50.98,59.82,50.98,58.84,,,,
2021-08-30,59.43,59.43,55.2,55.26,,,,
2021-08-31,55.94,59.09,54.86,58.36,,,,
2021-09-01,58.36,61.71,56.69,60.24,,,,
2021-09-02,61.65,64.37,61.15,63.23,,,,
2021-09-03,61.61,61.71,58.18,59.35,,,,
2021-09-07,59.85,61.88,55.3,55.4,,,,
2021-09-08,53.79,55,49.74,51.87,,,,
2021-09-09,50.65,56.42,50.65,50.96,,,,
2021-09-10,49.94,50.45,46,46,,,,
2021-09-13,46.81,48.63,44.69,48.12,,,,
2021-09-14,49.44,49.74,42.06,42.4,,,,
2021-09-15,42.51,47.06,42.4,46.76,,,,
2021-09-16,47.57,48.58,43.92,47.01,,,,
2021-09-17,48.22,48.22,44.47,47.82,,,,
2021-09-20,38.19,38.8,32.32,37.99,,,,
2021-09-21,40.32,40.32,36.37,37.89,,,,
2021-09-22,41.13,47.82,40.72,44.57,,,,
2021-09-23,48.22,55.62,48.22,53.39,,,,
2021-09-24,50.35,54.1,49.13,51.87,,,,
2021-09-27,55.31,55.31,55.31,55.31,,,,
2021-09-28,50.96,50.96,42.65,42.75,,,,
2021-09-29,42.14,44.37,40.22,40.22,,,,
2021-09-30,43.16,44.78,37.99,37.99,,,,
2021-10-01,38.09,44.17,34.54,42.24,,,,
2021-10-04,35.7,36.06,34.55,35.32,,,,
2021-10-05,35.77,39.69,34.61,37.23,,,,
2021-10-06,34.46,37.32,32.67,37.14,,,,
2021-10-07,41.51,46.42,41.51,43.96,,,,
2021-10-08,43.61,44.14,41.19,41.32,,,,
2021-10-11,41.23,43.64,39.62,39.62,,,,
2021-10-12,40.87,41.5,39.62,40.51,,,,
2021-10-13,41.59,42.48,38.64,42.39,,,,
2021-10-14,45.52,49.28,45.52,48.03,,,,
2021-10-15,51.87,51.87,49.19,49.37,,,,
2021-10-18,48.65,49.28,47.85,48.12,,,,
2021-10-19,49.55,51.52,49.1,50.67,,,,
2021-10-20,50.58,53.53,50.49,53.04,,,,
2021-10-21,52.86,53.4,51.34,52.95,,,,
2021-10-22,51.97,53.94,50.8,51.43,,,,
2021-10-25,52.5,54.56,50.53,53.85,,,,
2021-10-26,54.39,55.73,51.97,52.41,,,,
2021-10-27,51.43,51.43,44.71,44.89,,,,
2021-10-28,47.31,51.25,47.31,51.07,,,,
2021-10-29,49.28,54.98,49.28,54.98,,,,
2021-11-01,56.37,63.7,56.37,63.7,,,,
2021-11-02,62.21,62.61,60.41,62.41,,,,
2021-11-03,61.31,68.09,60.81,67.39,,,,
2021-11-04,67.99,68.59,65.2,66.5,,,,
2021-11-05,68.19,69.89,65.7,67.09,,,,
2021-11-08,69.39,69.79,67.69,68.26,,,,
2021-11-09,68.86,68.86,66.26,67.96,,,,
2021-11-10,65.86,66.76,61.27,62.67,,,,
2021-11-11,64.67,64.87,63.27,63.27,,,,
2021-11-12,64.87,64.87,62.07,63.27,,,,
2021-11-15,63.87,64.27,61.07,61.77,,,,
2021-11-16,60.47,62.17,60.47,61.17,,,,
2021-11-17,59.68,59.68,56.98,57.68,,,,
2021-11-18,57.58,57.58,52.59,53.79,,,,
2021-11-19,52.29,52.89,51.09,51.09,,,,
2021-11-22,52.19,53.69,49.5,49.5,,,,
2021-11-23,48.4,49.8,44.01,47.7,,,,
2021-11-24,44.61,47.5,44.01,46.85,,,,
2021-11-26,39.36,39.36,32.06,35.56,,,,
2021-11-29,40.45,40.45,34.26,36.29,,,,
2021-11-30,33.4,33.4,25.89,26.6,,,,
2021-12-01,32.37,36.15,21.93,21.93,,,,
2021-12-02,22.03,29.41,22.03,28.34,,,,
2021-12-03,27.94,27.94,21.35,23.35,,,,
2021-12-06,27.34,32.13,27.34,29.94,,,,
2021-12-07,34.83,39.22,34.83,36.62,,,,
2021-12-08,36.32,39.22,36.22,37.92,,,,
2021-12-09,35.02,36.22,30.83,30.83,,,,
2021-12-10,33.83,33.83,28.64,30.76,,,,
2021-12-13,29.87,29.87,25.77,26.7,,,,
2021-12-14,25.79,26.6,23.7,24.7,,,,
2021-12-15,24,29,22.39,28.6,,,,
2021-12-16,29.5,31.5,24,24.79,,,,
2021-12-17,23.79,28.29,22.1,26,,,,
2021-12-20,21.6,22.1,18.89,22.1,,,,
2021-12-21,25.39,31.2,24.79,31.2,,,,
2021-12-22,29.1,34.4,29.1,34.2,,,,
2021-12-23,36.29,38.9,35.59,37.7,,,,
2021-12-27,38.29,40.9,37,40.9,,,,
2021-12-28,41.4,44.59,40.59,42,,,,
2021-12-29,41.09,43,41.09,42.29,,,,
2021-12-30,43.79,46.59,42.64,42.64,,,,
2021-12-31,43.04,44.34,41.94,42.44,,,,
2022-01-03,47.79,50.04,44.38,48.51,,,,
2022-01-04,52.83,52.83,46.36,47.61,,,,
2022-01-05,47.88,49.14,36.29,36.38,,,,
2022-01-06,37.55,41.5,34.95,37.94,,,,
2022-01-07,38.39,39.92,33.66,33.66,,,,
2022-01-10,31.68,31.8,27.99,31.8,,,,
2022-01-11,33.33,36.21,30.54,36.12,,,,
2022-01-12,38.91,38.91,32.52,34.05,,,,
2022-01-13,35.49,37.47,32.7,32.7,,,,
2022-01-14,31.35,33.6,30.27,33.6,,,,
2022-01-18,30.9,30.9,27.74,27.83,,,,
2022-01-19,28.55,28.55,23.96,23.96,,,,
2022-01-20,25.94,29,20.09,20.09,,,,
2022-01-21,18.55,22.79,15.85,15.87,,,,
2022-01-24,14.06,20.28,11.27,19.92,,,,
2022-01-25,17.4,20.1,12.53,18.12,,,,
2022-01-26,20.91,22.27,14.51,16.51,,,,
2022-01-27,19.31,19.85,12.63,13.62,,,,
2022-01-28,12.81,16.69,12.36,16.51,,,,
2022-01-31,16.06,22.56,16.06,22.56,,,,
2022-02-01,21.93,25.11,20.48,25.11,,,,
2022-02-02,25.83,25.83,22.41,24.75,,,,
2022-02-03,22.23,24.57,20.27,20.27,,,,
2022-02-04,20.27,24.5,18.1,22.61,,,,
2022-02-07,23.78,26.03,22.61,24.14,,,,
2022-02-08,24.68,31.62,24.68,31.53,,,,
2022-02-09,35.94,37.65,35.31,37.29,,,,
2022-02-10,33.42,41.44,32.43,33.24,,,,
2022-02-11,35.22,36.66,26.84,28.73,,,,
2022-02-14,29.09,32.34,25.67,27.29,,,,
2022-02-15,33.51,38.64,33.51,38.64,,,,
2022-02-16,34.59,38.82,33.87,38.32,,,,
2022-02-17,33.09,33.09,28.99,28.99,,,,
2022-02-18,28.36,30.17,25.47,26.55,,,,
2022-02-22,24.39,26.19,21.58,23.21,,,,
2022-02-23,26.01,26.01,17.97,18.26,,,,
2022-02-24,12.38,23.68,12.38,23.59,,,,
2022-02-25,26.67,32.54,24.59,32.18,,,,
2022-02-28,33.09,33.09,33,33.09,,,,
2022-03-01,30.92,30.92,25.76,26.49,,,,
2022-03-02,31.35,36.75,30.54,35.58,,,,
2022-03-03,36.21,36.21,29,30.05,,,,
2022-03-04,27.7,27.7,23.19,25.09,,,,
2022-03-07,25.45,25.45,21.75,21.75,,,,
2022-03-08,22.11,25.81,21.57,21.86,,,,
2022-03-09,25.47,29.17,25.47,28.18,,,,
2022-03-10,25.02,26.73,23.21,26.55,,,,
2022-03-11,28.72,29.26,24.2,24.2,,,,
2022-03-14,25.02,25.02,18.24,19.34,,,,
2022-03-15,21.15,23.14,19.98,22.89,,,,
2022-03-16,28.59,35.11,25.52,35.11,,,,
2022-03-17,36.28,41.99,36.28,41.53,,,,
2022-03-18,40.36,49.68,40.36,49.41,,,,
2022-03-21,48.86,48.86,42.17,44.07,,,,
2022-03-22,47.78,52.94,47.78,51.13,,,,
2022-03-23,48.41,51.67,43.43,43.52,,,,
2022-03-24,45.88,51.67,43.34,51.58,,,,
2022-03-25,52.21,52.21,46.33,49.86,,,,
2022-03-28,50.67,50.85,44.07,50.85,,,,
2022-03-29,61.9,67.14,59.63,66.21,,,,
2022-03-30,64.94,65.12,55.16,55.97,,,,
2022-03-31,55.97,56.61,50.45,50.49,,,,
2022-04-01,54.57,55.3,50.95,54.75,,,,
2022-04-04,56.09,60.9,56.09,60.4,,,,
2022-04-05,58.5,58.5,49.2,49.2,,,,
2022-04-06,41.4,43.2,38.9,42.14,,,,
2022-04-07,42.04,42.54,35.93,39.93,,,,
2022-04-08,39.23,41.84,37.83,37.87,,,,
2022-04-11,35.27,37.17,34.36,34.6,,,,
2022-04-12,38.31,41.12,33.7,34.63,,,,
2022-04-13,35.84,42.16,35.84,41.26,,,,
2022-04-14,40.66,40.76,37.85,37.85,,,,
2022-04-18,36.54,36.54,32.63,33.03,,,,
2022-04-19,34.53,42.26,34.53,41.46,,,,
2022-04-20,43.27,43.97,40.66,40.66,,,,
2022-04-21,44.27,44.27,34.23,34.73,,,,
2022-04-22,33.83,33.83,27.61,27.91,,,,
2022-04-25,25.6,29.81,22.18,29.81,,,,
2022-04-26,27.3,27.3,18.77,18.77,,,,
2022-04-27,22.08,22.18,18.07,20.18,,,,
2022-04-28,20.78,25.2,18.47,25,,,,
2022-04-29,25.7,26.5,18.07,18.49,,,,
2022-05-02,18.05,20.76,15.44,20.76,,,,
2022-05-03,20.86,23.47,20.46,21.76,,,,
2022-05-04,21.96,31.29,20.16,30.99,,,,
2022-05-05,27.28,27.28,17.65,20.56,,,,
2022-05-06,15.14,18.75,15.14,16.64,,,,
2022-05-09,13.13,14.24,10.13,10.53,,,,
2022-05-10,12.33,12.33,7.92,10.44,,,,
2022-05-11,10.84,13.05,8.63,8.63,,,,
2022-05-12,8.93,9.63,7.32,9.63,,,,
2022-05-13,12.24,15.86,12.24,15.26,,,,
2022-05-16,14.25,15.96,13.35,14.25,,,,
2022-05-17,18.77,22.28,17.57,22.01,,,,
2022-05-18,18.79,18.89,12.46,12.96,,,,
2022-05-19,12.06,16.18,12.06,13.56,,,,
2022-05-20,16.68,16.68,9.94,13.56,,,,
2022-05-23,14.97,16.58,14.47,15.89,,,,
2022-05-24,13.48,14.38,10.66,14.38,,,,
2022-05-25,14.68,19.01,14.68,17.32,,,,
2022-05-26,20.24,25.78,20.24,24.67,,,,
2022-05-27,28.9,35.95,28.9,35.85,,,,
2022-05-31,31.34,35.08,28.71,32.55,,,,
2022-06-01,35.79,35.79,24.97,29.01,,,,
2022-06-02,31.04,40.64,31.04,40.64,,,,
2022-06-03,36.5,37.81,34.37,35.59,,,,
2022-06-06,40.54,41.86,36.09,36.6,,,,
2022-06-07,35.89,42.66,35.89,42.36,,,,
2022-06-08,38.72,42.56,35.69,37.31,,,,
2022-06-09,34.68,36.4,28,28,,,,
2022-06-10,23.66,23.66,18.9,19.63,,,,
2022-06-13,15.68,15.68,9.91,10.72,,,,
2022-06-14,12.04,12.04,9.1,11.13,,,,
2022-06-15,13.96,17.81,13.76,15.19,,,,
2022-06-16,10.84,10.84,7.09,7.59,,,,
2022-06-17,9.62,11.75,9.32,10.43,,,,
2022-06-21,15.7,15.7,14.18,14.18,,,,
2022-06-22,14.99,17.83,14.99,16.1,,,,
2022-06-23,17.93,23.1,17.42,23.1,,,,
2022-06-24,32.42,35.46,30.29,35.46,,,,
2022-06-27,36.77,36.77,32.72,35.66,,,,
2022-06-28,38.9,38.9,26.95,26.95,,,,
2022-06-29,26.13,26.95,23.8,26.64,,,,
2022-06-30,23.3,28.36,19.95,24.03,,,,
2022-07-01,24.03,33.6,24.03,33.6,,,,
2022-07-05,28.91,37.88,26.9,37.88,,,,
2022-07-06,39.29,39.29,35.57,37.82,,,,
2022-07-07,40.14,44.96,40.14,44.96,,,,
2022-07-08,42.15,47.08,42.15,45.06,,,,
2022-07-11,40.12,41.02,38.3,38.7,,,,
2022-07-12,37.9,40.42,34.77,35.88,,,,
2022-07-13,32.35,36.69,32.35,34.57,,,,
2022-07-14,30.74,31.85,27.92,31.45,,,,
2022-07-15,34.57,39.51,32.35,39.51,,,,
2022-07-18,45.26,46.37,37.7,37.7,,,,
2022-07-19,45.06,56.85,45.06,55.74,,,,
2022-07-20,58.46,68.14,58.46,67.91,,,,
2022-07-21,65.89,69.82,62.26,69.82,,,,
2022-07-22,67.2,67.7,59.53,63.16,,,,
2022-07-25,61.65,62.66,59.53,62.42,,,,
2022-07-26,56.76,57.57,54.94,55.71,,,,
2022-07-27,59.55,68.35,59.55,67.74,,,,
2022-07-28,65.21,70.17,62.89,69.86,,,,
2022-07-29,68.95,71.48,68.14,71.08,,,,
2022-08-01,66.66,72.6,66.66,70.29,,,,
2022-08-02,69.88,74.42,69.88,71.7,,,,
2022-08-03,73.51,76.03,73.21,75.73,,,,
2022-08-04,75.62,76.63,74.82,75.42,,,,
2022-08-05,71.8,75.42,71.8,75.42,,,,
2022-08-08,78.24,80.96,76.93,77.44,,,,
2022-08-09,74.52,74.52,70.29,71.5,,,,
2022-08-10,77.34,79.25,77.34,79.25,,,,
2022-08-11,80.36,82.27,78.95,79.35,,,,
2022-08-12,80.06,82.37,79.95,82.37,,,,
2022-08-15,81.26,83.48,80.76,83.18,,,,
2022-08-16,82.98,83.58,81.26,82.88,,,,
2022-08-17,81.06,81.06,77.54,78.85,,,,
2022-08-18,78.04,80.16,77.94,80.16,,,,
2022-08-19,77.74,77.74,73.51,73.99,,,,
2022-08-22,69.75,69.85,65.12,65.72,,,,
2022-08-23,67.13,68.75,65.52,66.33,,,,
2022-08-24,64.61,69.55,64.61,66.93,,,,
2022-08-25,69.65,73.58,69.25,73.48,,,,
2022-08-26,74.19,74.19,57.96,57.96,,,,
2022-08-29,54.23,54.23,51.81,52.01,,,,
2022-08-30,53.12,53.12,43.14,46.27,,,,
2022-08-31,46.47,48.68,41.63,41.63,,,,
2022-09-01,34.47,36.59,31.14,36.59,,,,
2022-09-02,37.8,41.83,31.65,31.88,,,,
2022-09-06,32.49,32.49,27.54,28.75,,,,
2022-09-07,27.95,37.73,27.95,37.73,,,,
2022-09-08,34,41.71,34,41.71,,,,
2022-09-09,46.26,52.62,46.26,51.81,,,,
2022-09-12,54.94,57.57,53.83,57.57,,,,
2022-09-13,46.56,46.56,35.45,36.06,,,,
2022-09-14,33.93,37.57,33.93,37.2,,,,
2022-09-15,36.19,40.64,35.89,36.4,,,,
2022-09-16,29.42,29.82,26.08,29.75,,,,
2022-09-19,26.82,31.57,26.82,31.07,,,,
2022-09-20,29.04,29.25,24.79,27.12,,,,
2022-09-21,26.72,30.06,22.36,22.36,,,,
2022-09-22,17,17,13.36,14.57,,,,
2022-09-23,9.61,9.61,7.69,9.51,,,,
2022-09-26,9.91,11.33,7.99,8.1,,,,
2022-09-27,9.92,10.73,7.19,8.61,,,,
2022-09-28,9.32,15.7,9.32,14.69,,,,
2022-09-29,12.12,12.12,9.09,10.7,,,,
2022-09-30,10.3,14.64,9.49,9.49,,,,
2022-10-03,10.1,14.84,10.1,13.75,,,,
2022-10-04,22.95,26.89,22.95,26.89,,,,
2022-10-05,21.63,25.68,19.61,25,,,,
2022-10-06,27.73,27.73,23.58,25.7,,,,
2022-10-07,21.65,21.65,15.18,15.9,,,,
2022-10-10,14.48,15.29,12.66,14.18,,,,
2022-10-11,12.96,17.22,10.53,13.88,,,,
2022-10-12,13.06,15.8,12.86,13.77,,,,
2022-10-13,9.92,21.98,9.92,20.87,,,,
2022-10-14,22.08,22.08,15.5,16,,,,
2022-10-17,20.26,22.59,20.16,22.21,,,,
2022-10-18,31.13,31.13,26.06,28.39,,,,
2022-10-19,26.16,26.36,19.67,22.21,,,,
2022-10-20,22.81,26.06,18.15,19.37,,,,
2022-10-21,22.1,28.29,22,28.29,,,,
2022-10-24,28.49,33.16,27.99,32.28,,,,
2022-10-25,35.93,43.35,35.93,42.23,,,,
2022-10-26,43.65,51.47,43.55,43.55,,,,
2022-10-27,47.91,49.54,43.85,43.85,,,,
2022-10-28,45.88,55.12,44.36,54.92,,,,
2022-10-31,53.15,55.79,51.21,53.15,,,,
2022-11-01,58.23,58.73,54.97,55.38,,,,
2022-11-02,52.74,52.74,43.08,43.29,,,,
2022-11-03,38.61,44.61,38.61,42.27,,,,
2022-11-04,46.95,48.37,43.39,47.25,,,,
2022-11-07,50.2,50.81,47.66,50.1,,,,
2022-11-08,50.2,54.26,48.06,50.15,,,,
2022-11-09,48.62,49.33,44.45,44.45,,,,
2022-11-10,58.29,64.9,58.29,64.9,,,,
2022-11-11,65.71,72.63,65.71,71.51,,,,
2022-11-14,70.29,71.92,68.56,68.56,,,,
2022-11-15,72.43,74.56,71.41,72.22,,,,
2022-11-16,70.19,70.19,65.2,65.92,,,,
2022-11-17,60.52,63.68,60.22,63.37,,,,
2022-11-18,67.44,67.44,62.76,64.59,,,,
2022-11-21,65.1,65.1,62.66,63.07,,,,
2022-11-22,62.97,66.02,62.56,66.02,,,,
2022-11-23,66.83,69.68,66.83,69.07,,,,
2022-11-25,67.44,69.68,67.44,68.97,,,,
2022-11-28,67.95,67.95,62.05,62.97,,,,
2022-11-29,64.19,66.22,64.08,65.31,,,,
2022-11-30,66.22,73.65,62.86,73.65,,,,
2022-12-01,74.87,74.97,72.12,73.85,,,,
2022-12-02,70.09,74.36,70.09,73.62,,,,
2022-12-05,72.87,72.87,64.67,65.58,,,,
2022-12-06,62.24,62.24,57.08,58.56,,,,
2022-12-07,55.72,58.35,55.52,55.52,,,,
2022-12-08,56.12,61.19,56.12,57.46,,,,
2022-12-09,55.32,57.46,54.01,54.01,,,,
2022-12-12,53.09,58.07,53.09,58.07,,,,
2022-12-13,70.65,70.65,56.54,59.24,,,,
2022-12-14,59.45,62.19,54.77,56.5,,,,
2022-12-15,50.6,50.6,45.32,46.13,,,,
2022-12-16,42.58,44.51,40.34,43.39,,,,
2022-12-19,41.36,41.36,34.14,35.8,,,,
2022-12-20,37.02,39.06,36.31,37.74,,,,
2022-12-21,39.87,45.06,39.87,44.04,,,,
2022-12-22,36.82,36.82,30.31,36.41,,,,
2022-12-23,35.91,37.23,33.46,37.16,,,,
2022-12-27,35.43,35.94,31.56,32,,,,
2022-12-28,32.51,32.82,25.68,25.89,,,,
2022-12-29,28.23,38.63,28.23,36.9,,,,
2022-12-30,32.63,35.01,30.65,35.01,,,,
2023-01-03,39.92,39.92,30.88,34.06,,,,
2023-01-04,37.73,41.8,36.84,39.86,,,,
2023-01-05,32.4,37.17,32.4,34.89,,,,
2023-01-06,39.06,47.51,39.06,46.12,,,,
2023-01-09,49.5,54.47,47.01,47.01,,,,
2023-01-10,49.2,54.02,48.01,54.02,,,,
2023-01-11,55.32,60.49,55.32,60.49,,,,
2023-01-12,61.09,66.86,58.5,66.86,,,,
2023-01-13,63.78,69.55,63.78,69.55,,,,
2023-01-17,68.52,71.81,67.62,69.72,,,,
2023-01-18,71.21,72.9,62.15,62.15,,,,
2023-01-19,59.16,59.16,54.18,57.27,,,,
2023-01-20,58.36,65.93,58.36,65.73,,,,
2023-01-23,66.03,71.81,66.03,71.51,,,,
2023-01-24,70.01,71.41,69.12,69.62,,,,
2023-01-25,64.34,70.31,63.04,69.82,,,,
2023-01-26,71.31,72.11,69.72,72.11,,,,
2023-01-27,70.91,74.4,70.91,73.9,,,,
2023-01-30,71.81,74.2,68.42,68.52,,,,
2023-01-31,71.01,76.59,71.01,76.59,,,,
2023-02-01,76.49,82.37,75.29,80.37,,,,
2023-02-02,81.57,84.16,81.07,83.46,,,,
2023-02-03,81.67,83.36,80.27,80.85,,,,
2023-02-06,79.56,79.86,78.16,78.16,,,,
2023-02-07,76.86,80.25,74.87,80.25,,,,
2023-02-08,78.96,78.96,74.47,74.67,,,,
2023-02-09,77.16,77.96,68.29,68.89,,,,
2023-02-10,66.4,68.39,65.5,68.29,,,,
2023-02-13,67.69,73.97,67.69,73.97,,,,
2023-02-14,74.67,74.67,66.89,71.58,,,,
2023-02-15,69.49,75.17,68.89,75.17,,,,
2023-02-16,70.68,74.47,70.68,70.68,,,,
2023-02-17,68.89,71.88,66.2,71.78,,,,
2023-02-21,65.7,65.7,56.43,56.72,,,,
2023-02-22,58.72,59.92,55.23,57.82,,,,
2023-02-23,60.21,60.41,51.84,58.88,,,,
2023-02-24,49.5,51.19,47.7,50.79,,,,
2023-02-27,54.29,56.79,50.9,51.15,,,,
2023-02-28,50.55,55.45,50.55,51.6,,,,
2023-03-01,51.4,53.5,48.19,50.2,,,,
2023-03-02,45.5,51.4,45.5,51.15,,,,
2023-03-03,50.75,57.15,50.65,56.01,,,,
2023-03-06,55.71,56.11,48.99,50.3,,,,
2023-03-07,48.79,48.79,42.88,44.28,,,,
2023-03-08,43.48,45.29,41.88,44.23,,,,
2023-03-09,43.53,43.73,32.69,32.69,,,,
2023-03-10,27.08,30.59,22.56,23.97,,,,
2023-03-13,22.36,25.87,22.36,23.26,,,,
2023-03-14,27.98,30.49,26.78,29.08,,,,
2023-03-15,24.57,25.67,21.36,25.67,,,,
2023-03-16,23.87,30.29,23.37,29.98,,,,
2023-03-17,27.88,27.88,24.97,25.47,,,,
2023-03-20,25.87,28.38,25.17,28.08,,,,
2023-03-21,30.69,31.29,29.08,30.72,,,,
2023-03-22,29.31,31.62,23.69,23.69,,,,
2023-03-23,26.8,31.02,24.09,26.2,,,,
2023-03-24,23.79,26.3,22.69,26.3,,,,
2023-03-27,29.31,29.31,26.3,27.71,,,,
2023-03-28,26.9,27.4,25.3,25.82,,,,
2023-03-29,28.64,31.05,28.44,30.88,,,,
2023-03-30,33.6,34.8,31.58,33.09,,,,
2023-03-31,34.9,40.94,34.9,40.88,,,,
2023-04-03,40.18,40.18,35.95,39.71,,,,
2023-04-04,39.81,39.81,33.77,34.97,,,,
2023-04-05,31.25,31.35,30.04,30.84,,,,
2023-04-06,29.53,33.36,29.53,32.76,,,,
2023-04-10,31.25,36.18,31.25,36.18,,,,
2023-04-11,37.5,40.32,37.5,38.81,,,,
2023-04-12,39.61,40.32,35.62,35.62,,,,
2023-04-13,39.61,42.28,35.62,42.28,,,,
2023-04-14,42.58,44.7,38.44,41.06,,,,
2023-04-17,42.07,45.2,42.07,44.7,,,,
2023-04-18,46.51,46.51,42.88,43.69,,,,
2023-04-19,41.67,45.71,41.17,44.5,,,,
2023-04-20,42.07,44.9,40.86,41.77,,,,
2023-04-21,42.48,44.19,40.76,43.79,,,,
2023-04-24,43.28,44.9,41.37,42.38,,,,
2023-04-25,37.94,37.94,34,34.1,,,,
2023-04-26,34.2,34.2,30.57,30.67,,,,
2023-04-27,32.08,34.91,31.18,34.51,,,,
2023-04-28,34,42.38,34,41.17,,,,
2023-05-01,44.29,45.1,41.47,42.92,,,,
2023-05-02,38.18,38.18,32.42,35.75,,,,
2023-05-03,38.18,42.32,36.66,36.96,,,,
2023-05-04,36.36,36.36,33.23,36.16,,,,
2023-05-05,41.11,45.35,41.11,43.83,,,,
2023-05-08,45.45,45.45,42.12,44.74,,,,
2023-05-09,41.81,43.73,40.8,42.42,,,,
2023-05-10,46.86,46.86,40.9,43.83,,,,
2023-05-11,41.81,42.42,40.9,42.42,,,,
2023-05-12,44.04,44.44,39.59,41.41,,,,
2023-05-15,42.82,47.47,42.82,47.07,,,,
2023-05-16,44.94,44.94,41.91,41.91,,,,
2023-05-17,43.33,49.29,41.81,48.98,,,,
2023-05-18,47.87,50.9,47.87,50.9,,,,
2023-05-19,53.03,53.43,48.18,49.59,,,,
2023-05-22,50.5,55.95,50.5,54.44,,,,
2023-05-23,54.84,57.47,51.21,51.31,,,,
2023-05-24,48.88,48.88,45.05,45.75,,,,
2023-05-25,44.44,44.44,41.21,43.23,,,,
2023-05-26,43.73,47.47,43.73,46.26,,,,
2023-05-30,47.67,47.67,43.83,44.84,,,,
2023-05-31,43.03,43.83,40.1,43.63,,,,
2023-06-01,42.32,47.57,42.32,47.27,,,,
2023-06-02,52.12,60.1,52.12,60.04,,,,
2023-06-05,58.72,58.82,53.38,55.9,,,,
2023-06-06,54.28,65.69,54.28,65.59,,,,
2023-06-07,68.41,69.52,66.8,68.38,,,,
2023-06-08,65.65,67.57,65.65,67.47,,,,
2023-06-09,66.76,67.67,63.13,63.93,,,,
2023-06-12,64.74,67.47,64.74,66.53,,,,
2023-06-13,70.87,71.99,69.96,71.48,,,,
2023-06-14,71.58,72.19,67.03,68.75,,,,
2023-06-15,67.84,71.58,67.34,70.82,,,,
2023-06-16,71.83,71.83,67.67,69.7,,,,
2023-06-20,67.13,67.54,64.8,66.63,,,,
2023-06-21,64.8,66.73,61.76,64.16,,,,
2023-06-22,61.11,61.11,58.07,60.16,,,,
2023-06-23,53.96,56.6,52.33,53.35,,,,
2023-06-26,53.35,58.53,53.35,53.65,,,,
2023-06-27,55.18,61.89,54.87,60.56,,,,
2023-06-28,58.13,61.07,58.13,60.97,,,,
2023-06-29,63.1,64.83,62.39,63.82,,,,
2023-06-30,66.49,67.61,65.29,65.97,,,,
2023-07-03,66.15,67.78,66.15,67.32,,,,
2023-07-05,64.91,65.17,63.37,63.97,,,,
2023-07-06,58.21,58.21,52.7,57,,,,
2023-07-07,59.07,62.76,59.07,60.8,,,,
2023-07-10,61.32,66.4,61.32,65.8,,,,
2023-07-11,67.52,69.68,66.23,69.33,,,,
2023-07-12,73.81,74.41,72.86,73.18,,,,
2023-07-13,73.18,76.29,73.18,75.58,,,,
2023-07-14,75.49,75.49,71.44,73.08,,,,
2023-07-17,73.08,75.06,71.61,73.51,,,,
2023-07-18,73.51,76.35,73.33,74.46,,,,
2023-07-19,76.7,77.56,75.92,76.27,,,,
2023-07-20,76.27,76.27,71.78,71.95,,,,
2023-07-21,71.95,74.63,71.87,73.48,,,,
2023-07-24,74.87,74.87,71.24,71.41,,,,
2023-07-25,71.41,72.62,70.72,70.81,,,,
2023-07-26,70.81,71.5,69.6,70.55,,,,
2023-07-27,70.55,71.84,64.24,64.68,,,,
2023-07-28,64.68,70.81,64.68,70.12,,,,
2023-07-31,72.02,73.17,71.5,73.17,,,,
2023-08-01,73.17,73.17,68.61,70.33,,,,
2023-08-02,70.33,70.33,60.1,61.47,,,,
2023-08-03,61.47,61.47,56.92,59.72,,,,
2023-08-04,59.2,62.04,57.65,58.08,,,,
2023-08-07,58.08,58.08,54.38,57.31,,,,
2023-08-08,57.31,57.31,50.34,53.48,,,,
2023-08-09,53.48,53.48,49.52,50.64,,,,
2023-08-10,50.64,55.9,48.32,48.75,,,,
2023-08-11,46.59,49.18,46.59,47.75,,,,
2023-08-14,44.48,47.67,44.48,47.67,,,,
2023-08-15,47.67,47.67,41.98,42.06,,,,
2023-08-16,42.06,42.06,36.2,36.29,,,,
2023-08-17,36.29,37.67,32.75,32.78,,,,
2023-08-18,32.78,33.99,30.88,33.3,,,,
2023-08-21,33.3,34.33,30.28,33.64,,,,
2023-08-22,33.64,34.77,30.62,30.71,,,,
2023-08-23,30.71,35.37,30.71,34.71,,,,
2023-08-24,34.71,35.75,30.33,30.33,,,,
2023-08-25,30.33,33.01,27.39,31.97,,,,
2023-08-28,31.97,35.6,31.97,34.39,,,,
2023-08-29,34.39,40.53,34.39,40.19,,,,
2023-08-30,40.19,42.86,39.49,42.26,,,,
2023-08-31,42.26,43.82,39.67,39.67,,,,
2023-09-01,39.67,46.75,39.67,44.63,,,,
2023-09-05,40.3,41.8,38.39,38.39,,,,
2023-09-06,38.39,39.69,32.66,34.5,,,,
2023-09-07,32.29,32.29,29.77,31.69,,,,
2023-09-08,31.69,32.49,30.58,31.18,,,,
2023-09-11,31.18,33.6,31.18,32.39,,,,
2023-09-12,32.39,33.8,31.08,31.69,,,,
2023-09-13,31.69,31.69,27.76,29.17,,,,
2023-09-14,31.48,33.6,30.38,33.5,,,,
2023-09-15,33.5,33.5,28.06,29.27,,,,
2023-09-18,29.27,29.27,26.76,27.86,,,,
2023-09-19,27.86,27.86,25.55,26.15,,,,
2023-09-20,26.15,29.57,24.74,24.74,,,,
2023-09-21,24.74,24.74,18.81,18.81,,,,
2023-09-22,18.81,21.42,17.9,18.3,,,,
2023-09-25,18.3,19.21,16.7,18.93,,,,
2023-09-26,18.83,18.83,15.4,15.4,,,,
2023-09-27,15.4,19.03,15.4,17.72,,,,
2023-09-28,17.72,22.35,17.72,20.56,,,,
2023-09-29,20.56,23.58,19.55,20.67,,,,
2023-10-02,20.67,20.67,17.08,18.1,,,,
2023-10-03,18.1,18.1,13.39,14.69,,,,
2023-10-04,14.69,17.1,13.89,17,,,,
2023-10-05,17,17.79,15.3,16.7,,,,
2023-10-06,16.7,22.89,16.39,21.89,,,,
2023-10-09,21.82,24.62,19.31,24,,,,
2023-10-10,24,30.7,24,27.02,,,,
2023-10-11,27.02,30.53,26.22,29.02,,,,
2023-10-12,29.02,29.02,22.62,24.52,,,,
2023-10-13,24.52,24.52,20.52,21.14,,,,
2023-10-16,21.06,27.35,21.06,27.35,,,,
2023-10-17,27.35,35.67,27.35,31.89,,,,
2023-10-18,31.89,31.89,22.86,22.86,,,,
2023-10-19,22.86,24.07,18.15,18.95,,,,
2023-10-20,18.95,18.95,15.06,15.06,,,,
2023-10-23,14.97,16.48,14.17,14.25,,,,
2023-10-24,14.25,18.37,14.25,17.67,,,,
2023-10-25,17.67,17.67,13.55,13.75,,,,
2023-10-26,13.85,15.86,12.65,13.85,,,,
2023-10-27,13.85,14.25,12.34,12.65,,,,
2023-10-30,12.56,16.48,12.56,15.27,,,,
2023-10-31,15.27,18.09,15.27,18.09,,,,
2023-11-01,18.09,20.4,17.08,20.4,,,,
2023-11-02,20.4,31.55,20.4,31.25,,,,
2023-11-03,42.91,45.52,41.5,43.41,,,,
2023-11-06,43.41,43.41,39.19,41.75,,,,
2023-11-07,40.54,45.17,40.54,42.85,,,,
2023-11-08,42.85,44.16,38.43,40.34,,,,
2023-11-09,40.34,41.54,34,34.27,,,,
2023-11-10,34.27,41.63,33.66,40.62,,,,
2023-11-13,40.62,41.43,37.29,40.86,,,,
2023-11-14,40.86,61.25,40.86,60.94,,,,
2023-11-15,64.27,68.31,62.56,62.66,,,,
2023-11-16,61.85,61.85,57.21,58.22,,,,
2023-11-17,58.22,61.65,58.22,61.65,,,,
2023-11-20,61.65,65.69,61.65,65.28,,,,
2023-11-21,65.28,65.28,60.64,60.74,,,,
2023-11-22,64.58,64.68,62.36,63.06,,,,
2023-11-24,63.06,67.2,63.06,66.8,,,,
2023-11-27,66.8,66.8,62.05,63.67,,,,
2023-11-28,63.67,65.79,60.84,62.96,,,,
2023-11-29,68.41,69.62,64.68,64.68,,,,
2023-11-30,64.68,67.6,63.87,66.09,,,,
2023-12-01,66.09,74.36,65.59,74.36,,,,
2023-12-04,74.97,75.1,73.05,75.1,,,,
2023-12-05,75.1,75.1,71.67,72.07,,,,
2023-12-06,72.07,74.89,72.07,72.07,,,,
2023-12-07,71.67,73.99,71.67,73.68,,,,
2023-12-08,71.67,75.3,71.67,75.27,,,,
2023-12-11,75.27,76.79,75.27,76.48,,,,
2023-12-12,76.48,76.48,74.26,75.17,,,,
2023-12-13,75.17,82.84,75.17,82.84,,,,
2023-12-14,82.74,86.47,82.74,84.66,,,,
2023-12-15,84.66,84.86,82.94,83.35,,,,
2023-12-18,83.35,84.35,82.64,83.33,,,,
2023-12-19,83.33,87.07,83.33,86.96,,,,
2023-12-20,86.96,86.96,82.82,82.91,,,,
2023-12-21,85.13,86.74,84.02,86.74,,,,
2023-12-22,86.74,87.55,86.23,87.04,,,,
2023-12-26,87.04,88.25,87.04,87.55,,,,
2023-12-27,87.55,88.36,87.24,87.55,,,,
2023-12-28,87.55,88.86,87.55,88.14,,,,
2023-12-29,88.14,88.24,86.42,87.03,,,,
2024-01-02,87.01,87.01,84.07,84.48,,,,
2024-01-03,84.48,84.48,78.49,78.6,,,,
2024-01-04,78.6,79.81,77.38,77.78,,,,
2024-01-05,75.86,77.78,73.93,75.25,,,,
2024-01-08,73.93,79.71,73.93,79.71,,,,
2024-01-09,79.71,79.71,75.55,76.97,,,,
2024-01-10,76.97,76.97,72.21,75.35,,,,
2024-01-11,73.83,73.83,67.03,71.9,,,,
2024-01-12,74.54,74.54,68.86,70.08,,,,
2024-01-16,70.08,70.08,61.56,63.08,,,,
2024-01-17,56.18,59.22,54.66,59.12,,,,
2024-01-18,59.12,62.57,56.18,62.57,,,,
2024-01-19,62.57,65.41,57.91,65.41,,,,
2024-01-22,65.41,71.7,65.41,70.99,,,,
2024-01-23,70.99,73.42,68.66,69.37,,,,
2024-01-24,69.47,72.71,64.8,65.07,,,,
2024-01-25,65.07,67.51,63.75,64.97,,,,
2024-01-26,64.97,66.9,62.94,63.85,,,,
2024-01-29,63.85,69.84,61.82,69.84,,,,
2024-01-30,69.84,69.84,63.24,63.65,,,,
2024-01-31,63.65,63.65,50.76,50.96,,,,
2024-02-01,50.96,54.41,45.68,54.11,,,,
2024-02-02,54.11,54.11,45.48,50.65,,,,
2024-02-05,50.65,50.65,42.03,44.26,,,,
2024-02-06,44.26,49.64,44.26,49.44,,,,
2024-02-07,49.64,49.64,46.2,47.52,,,,
2024-02-08,47.52,52.67,45.7,52.07,,,,
2024-02-09,52.07,57.93,52.07,57.63,,,,
2024-02-12,57.63,64.2,57.63,62.79,,,,
2024-02-13,62.79,62.79,41.35,43.78,,,,
2024-02-14,43.78,53.79,43.78,53.44,,,,
2024-02-15,57.79,61.53,56.47,61.13,,,,
2024-02-16,61.13,61.13,55.97,56.37,,,,
2024-02-20,56.37,56.37,51.61,52.32,,,,
2024-02-21,52.32,52.32,46.55,49.19,,,,
2024-02-22,49.19,52.63,49.19,51.92,,,,
2024-02-23,51.31,53.54,50.8,52.22,,,,
2024-02-26,52.22,53.94,51.31,52.38,,,,
2024-02-27,52.38,56.43,52.38,56.12,,,,
2024-02-28,56.12,56.12,52.48,52.73,,,,
2024-02-29,52.73,56.79,52.33,53.19,,,,
2024-03-01,53.19,56.26,51.57,56.26,,,,
2024-03-04,55.75,56.46,54.34,54.44,,,,
2024-03-05,54.44,54.44,49.59,50.7,,,,
2024-03-06,50.7,52.32,50.7,50.96,,,,
2024-03-07,50.96,55.4,50.96,54.19,,,,
2024-03-08,54.19,59.95,53.69,53.99,,,,
2024-03-11,53.99,55.3,53.28,54.45,,,,
2024-03-12,54.45,54.45,50.3,51.77,,,,
2024-03-13,51.77,54,50.96,52.12,,,,
2024-03-14,49.69,49.69,44.72,46.34,,,,
2024-03-15,46.34,47.05,45.43,46.24,,,,
2024-03-18,46.24,46.65,44.11,44.11,,,,
2024-03-19,44.11,46.14,43.71,44.61,,,,
2024-03-20,44.61,52.13,44.61,51.72,,,,
2024-03-21,56.09,56.8,54.36,55.08,,,,
2024-03-22,55.08,55.08,48.98,49.08,,,,
2024-03-25,49.08,51.72,47.66,47.81,,,,
2024-03-26,47.81,49.94,47.3,47.3,,,,
2024-03-27,47.3,58.72,47.3,58.72,,,,
2024-03-28,58.72,63.48,58.72,61.86,,,,
2024-04-01,61.86,61.86,55.17,55.37,,,,
2024-04-02,55.37,55.37,45.13,46.85,,,,
2024-04-03,46.85,47.46,44.52,46.38,,,,
2024-04-04,46.38,53,42.11,42.82,,,,
2024-04-05,42.82,45.67,41.09,44.5,,,,
2024-04-08,44.5,49.49,44.5,47.65,,,,
2024-04-09,47.65,51.62,47.65,51.37,,,,
2024-04-10,51.37,51.37,35.91,37.63,,,,
2024-04-11,37.63,40.69,34.99,38.86,,,,
2024-04-12,32.65,32.65,27.77,28.68,,,,
2024-04-15,28.68,29.19,23.19,23.8,,,,
2024-04-16,23.8,23.9,20.75,22.38,,,,
2024-04-17,22.27,23.7,18.51,18.51,,,,
2024-04-18,19.53,22.38,19.22,19.22,,,,
2024-04-19,19.22,21.77,17.7,21.77,,,,
2024-04-22,21.77,27.97,21.36,25.43,,,,
2024-04-23,26.65,34.58,26.65,32.89,,,,
2024-04-24,32.99,33.6,29.73,32.07,,,,
2024-04-25,26.68,29.63,25.76,28.61,,,,
2024-04-26,32.58,33.91,31.56,32.28,,,,
2024-04-29,32.28,35.84,32.28,35.53,,,,
2024-04-30,35.53,35.53,26.98,27.08,,,,
2024-05-01,27.08,37.67,27.08,30.54,,,,
2024-05-02,32.99,37.47,32.58,37.27,,,,
2024-05-03,43.17,44.19,40.52,41.95,,,,
2024-05-06,46.15,51.54,46.15,50.44,,,,
2024-05-07,50.44,55.54,50.44,52.24,,,,
2024-05-08,52.24,52.24,48.45,49.75,,,,
2024-05-09,49.75,52.84,49.35,52.54,,,,
2024-05-10,52.54,54.54,50.04,51.54,,,,
2024-05-13,51.54,56.94,51.54,52.54,,,,
2024-05-14,52.54,57.74,52.54,56.74,,,,
2024-05-15,60.43,60.93,58.44,60.93,,,,
2024-05-16,60.93,62.03,60.03,60.83,,,,
2024-05-17,60.83,61.03,59.04,60.13,,,,
2024-05-20,60.13,61.33,58.64,60.06,,,,
2024-05-21,60.06,60.06,56.35,56.85,,,,
2024-05-22,56.85,58.25,53.25,54.55,,,,
2024-05-23,51.45,51.85,46.24,47.04,,,,
2024-05-24,47.04,50.65,47.04,50.15,,,,
2024-05-28,50.15,51.15,45.24,46.74,,,,
2024-05-29,46.74,46.74,39.43,39.43,,,,
2024-05-30,39.43,45.64,39.43,43.74,,,,
2024-05-31,49.24,49.24,44.44,48.4,,,,
2024-06-03,48.4,49.3,43.81,46.65,,,,
2024-06-04,46.65,46.65,41.65,42.35,,,,
2024-06-05,42.35,47.75,42.35,47.7,,,,
2024-06-06,46.7,47.5,46,46.94,,,,
2024-06-07,46.94,46.94,41.94,41.94,,,,
2024-06-10,41.94,42.34,37.33,42.14,,,,
2024-06-11,42.14,42.14,36.83,41.54,,,,
2024-06-12,51.85,53.25,46.24,47.24,,,,
2024-06-13,47.24,47.24,40.94,42.78,,,,
2024-06-14,42.78,42.78,36.27,37.97,,,,
2024-06-17,37.97,40.68,36.07,40.68,,,,
2024-06-18,41.38,41.78,39.67,39.67,,,,
2024-06-20,39.67,41.38,39.17,39.67,,,,
2024-06-21,39.67,41.38,39.37,41.28,,,,
2024-06-24,41.28,48.39,41.28,44.78,,,,
2024-06-25,44.78,44.78,40.98,41.48,,,,
2024-06-26,41.48,41.48,38.77,40.38,,,,
2024-06-27,40.38,46.49,40.38,46.49,,,,
2024-06-28,46.49,50.5,46.49,48.79,,,,
2024-07-01,48.79,49.29,44.48,45.95,,,,
2024-07-02,45.95,48.25,45.75,47.85,,,,
2024-07-03,47.85,49.75,47.25,47.4,,,,
2024-07-05,47.34,47.34,43.44,44.94,,,,
2024-07-08,44.94,49.64,44.94,46.84,,,,
2024-07-09,46.94,47.74,43.74,46.44,,,,
2024-07-10,46.44,50.15,46.24,49.94,,,,
2024-07-11,49.94,64.26,49.94,63.76,,,,
2024-07-12,63.76,70.77,63.76,67.86,,,,
2024-07-15,68.66,73.47,68.66,71.97,,,,
2024-07-16,71.97,79.27,71.97,79.17,,,,
2024-07-17,79.17,79.17,74.87,75.07,,,,
2024-07-18,75.07,76.57,68.76,69.56,,,,
2024-07-19,69.56,69.56,65.26,66.46,,,,
2024-07-22,66.56,71.07,65.96,71.07,,,,
2024-07-23,71.07,73.07,69.76,71.67,,,,
2024-07-24,71.67,71.67,62.96,63.06,,,,
2024-07-25,64.16,69.86,63.96,64.66,,,,
2024-07-26,64.66,69.76,64.66,69.46,,,,
2024-07-29,69.56,71.67,66.66,67.73,,,,
2024-07-30,67.73,68.43,64.32,65.73,,,,
2024-07-31,65.73,72.87,65.73,68.56,,,,
2024-08-01,68.56,68.76,57.65,58.95,,,,
2024-08-02,58.95,58.95,45.94,48.89,,,,
2024-08-05,48.89,48.89,30.96,36.17,,,,
2024-08-06,36.17,44.28,36.17,39.91,,,,
2024-08-07,44.93,45.63,36.4,36.81,,,,
2024-08-08,41.82,45.33,41.72,45.23,,,,
2024-08-09,44.93,46.23,43.22,46.03,,,,
2024-08-12,46.03,46.03,41.12,41.32,,,,
2024-08-13,41.32,49.64,41.32,49.64,,,,
2024-08-14,49.64,49.64,46.13,47.74,,,,
2024-08-15,55.46,58.77,55.46,57.17,,,,
2024-08-16,57.17,59.27,56.97,58.47,,,,
2024-08-19,58.47,62.88,58.47,62.88,,,,
2024-08-20,62.88,62.88,58.47,59.23,,,,
2024-08-21,59.23,63.35,59.23,63.35,,,,
2024-08-22,62.75,62.75,57.73,58.13,,,,
2024-08-23,58.13,66.96,58.13,66.96,,,,
2024-08-26,66.96,68.77,65.86,66.06,,,,
2024-08-27,66.06,66.06,61.84,64.05,,,,
2024-08-28,64.05,64.05,59.73,61.34,,,,
2024-08-29,61.34,68.27,61.34,63.95,,,,
2024-08-30,63.95,66.46,62.75,66.46,,,,
2024-09-03,59.23,59.23,53.91,53.91,,,,
2024-09-04,56.71,59.23,54.28,54.89,,,,
2024-09-05,55.29,55.29,52.06,53.48,,,,
2024-09-06,53.98,53.98,44.09,45,,,,
2024-09-09,45,48.73,45,46.01,,,,
2024-09-10,44.7,45.61,39.75,45.5,,,,
2024-09-11,39.85,45.5,35.62,45.5,,,,
2024-09-12,44.18,49.84,43.17,49.24,,,,
2024-09-13,56.72,59.04,56.42,58.13,,,,
2024-09-16,58.44,59.85,56.62,58.44,,,,
2024-09-17,63.09,66.83,61.37,62.58,,,,
2024-09-18,61.77,70.87,59.75,60.76,,,,
2024-09-19,69.86,71.99,68.65,70.77,,,,
2024-09-20,67.54,67.54,64.3,64.3,,,,
2024-09-23,65.82,65.82,61.77,61.88,,,,
2024-09-24,63.09,63.09,60.97,61.88,,,,
2024-09-25,61.27,61.27,56.42,56.72,,,,
2024-09-26,63.39,63.59,60.76,62.99,,,,
2024-09-27,66.93,70.17,64.91,65.92,,,,
2024-09-30,64.4,67.94,62.38,66.02,,,,
2024-10-01,57.73,59.65,56.42,57.33,,,,
2024-10-03,53.28,55.72,52.88,53.37,,,,
2024-10-04,61.41,62.29,57,62.29,,,,
2024-10-07,57.59,58.66,51.71,54.7,,,,
2024-10-08,55.58,59.41,55.58,55.98,,,,
2024-10-09,55.19,61.47,55.19,58.13,,,,
2024-10-10,53.33,57.64,53.13,57.64,,,,
2024-10-11,59.21,67.35,59.21,67.15,,,,
2024-10-14,65,70,65,70,,,,
2024-10-15,68.82,71.96,68.33,68.33,,,,
2024-10-16,69.6,72.15,69.6,71.27,,,,
2024-10-17,69.9,70.78,67.74,70.39,,,,
2024-10-18,70.98,71.27,70.39,71.27,,,,
2024-10-21,67.94,68.33,61.66,62.45,,,,
2024-10-22,60.19,61.17,58.13,60.39,,,,
2024-10-23,57.45,58.03,52.15,55.09,,,,
2024-10-24,56.27,56.76,52.84,55.39,,,,
2024-10-25,57.84,59.7,54.41,54.41,,,,
2024-10-28,58.72,62.54,58.72,61.56,,,,
2024-10-29,60.49,61.66,60,61.17,,,,
2024-10-30,60.39,65.58,59.21,59.21,,,,
2024-10-31,56.76,56.76,50.39,50.39,,,,
2024-11-01,55.98,57.05,52.35,53.96,,,,
2024-11-04,52.84,56.17,52.84,53.23,,,,
2024-11-05,55.19,61.66,55.19,61.66,,,,
2024-11-06,69.31,72.39,69.11,72.29,,,,
2024-11-07,73.08,74.75,72.98,73.67,,,,
2024-11-08,70.82,72,70.43,72,,,,
2024-11-11,72.49,73.67,72,72.78,,,,
2024-11-12,71.31,71.41,67.68,68.17,,,,
2024-11-13,68.76,68.76,65.02,65.02,,,,
2024-11-14,65.12,65.12,61.84,61.84,,,,
2024-11-15,59.68,59.68,54.17,54.96,,,,
2024-11-18,54.96,57.42,54.67,55.65,,,,
2024-11-19,52.31,55.94,52.31,55.66,,,,
2024-11-20,54.28,56.05,53.89,55.96,,,,
2024-11-21,56.15,60.29,55.76,60.05,,,,
2024-11-22,60.55,63.21,60.55,63.11,,,,
2024-11-25,67.75,70.71,67.75,68.93,,,,
2024-11-26,66.86,66.86,66.86,66.86,,,,
2024-11-27,67.94,68.93,67.45,68.44,,,,
2024-11-29,69.23,69.23,68.44,68.83,,,,
2024-12-02,67.15,70.37,67.15,70.07,,,,
2024-12-03,68.4,68.4,66.63,67.22,,,,
2024-12-04,68.99,68.99,66.83,67.81,,,,
2024-12-05,67.71,67.71,64.17,64.37,,,,
2024-12-06,66.43,66.92,64.56,65.25,,,,
2024-12-09,68.4,69.09,66.24,66.24,,,,
2024-12-10,62.59,64.76,62.4,62.99,,,,
2024-12-11,64.66,66.24,62.69,63.97,,,,
2024-12-12,63.97,63.97,60.62,60.62,,,,
2024-12-13,59.44,59.44,54.42,55.8,,,,
2024-12-16,54.52,58.95,54.52,56.74,,,,
2024-12-17,53.2,54.08,52.31,53.1,,,,
2024-12-18,54.18,54.18,33.2,33.3,,,,
2024-12-19,37.24,37.24,31.82,31.92,,,,
2024-12-20,31.62,37.14,31.62,34.18,,,,
2024-12-23,33.49,34.67,31.33,34.67,,,,
2024-12-24,34.28,37.24,34.28,37.24,,,,
2024-12-26,38.22,40.49,38.12,40,,,,
2024-12-27,38.81,38.81,32.21,35.27,,,,
2024-12-30,28.76,31.82,26.3,29.55,,,,
2024-12-31,31.23,33.89,28.96,29.78,,,,
2025-01-02,34.81,34.81,28.5,30.6,,,,
2025-01-03,31.68,36.72,31.68,36.06,,,,
2025-01-06,38.14,41.3,36.95,36.97,,,,
2025-01-07,40.51,40.51,33.13,35.39,,,,
2025-01-08,29.69,34.7,29.69,34.02,,,,
2025-01-10,27.43,27.53,25.27,26.74,,,,
2025-01-13,21.82,25.29,21.82,25.29,,,,
2025-01-14,29.23,29.52,24.9,27.85,,,,
2025-01-15,35.82,36.22,32.38,33.46,,,,
2025-01-16,33.07,36.81,33.07,36.51,,,,
2025-01-17,39.76,40.64,38.58,39.46,,,,
2025-01-21,42.91,47.04,42.91,46.16,,,,
2025-01-22,45.66,46.16,44.48,44.78,,,,
2025-01-23,43.79,47.24,42.02,47.04,,,,
2025-01-24,46.65,50.68,45.96,47.53,,,,
2025-01-27,45.47,48.72,45.47,47.04,,,,
2025-01-28,45.66,51.27,45.66,49.26,,,,
2025-01-29,48.37,50.73,43.54,46.99,,,,
2025-01-30,52.41,54.18,51.33,51.82,,,,
2025-01-31,52.51,55.27,45.91,47.48,,,,
2025-02-03,36.45,43.54,36.45,40.98,,,,
2025-02-04,42.66,46.74,42.66,46.35,,,,
2025-02-05,48.81,52.07,48.81,51.87,,,,
2025-02-06,52.46,53.64,50,51.47,,,,
2025-02-07,51.47,52.36,45.66,46.74,,,,
2025-02-10,47.43,48.71,46.64,47.63,,,,
2025-02-11,45.66,47.73,45.36,47.53,,,,
2025-02-12,41.51,45.75,41.51,44.57,,,,
2025-02-13,46.05,49.9,46.05,49.8,,,,
2025-02-14,51.57,52.66,49.7,50.34,,,,
2025-02-18,52.91,54.49,51.82,53.5,,,,
2025-02-19,52.02,53.3,51.53,52.41,,,,
2025-02-20,50.93,50.93,47.48,49.45,,,,
2025-02-21,51.13,51.13,41.46,41.85,,,,
2025-02-24,38.1,41.95,38.1,39.22,,,,
2025-02-25,40.11,40.11,36.06,37.94,,,,
2025-02-26,40.41,43.28,37.45,38.43,,,,
2025-02-27,40.31,41.89,35.17,35.27,,,,
2025-02-28,35.67,39.62,33.2,39.62,,,,
2025-03-03,41.99,43.08,31.32,31.98,,,,
2025-03-04,25.64,32.47,24.35,28.07,,,,
2025-03-05,29.05,32.7,29.05,31.91,,,,
2025-03-06,28.06,30.63,26.28,27.86,,,,
2025-03-07,28.06,30.92,24.01,29.64,,,,
2025-03-10,26.87,26.87,22.52,23.71,,,,
2025-03-11,23.32,24.4,20.05,22.13,,,,
2025-03-12,22.33,22.33,19.26,21.34,,,,
2025-03-13,22.13,22.13,18.47,18.59,,,,
2025-03-14,20.87,23.63,20.87,23.63,,,,
2025-03-17,24.72,28.38,24.13,27.29,,,,
2025-03-18,24.82,25.81,23.34,24.82,,,,
2025-03-19,26.21,30.36,26.21,28.68,,,,
2025-03-20,27.2,29.17,26.4,26.4,,,,
2025-03-21,24.72,26.8,23.93,25.51,,,,
2025-03-24,29.87,30.66,28.88,30.16,,,,
2025-03-25,30.26,30.26,27.99,28.58,,,,
2025-03-26,28.09,28.09,25.61,26.6,,,,
2025-03-27,25.42,28.48,25.42,27,,,,
2025-03-28,24.92,24.92,20.96,21.36,,,,
2025-03-31,17.5,21.85,17.5,21.23,,,,
2025-04-01,18.75,23.21,18.75,21.92,,,,
2025-04-02,22.2,26.89,21.6,26.89,,,,
2025-04-03,19.5,19.5,16.6,17.21,,,,
2025-04-04,10.01,11.41,7.6,7.71,,,,
2025-04-07,6.81,6.81,4.7,5.81,,,,
2025-04-08,7.81,8.91,4.5,4.8,,,,
2025-04-09,5.21,12.42,4.3,11.82,,,,
2025-04-10,10.12,10.92,7.41,10.12,,,,
2025-04-11,10.42,13.12,9.01,12.82,,,,
2025-04-14,15.53,17.03,13.92,16.03,,,,
2025-04-15,17.23,18.23,15.63,16.66,,,,
2025-04-16,17.06,17.57,13.25,14.75,,,,
2025-04-17,16.46,17.97,14.85,17.06,,,,
2025-04-21,14.97,15.47,12.26,13.56,,,,
2025-04-22,16.68,19.89,16.68,19.71,,,,
2025-04-23,28.47,29.47,23.23,23.84,,,,
2025-04-24,25.25,30.18,25.25,30.18,,,,
2025-04-25,28.97,31.18,27.46,31.18,,,,
2025-04-28,33.8,34.8,29.27,33.29,,,,
2025-04-29,32.69,40.64,32.69,39.43,,,,
2025-04-30,31.99,39.23,31.08,38.53,,,,
2025-05-01,39.83,44.86,39.83,42.69,,,,
2025-05-02,51.56,56.09,50.25,54.48,,,,
2025-05-05,51.3,56.02,51.3,51.8,,,,
2025-05-06,49.19,50.4,45.98,46.83,,,,
2025-05-07,49.94,51.55,47.03,49.14,,,,
2025-05-08,53.06,61.3,53.06,57.68,,,,
2025-05-09,61.5,61.5,56.38,57.08,,,,
2025-05-12,72.66,73.36,69.24,72.66,,,,
2025-05-13,71.95,72.46,71.15,71.42,,,,
2025-05-14,70.32,70.32,67.4,68,,,,
2025-05-15,67.53,71.75,67.03,71.75,,,,
2025-05-16,72.06,74.57,71.75,74.27,,,,
2025-05-19,71.95,73.76,71.25,73.74,,,,
2025-05-20,73.23,75.55,73.23,74.54,,,,
2025-05-21,71.62,71.62,65.49,65.49,,,,
2025-05-22,62.97,65.59,62.37,64.08,,,,
2025-05-23,58.55,62.67,58.55,61.16,,,,
2025-05-27,65.09,70.02,65.09,69.71,,,,
2025-05-28,69.31,69.31,64.68,64.88,,,,
2025-05-29,66.8,67.2,64.38,67.2,,,,
2025-05-30,62.97,67.1,61.46,65.83,,,,
2025-06-02,65.13,66.23,63.52,66.23,,,,
2025-06-03,66.03,72.84,64.92,72.04,,,,
2025-06-04,73.14,73.34,71.54,71.61,,,,
2025-06-05,70.11,73.42,70.11,71.21,,,,
2025-06-06,76.42,77.23,75.72,76.62,,,,
2025-06-09,78.03,80.24,77.53,78.21,,,,
2025-06-10,79.21,81.62,79.21,80.62,,,,
2025-06-11,81.52,81.92,78.71,78.71,,,,
2025-06-12,76,78.41,76,77.81,,,,
2025-06-13,72.59,73.29,66.16,66.56,,,,
2025-06-16,70.08,73.99,69.47,70.28,,,,
2025-06-17,66.76,68.57,63.05,63.15,,,,
2025-06-18,65.86,67.06,63.35,63.35,,,,
2025-06-20,65.16,65.16,58.93,59.93,,,,
2025-06-23,59.23,67.06,56.72,67.06,,,,
2025-06-24,69.97,73.49,68.67,72.79,,,,
2025-06-25,68.97,69.07,66.46,66.46,,,,
2025-06-26,67.16,70.28,67.16,70.28,,,,
2025-06-27,69.27,71.48,67.36,69.37,,,,
2025-06-30,70.38,70.78,68.37,70.48,,,,
2025-07-01,69.27,78.61,69.27,75.97,,,,
2025-07-02,74.37,77.96,74.37,77.72,,,,
2025-07-03,78.72,79.82,78.72,79.8,,,,
2025-07-07,76.67,78.87,73.67,74.77,,,,
2025-07-08,74.87,76.97,74.87,76.47,,,,
2025-07-09,77.67,79.07,75.97,79.07,,,,
2025-07-10,76.87,79.67,76.87,77.37,,,,
2025-07-11,75.27,75.27,71.17,71.37,,,,
2025-07-14,71.27,73.37,71.27,72.87,,,,
2025-07-15,72.57,72.57,64.66,64.66,,,,
2025-07-16,67.06,68.66,62.46,67.96,,,,
2025-07-17,69.46,72.37,69.46,71.67,,,,
2025-07-18,72.77,72.77,68.46,68.5,,,,
2025-07-21,69.8,70.81,67.46,67.46,,,,
2025-07-22,67.97,71.58,67.97,71.08,,,,
2025-07-23,71.88,74.29,70.78,74.29,,,,
2025-07-24,71.38,71.78,68.57,68.57,,,,
2025-07-25,67.36,68.67,67.36,68.57,,,,
2025-07-28,69.27,69.67,66.86,66.86,,,,
2025-07-29,68.17,68.37,62.75,62.75,,,,
2025-07-30,64.05,65.66,56.22,58.13,,,,
2025-07-31,56.22,56.92,51,51.9,,,,
2025-08-01,40.66,45.48,40.66,44.35,,,,
2025-08-04,45.85,51.34,45.85,50.84,,,,
2025-08-05,50.94,51.34,47.55,51.24,,,,
2025-08-06,48.85,49.65,47.15,49.59,,,,
2025-08-07,53,53,46,48,,,,
2025-08-08,49.2,49.5,48.2,48.29,,,,
2025-08-11,49.2,49.2,45.79,46.34,,,,
2025-08-12,50.25,57.05,48.64,56.65,,,,
2025-08-13,60.76,64.86,60.36,64.66,,,,
2025-08-14,60.16,61.36,57.75,60.56,,,,
2025-08-15,59.95,59.95,57.05,57.65,,,,
2025-08-18,57.25,59.95,57.25,59.01,,,,
2025-08-19,59.11,62.02,56.61,57.31,,,,
2025-08-20,54.1,56.41,52.1,56.41,,,,
2025-08-21,53.4,57.01,53.4,56.26,,,,
2025-08-22,66.59,70.61,66.59,69.8,,,,
2025-08-25,68.4,68.4,64.99,64.99,,,,
2025-08-26,65.69,65.69,64.79,65.46,,,,
2025-08-27,65.96,68.27,65.96,67.57,,,,
2025-08-28,67.77,67.97,66.06,67.16,,,,
2025-08-29,66.76,66.86,64.05,64.95,,,,
2025-09-02,59.09,60.3,57.18,60.02,,,,
2025-09-03,60.92,61.12,58.51,60.58,,,,
2025-09-04,58.27,62.38,57.57,62.31,,,,
2025-09-05,65.42,65.42,61.7,63.91,,,,
2025-09-08,62.01,64.32,61.9,63.51,,,,
2025-09-09,62.81,62.81,61.2,62.41,,,,
2025-09-10,62.01,62.01,57.18,58.69,,,,
2025-09-11,61.5,64.72,61.5,64.62,,,,
2025-09-12,63.71,63.71,59.49,59.49,,,,
2025-09-15,60.8,61.6,57.88,58.09,,,,
2025-09-16,57.58,57.58,54.57,56.88,,,,
2025-09-17,60.2,66.33,58.09,58.29,,,,
2025-09-18,62.11,66.33,62.11,66.23,,,,
2025-09-19,64.92,66.43,62.51,62.51,,,,
2025-09-22,59.29,63.21,59.29,61.7,,,,
2025-09-23,66.23,66.23,60.3,60.3,,,,
2025-09-24,61.4,61.4,56.88,58.35,,,,
2025-09-25,53.82,55.93,51.1,53.47,,,,
2025-09-26,58.1,58.1,54.38,58.1,,,,
2025-09-29,57.4,57.4,54.88,56.19,,,,
2025-09-30,56.59,56.59,51.35,55.68,,,,
2025-10-01,55.28,56.75,52.56,55.86,,,,
2025-10-02,56.75,56.75,53.37,56.11,,,,
2025-10-03,59.4,62.18,59.2,59.2,,,,
2025-10-06,60.39,61.99,58.7,59.7,,,,
2025-10-07,59.6,59.6,54.12,54.92,,,,
2025-10-08,54.92,58.5,54.92,57.81,,,,
2025-10-09,57.81,57.81,53.53,53.68,,,,
2025-10-10,53.68,55.37,40.63,40.63,,,,
2025-10-13,44.12,46.41,44.02,46.11,,,,
2025-10-14,46.01,53.38,46.01,51.09,,,,
2025-10-15,53.78,54.88,47.9,50.69,,,,
2025-10-16,51.39,51.39,45.51,46.46,,,,
2025-10-17,45.86,46.75,44.46,45.76,,,,
2025-10-20,49.25,52.04,49.25,52.04,,,,
2025-10-21,51.04,55.33,50.64,54.59,,,,
2025-10-22,52.49,52.99,47.7,50.09,,,,
2025-10-23,51.99,54.49,50.69,52.89,,,,
2025-10-24,56.78,57.28,54.89,54.89,,,,
2025-10-27,58.88,59.08,56.88,57.58,,,,
2025-10-28,54.89,55.78,52.99,53.69,,,,
2025-10-29,51.99,54.19,46.1,47.09,,,,
2025-10-30,48,48,43.9,43.9,,,,
2025-10-31,44.59,46.59,44.09,45.86,,,,
2025-11-03,43.07,43.96,40.47,43.91,,,,
2025-11-04,41.11,42.21,38.72,39.52,,,,
2025-11-05,40.31,44.81,40.21,42.61,,,,
2025-11-06,43.11,43.11,38.72,38.72,,,,
2025-11-07,37.02,40.61,35.72,40.51,,,,
2025-11-10,43.21,44.81,41.51,44.11,,,,
2025-11-11,45,46.3,44.21,45.8,,,,
2025-11-12,49.3,49.3,47.3,47.4,,,,
2025-11-13,44.61,45.3,39.42,39.56,,,,
2025-11-14,36.06,39.76,36.06,38.36,,,,
2025-11-17,37.76,37.76,32.56,32.83,,,,
2025-11-18,32.63,34.63,32.23,33.33,,,,
2025-11-19,33.33,34.73,31.83,33.33,,,,
2025-11-20,37.23,38.23,29.42,29.42,,,,
2025-11-21,31.83,40.94,31.83,38.03,,,,
2025-11-24,37.33,40.64,37.33,39.73,,,,
2025-11-25,44.64,49.44,44.64,48.74,,,,
2025-11-26,50.45,53.05,50.15,50.95,,,,
2025-11-28,51.6,52.81,51.6,52.71,,,,
2025-12-01,49.29,52.71,49.29,49.79,,,,
2025-12-02,50.89,53.08,50.89,51.59,,,,
2025-12-03,53.28,56.07,53.28,55.57,,,,
2025-12-04,57.37,58.36,56.77,57.47,,,,
2025-12-05,57.07,59.56,56.57,56.97,,,,
2025-12-08,57.66,57.66,55.37,55.73,,,,
2025-12-09,56.13,58.52,55.93,55.93,,,,
2025-12-10,55.83,62.11,55.83,61.07,,,,
2025-12-11,63.37,64.47,62.97,64.13,,,,
2025-12-12,64.93,64.93,59.44,60.53,,,,
2025-12-15,59.94,59.94,57.54,58.24,,,,
2025-12-16,58.64,58.74,56.14,57.94,,,,
2025-12-17,60.03,60.43,55.34,55.34,,,,
2025-12-18,59.34,61.33,57.04,57.4,,,,
2025-12-19,59.59,60.5,59,60.2,,,,
2025-12-22,63.7,64.4,62.79,62.9,,,,
2025-12-23,62.79,62.79,60.4,61.7,,,,
2025-12-24,61.29,62.7,61.29,62.56,,,,
2025-12-26,61.26,61.76,60.36,61.56,,,,
2025-12-29,61.62,61.62,58.31,59.61,,,,
2025-12-30,59.51,59.81,57.91,57.91,,,,
2025-12-31,57.71,57.71,52.4,52.4,,,,
2026-01-02,54.16,54.16,50.65,52.45,,,,
2026-01-05,59.57,63.49,59.17,62.25,,,,
2026-01-06,62.05,66.73,62.05,66.33,,,,
2026-01-07,64.54,67.33,64.54,65.83,,,,
2026-01-08,66.93,69.12,66.13,67.99,,,,
2026-01-09,68.59,70.98,67.69,68.19,,,,
2026-01-12,65.4,68.79,65.4,68.39,,,,
2026-01-13,64.9,65,63.8,64.8,,,,
2026-01-14,64.7,66.6,63.4,66.46,,,,
2026-01-15,67.36,70.15,66.56,66.83,,,,
2026-01-16,65.03,65.33,63.63,63.73,,,,
2026-01-20,60.53,62.53,59.04,59.04,,,,
2026-01-21,61.83,64.43,61.03,64.33,,,,
2026-01-22,67.63,69.23,67.63,68,,,,
2026-01-23,66.8,66.8,62.5,63.29,,,,
2026-01-26,64.4,64.4,62.7,63.5,,,,
2026-01-27,62,62,60.2,61.4,,,,
2026-01-28,61.79,61.79,57.79,57.79,,,,
2026-01-29,57.5,57.5,55,57.29,,,,
2026-01-30,54.9,54.9,51.09,53.09,,,,
2026-02-02,54.63,57.62,54.63,56.33,,,,
2026-02-03,54.63,54.63,50.44,52.74,,,,
2026-02-04,53.43,54.03,49.65,51.39,,,,
2026-02-05,51.49,52.29,45.8,46.6,,,,
2026-02-06,49.2,53.59,49.2,53.59,,,,
2026-02-09,52.39,54.59,50.39,53.99,,,,
2026-02-10,55.68,56.68,53.39,53.39,,,,
2026-02-11,53.19,53.19,50.49,52.29,,,,
2026-02-12,52.49,52.49,47.2,48.2,,,,
2026-02-13,50,51.69,49,49.29,,,,
2026-02-17,49.7,51.4,48.79,49.79,,,,
2026-02-18,53.5,53.5,50.2,51.09,,,,
2026-02-19,50.2,51,49,50.7,,,,
2026-02-20,51.59,51.59,48.2,50.29,,,,
2026-02-23,49.79,49.79,42.59,44.2,,,,
2026-02-24,45.59,47.5,45.5,46.79,,,,
2026-02-25,48.59,48.7,47,48,,,,
2026-02-26,48.59,50.8,46,50.8,,,,
2026-02-27,42.44,43.64,41.24,43.14,,,,
2026-03-02,41.25,45.75,41.25,44.75,,,,
2026-03-03,35.26,43.35,35.26,40.95,,,,
2026-03-04,43.45,45.05,43.15,43.35,,,,
2026-03-05,41.55,41.55,36.16,38,,,,
2026-03-06,31.39,32.79,30.29,31.79,,,,
2026-03-09,26,34.5,26,34,,,,
2026-03-10,35.09,38.5,33.2,33.29,,,,
2026-03-11,31.7,33,30.5,33,,,,
2026-03-12,27.5,27.7,25.6,25.89,,,,
2026-03-13,27.39,27.39,24.39,25.2,,,,
2026-03-16,29.29,29.7,28.2,28.2,,,,
2026-03-17,31.2,31.6,29.39,30,,,,
2026-03-18,27.79,27.79,24.1,24.1,,,,
2026-03-19,22.39,26.79,22.2,25.32,,,,
2026-03-20,24.22,24.22,18.81,19.61,,,,
2026-03-23,25.92,29.82,25.42,25.62,,,,
2026-03-24,27.32,28.52,25.62,27.42,,,,
2026-03-25,31.63,32.33,29.72,30.66,,,,
2026-03-26,30.86,30.86,26.65,26.65,,,,
2026-03-27,23.34,24.34,21.94,22.04,,,,
2026-03-30,21.94,23.64,19.83,20.54,,,,
2026-03-31,24.14,30.16,24.14,29.65,,,,
2026-04-01,24.14,33.66,24.14,33.66,,,,
2026-04-02,29.55,35.87,29.55,35.8,,,,
2026-04-06,38.78,42.37,38.18,41.41,,,,
2026-04-07,39.42,42.01,37.62,42.01,,,,
2026-04-08,57.98,57.98,52.79,54.54,,,,
2026-04-09,53.64,56.84,52.14,55.04,,,,
2026-04-10,55.14,55.14,51.84,52.84,,,,
2026-04-13,53.04,58.74,52.84,58.74,,,,
2026-04-14,64.03,64.93,62.63,63.63,,,,
2026-04-15,67.83,68.23,64.73,66.83,,,,
2026-04-16,68.73,69.83,67.93,69.23,,,,
2026-04-17,75.42,77.42,74.42,75.62,,,,
2026-04-20,75.12,75.92,73.92,75.12,,,,
2026-04-21,75.62,77.52,70.72,70.9,,,,
2026-04-22,74.4,74.59,71,72.09,,,,
2026-04-23,69.9,70.19,65,67.4,,,,
2026-04-24,65.8,67.66,65.3,67.56,,,,
2026-04-27,68.76,69.56,66.56,66.56,,,,
2026-04-28,68.16,68.16,64.06,64.06,,,,
2026-04-29,62.36,62.36,57.65,59.41,,,,
2026-04-30,61.72,66.73,61.72,66.7,,,,
2026-05-01,66.59,69.5,66.59,69.2,,,,
2026-05-04,70.17,70.17,66.5,67.59,,,,
2026-05-05,67.09,69.38,67.09,69.28,,,,
2026-05-06,70.17,71.37,69.78,70.77,,,,
2026-05-07,70.47,70.97,68.09,68.75,,,,
2026-05-08,67.36,68.15,66.76,67.62,,,,
2026-05-11,67.82,67.82,64.04,64.44,,,,
2026-05-12,62.64,62.64,60.95,62.15,,,,
2026-05-13,59.96,60.85,58.26,59.46,,,,
2026-05-14,61.05,62.84,60.25,60.65,,,,
2026-05-15,56.97,56.97,54.28,54.39,,,,
2026-05-18,55.28,57.28,53.89,56.78,,,,
2026-05-19,52.69,54.49,52.29,52.99,,,,
2026-05-20,53.39,60.67,53.39,60.59,,,,
2026-05-21,57.29,61.9,57.29,61.2,,,,
2026-05-22,63.5,63.5,60.79,61.7,,,,
2026-05-26,62.09,64.09,62.09,63.4,,,,
2026-05-27,64,65.3,62.5,62.79,,,,
2026-05-28,64,65.69,63.7,65.19,,,,
2026-05-29,63.79,65,62.79,62.9,,,,
2026-06-01,61.79,62.79,60.9,61.7,,,,
2026-06-02,59.7,59.79,58.2,59.4,,,,
2026-06-03,56.7,56.7,53.23,53.63,,,,
2026-06-04,60,61.29,59.3,60.55,,,,
2026-06-05,56.97,56.97,52.68,52.98,,,,
2026-06-08,55.57,56.97,53.78,53.78,,,,
2026-06-09,58.16,58.16,50.29,54.08,,,,
2026-06-10,55.87,55.87,51.29,51.29,,,,
2026-06-11,51.79,56.67,51.59,56.23,,,,
2026-06-12,56.72,61.41,56.72,59.12,,,,
2026-06-15,63.01,63.21,60.71,61.17,,,,
2026-06-16,59.38,60.47,59.18,59.18,,,,
2026-06-17,60.07,61.17,52.79,54.09,,,,
2026-06-18,56.38,57.38,55.28,56.78,,,,
2026-06-22,58.28,59.18,55.58,56.38,,,,
2026-06-23,56.38,59.18,56.38,57.48,,,,
2026-06-24,60.47,61.87,58.78,60.23,,,,
2026-06-25,60.93,61.13,59.04,59.54,,,,
2026-06-26,59.14,61.83,59.14,61.79,,,,
2026-06-29,63.09,63.09,61,63.09,,,,
2026-06-30,63.7,64.5,63.59,64.19,,,,
2026-07-01,66,68,66,66.5,,,,
2026-07-02,67.19,67.69,63.52,65.31,,,,
2026-07-06,65.6,66.69,64.61,65.41,,,,
2026-07-07,62.63,64.42,62.63,62.83,,,,
2026-07-08,61.74,61.84,59.76,61.8,,,,
2026-07-09,63.69,65.07,63.69,64.38,,,,
2026-07-10,63.78,64.78,62.4,63.19,,,,
2026-07-13,62,63.29,60.21,60.81,,,,
2026-07-14,61.11,62,60.21,60.31,,,,
2026-07-15,61.5,62.69,59.62,60.21,,,,
2026-07-16,60.21,62.3,59.12,59.84,,,,
2026-07-17,58.34,60.23,57.65,57.65,,,,
2026-07-20,57.75,57.95,56.46,56.56,,,,
2026-07-21,56.95,58.94,56.95,58.94,,,,
2026-07-22,58.44,58.64,56.36,56.75,,,,
2026-07-23,52.28,52.38,50.09,52.03,,,,
2026-07-24,51.84,53.33,51.04,51.94,,,,
2026-07-27,57.61,58.3,55.72,56.61,,,,
2026-07-28,57.11,59.2,56.91,58.8,,,,
2026-07-29,58.5,58.6,55.82,56.01,,,,
2026-07-30,55.42,55.82,53.03,55.62,,,,
2026-07-31,51.14,54.82,51.14,53.73,,,,
2026-08-03,55.24,58.31,55.24,58.11,,,,
2026-08-04,60.29,64.75,59.7,63.92,,,,
2026-08-05,62.93,63.92,62.14,62.73,,,,
2026-08-06,62.33,62.33,60.15,60.51,,,,
2026-08-07,61.01,62.69,61.01,62.4,,,,
2026-08-10,62.4,62.4,60.21,61.11,,,,
2026-08-11,61.01,62,60.51,61.11,,,,
2026-08-12,60.61,62.89,60.61,62,,,,
2026-08-13,63.59,65.27,62.5,63.49,,,,
2026-08-14,62.5,63.78,62.5,63.78,,,,
2026-08-17,62.89,62.99,61.6,61.8,,,,
2026-08-18,60.81,60.81,57.34,57.34,,,,
2026-08-19,58.33,60.21,57.83,58.03,,,,
2026-08-20,54.86,54.96,51.88,53.07,,,,
2026-08-21,53.07,56.15,53.07,55.45,,,,
2026-08-24,54.16,54.16,53.07,53.22,,,,
2026-08-25,53.42,54.41,52.83,54.22,,,,
2026-08-26,54.02,54.91,52.73,53.22,,,,
2026-08-27,52.23,53.82,51.34,53.12,,,,
2026-08-28,52.92,52.92,48.85,49.25,,,,
2026-08-31,46.87,47.26,44.68,46.27,,,,
2026-09-01,45.38,45.38,42.12,42.22,,,,
2026-09-02,46.08,48.06,45.19,47.96,,,,
2026-09-03,49.95,49.95,47.47,49.4,,,,
2026-09-04,47.71,49.3,47.71,49.05,,,,
2026-09-08,47.26,47.76,45.08,45.08,,,,
2026-09-09,42.8,42.8,37.93,38.36,,,,
2026-09-10,36.08,36.67,34.69,35.08,,,,
2026-09-11,38.96,38.96,36.67,38.27,,,,
2026-09-14,36.87,39.86,36.87,39.16,,,,
2026-09-15,36.08,36.08,33.39,33.93,,,,
2026-09-16,34.02,35.92,29.35,32.23,,,,
2026-09-17,34.42,35.62,33.93,33.93,,,,
2026-09-18,32.03,33.03,31.04,33.03,,,,
2026-09-21,33.83,36.51,33.83,36.21,,,,
2026-09-22,37.21,37.61,35.32,37.31,,,,
2026-09-23,35.22,35.22,31.34,32.53,,,,
2026-09-24,31.04,31.24,28.75,30.14,,,,
2026-09-25,31.94,33.13,30.34,31.34,,,,