date,category,target_starts,inside_danger,future_5_complete,future_20_complete
2009-04-17,起点当天,,是,是,是
2009-04-24,灰色区,,否,是,是
2009-04-29,样本组,2009-05-04,否,是,是
2009-04-30,样本组,2009-05-04,否,是,是
2009-05-01,样本组,2009-05-04,否,是,是
2009-05-04,起点当天,,是,是,是
2009-05-05,危险时段内且20日无新起点,,是,是,是
2009-05-06,危险时段内且20日无新起点,,是,是,是
2009-05-08,危险时段内且20日无新起点,,是,是,是
2009-06-01,灰色区,,否,是,是
2009-06-02,样本组,2009-06-09,否,是,是
2009-06-04,样本组,2009-06-09,否,是,是
2009-06-05,样本组,2009-06-09,否,是,是
2009-06-08,样本组,2009-06-09,否,是,是
2009-06-09,起点当天,,是,是,是
2009-06-10,危险时段内且20日无新起点,,是,是,是
2009-06-11,危险时段内且20日无新起点,,是,是,是
2009-06-12,危险时段内且20日无新起点,,是,是,是
2009-07-16,对照组,,否,是,是
2009-07-17,对照组,,否,是,是
2009-07-20,对照组,,否,是,是
2009-07-21,对照组,,否,是,是
2009-07-22,对照组,,否,是,是
2009-07-23,对照组,,否,是,是
2009-07-24,对照组,,否,是,是
2009-07-27,对照组,,否,是,是
2009-07-28,对照组,,否,是,是
2009-07-29,对照组,,否,是,是
2009-07-30,对照组,,否,是,是
2009-07-31,对照组,,否,是,是
2009-08-03,对照组,,否,是,是
2009-08-04,对照组,,否,是,是
2009-08-05,对照组,,否,是,是
2009-08-06,对照组,,否,是,是
2009-08-07,对照组,,否,是,是
2009-08-10,对照组,,否,是,是
2009-08-12,对照组,,否,是,是
2009-08-13,对照组,,否,是,是
2009-08-14,对照组,,否,是,是
2009-08-20,对照组,,否,是,是
2009-08-21,对照组,,否,是,是
2009-08-24,灰色区,,否,是,是
2009-08-25,灰色区,,否,是,是
2009-08-26,灰色区,,否,是,是
2009-08-27,灰色区,,否,是,是
2009-08-28,灰色区,,否,是,是
2009-09-08,灰色区,,否,是,是
2009-09-09,灰色区,,否,是,是
2009-09-10,灰色区,,否,是,是
2009-09-11,灰色区,,否,是,是
2009-09-14,灰色区,,否,是,是
2009-09-15,样本组,2009-09-22,否,是,是
2009-09-16,样本组,2009-09-22,否,是,是
2009-09-17,样本组,2009-09-22,否,是,是
2009-09-18,样本组,2009-09-22,否,是,是
2009-09-21,样本组,2009-09-22,否,是,是
2009-09-22,起点当天,,是,是,是
2009-09-28,灰色区,,是,是,是
2009-10-08,灰色区,,否,是,是
2009-10-09,灰色区,,否,是,是
2009-10-12,样本组,2009-10-19,否,是,是
2009-10-13,样本组,2009-10-19,否,是,是
2009-10-14,样本组,2009-10-19,否,是,是
2009-10-15,样本组,2009-10-19,否,是,是
2009-10-16,样本组,2009-10-19,否,是,是
2009-10-19,起点当天,,是,是,是
2009-10-20,危险时段内且20日无新起点,,是,是,是
2009-10-22,危险时段内且20日无新起点,,是,是,是
2009-11-09,对照组,,否,是,是
2009-11-10,对照组,,否,是,是
2009-11-11,对照组,,否,是,是
2009-11-13,对照组,,否,是,是
2009-11-16,对照组,,否,是,是
2009-11-17,对照组,,否,是,是
2009-11-18,对照组,,否,是,是
2009-11-23,对照组,,否,是,是
2009-11-24,对照组,,否,是,是
2009-11-25,对照组,,否,是,是
2009-12-01,对照组,,否,是,是
2009-12-02,对照组,,否,是,是
2009-12-03,对照组,,否,是,是
2009-12-04,对照组,,否,是,是
2009-12-07,对照组,,否,是,是
2009-12-10,对照组,,否,是,是
2009-12-11,对照组,,否,是,是
2009-12-14,对照组,,否,是,是
2009-12-15,对照组,,否,是,是
2009-12-16,对照组,,否,是,是
2009-12-21,灰色区,,否,是,是
2009-12-22,灰色区,,否,是,是
2009-12-23,灰色区,,否,是,是
2009-12-24,灰色区,,否,是,是
2009-12-28,灰色区,,否,是,是
2009-12-29,灰色区,,否,是,是
2009-12-30,灰色区,,否,是,是
2010-01-04,灰色区,,否,是,是
2010-01-05,灰色区,,否,是,是
2010-01-06,灰色区,,否,是,是
2010-01-07,灰色区,,否,是,是
2010-01-08,灰色区,,否,是,是
2010-01-11,样本组,2010-01-19,否,是,是
2010-01-12,样本组,2010-01-19,否,是,是
2010-01-13,样本组,2010-01-19,否,是,是
2010-01-14,样本组,2010-01-19,否,是,是
2010-01-19,起点当天,,是,是,是
2010-03-09,对照组,,否,是,是
2010-03-10,对照组,,否,是,是
2010-03-11,对照组,,否,是,是
2010-03-12,对照组,,否,是,是
2010-03-15,对照组,,否,是,是
2010-03-16,对照组,,否,是,是
2010-03-17,对照组,,否,是,是
2010-03-18,对照组,,否,是,是
2010-03-19,对照组,,否,是,是
2010-03-22,对照组,,否,是,是
2010-03-23,对照组,,否,是,是
2010-03-24,对照组,,否,是,是
2010-03-25,灰色区,,否,是,是
2010-03-26,灰色区,,否,是,是
2010-03-29,灰色区,,否,是,是
2010-03-30,灰色区,,否,是,是
2010-03-31,灰色区,,否,是,是
2010-04-01,灰色区,,否,是,是
2010-04-05,灰色区,,否,是,是
2010-04-06,灰色区,,否,是,是
2010-04-07,灰色区,,否,是,是
2010-04-08,灰色区,,否,是,是
2010-04-09,灰色区,,否,是,是
2010-04-12,灰色区,,否,是,是
2010-04-13,灰色区,,否,是,是
2010-04-14,灰色区,,否,是,是
2010-04-15,灰色区,,否,是,是
2010-04-20,样本组,2010-04-23,否,是,是
2010-04-21,样本组,2010-04-23,否,是,是
2010-04-22,样本组,2010-04-23,否,是,是
2010-04-23,起点当天,,是,是,是
2010-04-26,灰色区,,是,是,是
2010-04-29,灰色区,,是,是,是
2010-08-09,起点当天,,是,是,是
2010-09-13,对照组,,否,是,是
2010-09-14,对照组,,否,是,是
2010-09-15,对照组,,否,是,是
2010-09-16,对照组,,否,是,是
2010-09-17,对照组,,否,是,是
2010-09-20,对照组,,否,是,是
2010-09-21,对照组,,否,是,是
2010-09-22,对照组,,否,是,是
2010-09-24,对照组,,否,是,是
2010-09-27,对照组,,否,是,是
2010-09-28,对照组,,否,是,是
2010-09-29,对照组,,否,是,是
2010-09-30,对照组,,否,是,是
2010-10-01,对照组,,否,是,是
2010-10-05,对照组,,否,是,是
2010-10-06,对照组,,否,是,是
2010-10-07,对照组,,否,是,是
2010-10-08,对照组,,否,是,是
2010-10-11,对照组,,否,是,是
2010-10-12,对照组,,否,是,是
2010-10-13,对照组,,否,是,是
2010-10-14,对照组,,否,是,是
2010-10-15,对照组,,否,是,是
2010-10-18,对照组,,否,是,是
2010-10-20,对照组,,否,是,是
2010-10-21,对照组,,否,是,是
2010-10-22,对照组,,否,是,是
2010-10-25,对照组,,否,是,是
2010-10-26,对照组,,否,是,是
2010-10-27,对照组,,否,是,是
2010-10-28,对照组,,否,是,是
2010-10-29,对照组,,否,是,是
2010-11-01,对照组,,否,是,是
2010-11-02,对照组,,否,是,是
2010-11-03,对照组,,否,是,是
2010-11-04,对照组,,否,是,是
2010-11-05,对照组,,否,是,是
2010-11-08,对照组,,否,是,是
2010-11-10,对照组,,否,是,是
2010-12-02,对照组,,否,是,是
2010-12-03,对照组,,否,是,是
2010-12-06,对照组,,否,是,是
2010-12-07,对照组,,否,是,是
2010-12-08,对照组,,否,是,是
2010-12-09,对照组,,否,是,是
2010-12-10,对照组,,否,是,是
2010-12-13,对照组,,否,是,是
2010-12-14,对照组,,否,是,是
2010-12-15,对照组,,否,是,是
2010-12-16,对照组,,否,是,是
2010-12-17,对照组,,否,是,是
2010-12-20,对照组,,否,是,是
2010-12-21,对照组,,否,是,是
2010-12-22,对照组,,否,是,是
2010-12-23,对照组,,否,是,是
2010-12-27,对照组,,否,是,是
2010-12-28,对照组,,否,是,是
2010-12-29,对照组,,否,是,是
2010-12-30,对照组,,否,是,是
2010-12-31,对照组,,否,是,是
2011-01-03,对照组,,否,是,是
2011-01-04,对照组,,否,是,是
2011-01-05,对照组,,否,是,是
2011-01-06,对照组,,否,是,是
2011-01-07,对照组,,否,是,是
2011-01-10,对照组,,否,是,是
2011-01-11,对照组,,否,是,是
2011-01-12,对照组,,否,是,是
2011-01-13,对照组,,否,是,是
2011-01-14,对照组,,否,是,是
2011-01-18,对照组,,否,是,是
2011-01-21,灰色区,,否,是,是
2011-01-24,灰色区,,否,是,是
2011-01-25,灰色区,,否,是,是
2011-01-26,灰色区,,否,是,是
2011-01-27,灰色区,,否,是,是
2011-02-01,灰色区,,否,是,是
2011-02-02,灰色区,,否,是,是
2011-02-03,灰色区,,否,是,是
2011-02-04,灰色区,,否,是,是
2011-02-07,灰色区,,否,是,是
2011-02-08,灰色区,,否,是,是
2011-02-09,样本组,2011-02-16,否,是,是
2011-02-10,样本组,2011-02-16,否,是,是
2011-02-11,样本组,2011-02-16,否,是,是
2011-02-14,样本组,2011-02-16,否,是,是
2011-02-15,样本组,2011-02-16,否,是,是
2011-02-16,起点当天,,是,是,是
2011-02-17,危险时段内且20日无新起点,,是,是,是
2011-02-18,危险时段内且20日无新起点,,是,是,是
2011-03-03,危险时段内且20日无新起点,,是,是,是
2011-04-01,灰色区,,否,是,是
2011-04-04,灰色区,,否,是,是
2011-04-05,灰色区,,否,是,是
2011-04-06,灰色区,,否,是,是
2011-04-07,灰色区,,否,是,是
2011-04-20,样本组,2011-04-27,否,是,是
2011-04-21,样本组,2011-04-27,否,是,是
2011-04-25,样本组,2011-04-27,否,是,是
2011-04-26,样本组,2011-04-27,否,是,是
2011-04-27,起点当天,,是,是,是
2011-04-28,危险时段内且20日无新起点,,是,是,是
2011-04-29,危险时段内且20日无新起点,,是,是,是
2011-05-02,危险时段内且20日无新起点,,是,是,是
2011-05-03,危险时段内且20日无新起点,,是,是,是
2011-05-10,危险时段内且20日无新起点,,是,是,是
2011-07-07,起点当天,,是,是,是
2011-10-27,样本组,2011-10-28,否,是,是
2011-10-28,起点当天,,是,是,是
2011-11-08,灰色区,,是,是,是
2012-01-03,对照组,,否,是,是
2012-01-04,对照组,,否,是,是
2012-01-05,对照组,,否,是,是
2012-01-06,对照组,,否,是,是
2012-01-09,对照组,,否,是,是
2012-01-10,对照组,,否,是,是
2012-01-11,对照组,,否,是,是
2012-01-12,对照组,,否,是,是
2012-01-13,对照组,,否,是,是
2012-01-17,对照组,,否,是,是
2012-01-18,对照组,,否,是,是
2012-01-19,对照组,,否,是,是
2012-01-20,对照组,,否,是,是
2012-01-23,对照组,,否,是,是
2012-01-24,对照组,,否,是,是
2012-01-25,对照组,,否,是,是
2012-01-26,对照组,,否,是,是
2012-01-27,对照组,,否,是,是
2012-01-30,对照组,,否,是,是
2012-02-01,对照组,,否,是,是
2012-02-02,对照组,,否,是,是
2012-02-03,对照组,,否,是,是
2012-02-06,对照组,,否,是,是
2012-02-07,对照组,,否,是,是
2012-02-08,对照组,,否,是,是
2012-02-09,对照组,,否,是,是
2012-02-10,对照组,,否,是,是
2012-02-13,对照组,,否,是,是
2012-02-14,对照组,,否,是,是
2012-02-15,对照组,,否,是,是
2012-02-16,对照组,,否,是,是
2012-02-17,对照组,,否,是,是
2012-02-21,对照组,,否,是,是
2012-02-22,对照组,,否,是,是
2012-02-23,对照组,,否,是,是
2012-02-24,对照组,,否,是,是
2012-02-27,对照组,,否,是,是
2012-02-28,对照组,,否,是,是
2012-02-29,对照组,,否,是,是
2012-03-01,对照组,,否,是,是
2012-03-02,对照组,,否,是,是
2012-03-05,灰色区,,否,是,是
2012-03-08,灰色区,,否,是,是
2012-03-09,灰色区,,否,是,是
2012-03-12,灰色区,,否,是,是
2012-03-13,灰色区,,否,是,是
2012-03-14,灰色区,,否,是,是
2012-03-15,灰色区,,否,是,是
2012-03-16,灰色区,,否,是,是
2012-03-19,灰色区,,否,是,是
2012-03-20,灰色区,,否,是,是
2012-03-21,灰色区,,否,是,是
2012-03-23,灰色区,,否,是,是
2012-03-26,样本组,2012-04-02,否,是,是
2012-03-27,样本组,2012-04-02,否,是,是
2012-03-28,样本组,2012-04-02,否,是,是
2012-03-29,样本组,2012-04-02,否,是,是
2012-03-30,样本组,2012-04-02,否,是,是
2012-04-02,起点当天,,是,是,是
2012-04-03,危险时段内且20日无新起点,,是,是,是
2012-05-01,危险时段内且20日无新起点,,是,是,是
2012-07-27,对照组,,否,是,是
2012-07-30,对照组,,否,是,是
2012-07-31,对照组,,否,是,是
2012-08-01,对照组,,否,是,是
2012-08-03,对照组,,否,是,是
2012-08-06,对照组,,否,是,是
2012-08-07,对照组,,否,是,是
2012-08-08,对照组,,否,是,是
2012-08-09,对照组,,否,是,是
2012-08-10,对照组,,否,是,是
2012-08-13,对照组,,否,是,是
2012-08-14,对照组,,否,是,是
2012-08-15,对照组,,否,是,是
2012-08-16,灰色区,,否,是,是
2012-08-17,灰色区,,否,是,是
2012-08-20,灰色区,,否,是,是
2012-08-21,灰色区,,否,是,是
2012-08-22,灰色区,,否,是,是
2012-08-24,灰色区,,否,是,是
2012-08-27,灰色区,,否,是,是
2012-08-28,灰色区,,否,是,是
2012-08-29,灰色区,,否,是,是
2012-08-31,灰色区,,否,是,是
2012-09-04,灰色区,,否,是,是
2012-09-06,灰色区,,否,是,是
2012-09-07,样本组,2012-09-14,否,是,是
2012-09-10,样本组,2012-09-14,否,是,是
2012-09-11,样本组,2012-09-14,否,是,是
2012-09-12,样本组,2012-09-14,否,是,是
2012-09-13,样本组,2012-09-14,否,是,是
2012-09-14,起点当天,,是,是,是
2012-09-17,危险时段内且20日无新起点,,是,是,是
2012-09-18,危险时段内且20日无新起点,,是,是,是
2012-09-19,危险时段内且20日无新起点,,是,是,是
2012-09-20,危险时段内且20日无新起点,,是,是,是
2012-09-21,危险时段内且20日无新起点,,是,是,是
2012-09-24,危险时段内且20日无新起点,,是,是,是
2012-10-04,危险时段内且20日无新起点,,是,是,是
2012-10-05,危险时段内且20日无新起点,,是,是,是
2012-10-08,危险时段内且20日无新起点,,是,是,是
2012-10-16,危险时段内且20日无新起点,,是,是,是
2012-10-17,危险时段内且20日无新起点,,是,是,是
2012-10-18,危险时段内且20日无新起点,,是,是,是
2012-12-18,对照组,,否,是,是
2013-01-02,对照组,,否,是,是
2013-01-03,对照组,,否,是,是
2013-01-04,对照组,,否,是,是
2013-01-07,对照组,,否,是,是
2013-01-08,对照组,,否,是,是
2013-01-09,对照组,,否,是,是
2013-01-10,对照组,,否,是,是
2013-01-11,对照组,,否,是,是
2013-01-14,对照组,,否,是,是
2013-01-15,对照组,,否,是,是
2013-01-16,对照组,,否,是,是
2013-01-17,对照组,,否,是,是
2013-01-18,对照组,,否,是,是
2013-01-22,对照组,,否,是,是
2013-01-23,对照组,,否,是,是
2013-01-24,对照组,,否,是,是
2013-01-25,对照组,,否,是,是
2013-01-28,对照组,,否,是,是
2013-01-29,对照组,,否,是,是
2013-01-30,对照组,,否,是,是
2013-01-31,对照组,,否,是,是
2013-02-01,对照组,,否,是,是
2013-02-05,对照组,,否,是,是
2013-02-06,对照组,,否,是,是
2013-02-07,对照组,,否,是,是
2013-02-08,对照组,,否,是,是
2013-02-11,对照组,,否,是,是
2013-02-12,对照组,,否,是,是
2013-02-13,对照组,,否,是,是
2013-02-14,对照组,,否,是,是
2013-02-15,对照组,,否,是,是
2013-02-19,对照组,,否,是,是
2013-02-27,对照组,,否,是,是
2013-03-01,对照组,,否,是,是
2013-03-04,对照组,,否,是,是
2013-03-05,对照组,,否,是,是
2013-03-06,对照组,,否,是,是
2013-03-07,对照组,,否,是,是
2013-03-08,对照组,,否,是,是
2013-03-11,对照组,,否,是,是
2013-03-12,对照组,,否,是,是
2013-03-13,对照组,,否,是,是
2013-03-14,对照组,,否,是,是
2013-03-15,对照组,,否,是,是
2013-03-18,对照组,,否,是,是
2013-03-19,对照组,,否,是,是
2013-03-20,对照组,,否,是,是
2013-03-22,对照组,,否,是,是
2013-03-25,对照组,,否,是,是
2013-03-26,对照组,,否,是,是
2013-03-27,对照组,,否,是,是
2013-03-28,对照组,,否,是,是
2013-04-01,对照组,,否,是,是
2013-04-02,对照组,,否,是,是
2013-04-04,对照组,,否,是,是
2013-04-08,对照组,,否,是,是
2013-04-09,对照组,,否,是,是
2013-04-10,对照组,,否,是,是
2013-04-11,对照组,,否,是,是
2013-04-12,对照组,,否,是,是
2013-04-23,灰色区,,否,是,是
2013-04-24,灰色区,,否,是,是
2013-04-25,灰色区,,否,是,是
2013-04-26,灰色区,,否,是,是
2013-04-29,灰色区,,否,是,是
2013-04-30,灰色区,,否,是,是
2013-05-01,灰色区,,否,是,是
2013-05-02,灰色区,,否,是,是
2013-05-03,灰色区,,否,是,是
2013-05-06,灰色区,,否,是,是
2013-05-07,灰色区,,否,是,是
2013-05-08,灰色区,,否,是,是
2013-05-09,灰色区,,否,是,是
2013-05-10,样本组,2013-05-17,否,是,是
2013-05-13,样本组,2013-05-17,否,是,是
2013-05-14,样本组,2013-05-17,否,是,是
2013-05-15,样本组,2013-05-17,否,是,是
2013-05-16,样本组,2013-05-17,否,是,是
2013-05-17,起点当天,,是,是,是
2013-05-20,危险时段内且20日无新起点,,是,是,是
2013-05-21,危险时段内且20日无新起点,,是,是,是
2013-05-22,危险时段内且20日无新起点,,是,是,是
2013-05-28,危险时段内且20日无新起点,,是,是,是
2013-05-30,危险时段内且20日无新起点,,是,是,是
2013-07-10,灰色区,,否,是,是
2013-07-11,灰色区,,否,是,是
2013-07-12,灰色区,,否,是,是
2013-07-15,灰色区,,否,是,是
2013-07-16,灰色区,,否,是,是
2013-07-17,灰色区,,否,是,是
2013-07-18,灰色区,,否,是,是
2013-07-19,灰色区,,否,是,是
2013-07-22,灰色区,,否,是,是
2013-07-23,灰色区,,否,是,是
2013-07-24,灰色区,,否,是,是
2013-07-25,灰色区,,否,是,是
2013-07-26,样本组,2013-08-02,否,是,是
2013-07-29,样本组,2013-08-02,否,是,是
2013-07-30,样本组,2013-08-02,否,是,是
2013-07-31,样本组,2013-08-02,否,是,是
2013-08-01,样本组,2013-08-02,否,是,是
2013-08-02,起点当天,,是,是,是
2013-08-05,危险时段内且20日无新起点,,是,是,是
2013-08-06,危险时段内且20日无新起点,,是,是,是
2013-08-08,危险时段内且20日无新起点,,是,是,是
2013-08-13,危险时段内且20日无新起点,,是,是,是
2013-09-16,样本组,2013-09-18,否,是,是
2013-09-17,样本组,2013-09-18,否,是,是
2013-09-18,起点当天,,是,是,是
2013-09-19,危险时段内且20日无新起点,,是,是,是
2013-09-20,危险时段内且20日无新起点,,是,是,是
2013-10-14,对照组,,否,是,是
2013-10-16,对照组,,否,是,是
2013-10-17,对照组,,否,是,是
2013-10-18,对照组,,否,是,是
2013-10-21,对照组,,否,是,是
2013-10-22,对照组,,否,是,是
2013-10-23,对照组,,否,是,是
2013-10-24,对照组,,否,是,是
2013-10-25,对照组,,否,是,是
2013-10-28,对照组,,否,是,是
2013-10-29,对照组,,否,是,是
2013-10-30,对照组,,否,是,是
2013-10-31,对照组,,否,是,是
2013-11-01,对照组,,否,是,是
2013-11-04,对照组,,否,是,是
2013-11-05,对照组,,否,是,是
2013-11-06,对照组,,否,是,是
2013-11-08,对照组,,否,是,是
2013-11-11,对照组,,否,是,是
2013-11-12,对照组,,否,是,是
2013-11-13,对照组,,否,是,是
2013-11-14,对照组,,否,是,是
2013-11-15,对照组,,否,是,是
2013-11-18,对照组,,否,是,是
2013-11-19,对照组,,否,是,是
2013-11-20,对照组,,否,是,是
2013-11-21,对照组,,否,是,是
2013-11-22,对照组,,否,是,是
2013-11-25,对照组,,否,是,是
2013-11-26,对照组,,否,是,是
2013-11-27,对照组,,否,是,是
2013-11-29,对照组,,否,是,是
2013-12-02,对照组,,否,是,是
2013-12-03,对照组,,否,是,是
2013-12-04,对照组,,否,是,是
2013-12-06,对照组,,否,是,是
2013-12-09,对照组,,否,是,是
2013-12-10,对照组,,否,是,是
2013-12-18,灰色区,,否,是,是
2013-12-19,灰色区,,否,是,是
2013-12-20,灰色区,,否,是,是
2013-12-23,灰色区,,否,是,是
2013-12-24,灰色区,,否,是,是
2013-12-26,灰色区,,否,是,是
2013-12-27,灰色区,,否,是,是
2013-12-30,灰色区,,否,是,是
2013-12-31,灰色区,,否,是,是
2014-01-02,灰色区,,否,是,是
2014-01-03,灰色区,,否,是,是
2014-01-07,灰色区,,否,是,是
2014-01-08,样本组,2014-01-15,否,是,是
2014-01-09,样本组,2014-01-15,否,是,是
2014-01-10,样本组,2014-01-15,否,是,是
2014-01-14,样本组,2014-01-15,否,是,是
2014-01-15,起点当天,,是,是,是
2014-01-16,危险时段内且20日无新起点,,是,是,是
2014-01-17,危险时段内且20日无新起点,,是,是,是
2014-01-21,危险时段内且20日无新起点,,是,是,是
2014-01-22,危险时段内且20日无新起点,,是,是,是
2014-02-14,灰色区,,否,是,是
2014-02-18,灰色区,,否,是,是
2014-02-20,灰色区,,否,是,是
2014-02-21,灰色区,,否,是,是
2014-02-24,灰色区,,否,是,是
2014-02-25,灰色区,,否,是,是
2014-02-26,样本组,2014-03-05,否,是,是
2014-02-27,样本组,2014-03-05,否,是,是
2014-02-28,样本组,2014-03-05,否,是,是
2014-03-03,样本组,2014-03-05,否,是,是
2014-03-04,样本组,2014-03-05,否,是,是
2014-03-05,起点当天,,是,是,是
2014-03-06,危险时段内且20日无新起点,,是,是,是
2014-03-07,危险时段内且20日无新起点,,是,是,是
2014-03-10,危险时段内且20日无新起点,,是,是,是
2014-03-11,危险时段内且20日无新起点,,是,是,是
2014-03-12,危险时段内且20日无新起点,,是,是,是
2014-03-18,危险时段内且20日无新起点,,是,是,是
2014-03-19,危险时段内且20日无新起点,,是,是,是
2014-03-20,危险时段内且20日无新起点,,是,是,是
2014-03-21,危险时段内且20日无新起点,,是,是,是
2014-03-25,危险时段内且20日无新起点,,是,是,是
2014-03-31,危险时段内且20日无新起点,,是,是,是
2014-04-01,危险时段内且20日无新起点,,是,是,是
2014-04-02,危险时段内且20日无新起点,,是,是,是
2014-04-03,危险时段内且20日无新起点,,是,是,是
2014-04-09,危险时段内且20日无新起点,,是,是,是
2014-04-22,对照组,,否,是,是
2014-04-23,对照组,,否,是,是
2014-04-24,对照组,,否,是,是
2014-04-29,对照组,,否,是,是
2014-04-30,对照组,,否,是,是
2014-05-01,对照组,,否,是,是
2014-05-02,对照组,,否,是,是
2014-05-05,对照组,,否,是,是
2014-05-07,对照组,,否,是,是
2014-05-08,对照组,,否,是,是
2014-05-09,对照组,,否,是,是
2014-05-12,对照组,,否,是,是
2014-05-13,对照组,,否,是,是
2014-05-14,对照组,,否,是,是
2014-05-19,对照组,,否,是,是
2014-05-21,对照组,,否,是,是
2014-05-22,对照组,,否,是,是
2014-05-23,对照组,,否,是,是
2014-05-27,对照组,,否,是,是
2014-05-28,对照组,,否,是,是
2014-05-29,对照组,,否,是,是
2014-05-30,对照组,,否,是,是
2014-06-02,对照组,,否,是,是
2014-06-03,对照组,,否,是,是
2014-06-04,对照组,,否,是,是
2014-06-05,对照组,,否,是,是
2014-06-06,对照组,,否,是,是
2014-06-09,对照组,,否,是,是
2014-06-10,对照组,,否,是,是
2014-06-11,对照组,,否,是,是
2014-06-13,对照组,,否,是,是
2014-06-16,对照组,,否,是,是
2014-06-17,对照组,,否,是,是
2014-06-18,对照组,,否,是,是
2014-06-19,对照组,,否,是,是
2014-06-20,对照组,,否,是,是
2014-06-23,对照组,,否,是,是
2014-06-24,对照组,,否,是,是
2014-06-25,对照组,,否,是,是
2014-06-26,对照组,,否,是,是
2014-06-27,对照组,,否,是,是
2014-06-30,对照组,,否,是,是
2014-07-01,对照组,,否,是,是
2014-07-02,对照组,,否,是,是
2014-07-03,对照组,,否,是,是
2014-07-07,对照组,,否,是,是
2014-07-09,对照组,,否,是,是
2014-07-11,对照组,,否,是,是
2014-07-14,对照组,,否,是,是
2014-07-15,对照组,,否,是,是
2014-07-16,对照组,,否,是,是
2014-07-18,对照组,,否,是,是
2014-07-21,对照组,,否,是,是
2014-07-22,对照组,,否,是,是
2014-07-23,对照组,,否,是,是
2014-07-24,对照组,,否,是,是
2014-07-25,对照组,,否,是,是
2014-07-28,对照组,,否,是,是
2014-07-29,对照组,,否,是,是
2014-07-30,对照组,,否,是,是
2014-08-18,对照组,,否,是,是
2014-08-19,对照组,,否,是,是
2014-08-20,灰色区,,否,是,是
2014-08-21,灰色区,,否,是,是
2014-08-22,灰色区,,否,是,是
2014-08-25,灰色区,,否,是,是
2014-08-26,灰色区,,否,是,是
2014-08-27,灰色区,,否,是,是
2014-08-28,灰色区,,否,是,是
2014-08-29,灰色区,,否,是,是
2014-09-02,灰色区,,否,是,是
2014-09-03,灰色区,,否,是,是
2014-09-04,灰色区,,否,是,是
2014-09-05,灰色区,,否,是,是
2014-09-08,灰色区,,否,是,是
2014-09-09,灰色区,,否,是,是
2014-09-10,灰色区,,否,是,是
2014-09-11,样本组,2014-09-18,否,是,是
2014-09-16,样本组,2014-09-18,否,是,是
2014-09-17,样本组,2014-09-18,否,是,是
2014-09-18,起点当天,,是,是,是
2014-09-19,危险时段内且20日无新起点,,是,是,是
2014-09-22,危险时段内且20日无新起点,,是,是,是
2014-09-24,危险时段内且20日无新起点,,是,是,是
2014-10-30,灰色区,,否,是,是
2014-10-31,灰色区,,否,是,是
2014-11-03,灰色区,,否,是,是
2014-11-04,灰色区,,否,是,是
2014-11-05,灰色区,,否,是,是
2014-11-06,灰色区,,否,是,是
2014-11-07,灰色区,,否,是,是
2014-11-10,灰色区,,否,是,是
2014-11-11,灰色区,,否,是,是
2014-11-12,灰色区,,否,是,是
2014-11-13,灰色区,,否,是,是
2014-11-14,灰色区,,否,是,是
2014-11-17,灰色区,,否,是,是
2014-11-18,灰色区,,否,是,是
2014-11-19,灰色区,,否,是,是
2014-11-20,样本组,2014-11-28,否,是,是
2014-11-21,样本组,2014-11-28,否,是,是
2014-11-24,样本组,2014-11-28,否,是,是
2014-11-25,样本组,2014-11-28,否,是,是
2014-11-26,样本组,2014-11-28,否,是,是
2014-11-28,起点当天,,是,是,是
2014-12-01,危险时段内且20日无新起点,,是,是,是
2014-12-02,危险时段内且20日无新起点,,是,是,是
2014-12-03,危险时段内且20日无新起点,,是,是,是
2014-12-04,危险时段内且20日无新起点,,是,是,是
2014-12-05,危险时段内且20日无新起点,,是,是,是
2014-12-08,危险时段内且20日无新起点,,是,是,是
2014-12-09,危险时段内且20日无新起点,,是,是,是
2014-12-18,危险时段内且20日无新起点,,是,是,是
2014-12-19,危险时段内且20日无新起点,,是,是,是
2014-12-22,危险时段内且20日无新起点,,是,是,是
2014-12-23,危险时段内且20日无新起点,,是,是,是
2014-12-24,危险时段内且20日无新起点,,是,是,是
2014-12-26,危险时段内且20日无新起点,,是,是,是
2014-12-29,危险时段内且20日无新起点,,是,是,是
2014-12-30,危险时段内且20日无新起点,,是,是,是
2015-02-12,对照组,,否,是,是
2015-02-13,对照组,,否,是,是
2015-02-17,对照组,,否,是,是
2015-02-18,对照组,,否,是,是
2015-02-19,对照组,,否,是,是
2015-02-20,对照组,,否,是,是
2015-02-23,对照组,,否,是,是
2015-02-24,对照组,,否,是,是
2015-02-25,对照组,,否,是,是
2015-02-26,对照组,,否,是,是
2015-02-27,对照组,,否,是,是
2015-03-02,对照组,,否,是,是
2015-03-03,对照组,,否,是,是
2015-03-04,对照组,,否,是,是
2015-03-05,对照组,,否,是,是
2015-03-18,对照组,,否,是,是
2015-03-20,对照组,,否,是,是
2015-03-23,对照组,,否,是,是
2015-04-10,对照组,,否,是,是
2015-04-15,对照组,,否,是,是
2015-04-16,对照组,,否,是,是
2015-04-20,对照组,,否,是,是
2015-04-21,对照组,,否,是,是
2015-04-22,对照组,,否,是,是
2015-04-23,灰色区,,否,是,是
2015-04-24,灰色区,,否,是,是
2015-04-27,灰色区,,否,是,是
2015-04-28,灰色区,,否,是,是
2015-04-29,灰色区,,否,是,是
2015-05-01,灰色区,,否,是,是
2015-05-04,灰色区,,否,是,是
2015-05-08,灰色区,,否,是,是
2015-05-11,灰色区,,否,是,是
2015-05-12,灰色区,,否,是,是
2015-05-13,灰色区,,否,是,是
2015-05-14,样本组,2015-05-21,否,是,是
2015-05-15,样本组,2015-05-21,否,是,是
2015-05-18,样本组,2015-05-21,否,是,是
2015-05-19,样本组,2015-05-21,否,是,是
2015-05-20,样本组,2015-05-21,否,是,是
2015-05-21,起点当天,,是,是,是
2015-05-22,危险时段内且20日无新起点,,是,是,是
2015-05-27,危险时段内且20日无新起点,,是,是,是
2015-05-28,危险时段内且20日无新起点,,是,是,是
2015-06-01,危险时段内且20日无新起点,,是,是,是
2015-06-02,危险时段内且20日无新起点,,是,是,是
2015-06-03,危险时段内且20日无新起点,,是,是,是
2015-06-18,危险时段内且20日无新起点,,是,是,是
2015-06-19,危险时段内且20日无新起点,,是,是,是
2015-06-22,危险时段内且20日无新起点,,是,是,是
2015-06-23,危险时段内且20日无新起点,,是,是,是
2015-07-16,危险时段内且20日无新起点,,是,是,是
2015-07-17,危险时段内且20日无新起点,,是,是,是
2015-07-20,危险时段内且20日无新起点,,是,是,是
2015-07-21,危险时段内且20日无新起点,,是,是,是
2015-07-22,危险时段内且20日无新起点,,是,是,是
2015-10-28,样本组,2015-11-03,否,是,是
2015-10-29,样本组,2015-11-03,否,是,是
2015-11-02,样本组,2015-11-03,否,是,是
2015-11-03,起点当天,,是,是,是
2015-11-04,危险时段内且20日无新起点,,是,是,是
2015-11-05,危险时段内且20日无新起点,,是,是,是
2015-11-06,危险时段内且20日无新起点,,是,是,是
2015-11-20,危险时段内且20日无新起点,,是,是,是
2015-11-24,危险时段内且20日无新起点,,是,是,是
2015-11-25,危险时段内且20日无新起点,,是,是,是
2015-11-27,危险时段内且20日无新起点,,是,是,是
2015-12-01,危险时段内且20日无新起点,,是,是,是
2015-12-04,危险时段内且20日无新起点,,是,是,是
2016-03-29,灰色区,,否,是,是
2016-03-30,灰色区,,否,是,是
2016-03-31,灰色区,,否,是,是
2016-04-01,灰色区,,否,是,是
2016-04-04,灰色区,,否,是,是
2016-04-06,灰色区,,否,是,是
2016-04-12,样本组,2016-04-18,否,是,是
2016-04-13,样本组,2016-04-18,否,是,是
2016-04-14,样本组,2016-04-18,否,是,是
2016-04-15,样本组,2016-04-18,否,是,是
2016-04-18,起点当天,,是,是,是
2016-04-19,危险时段内且20日无新起点,,是,是,是
2016-04-20,危险时段内且20日无新起点,,是,是,是
2016-04-21,危险时段内且20日无新起点,,是,是,是
2016-04-22,危险时段内且20日无新起点,,是,是,是
2016-04-25,危险时段内且20日无新起点,,是,是,是
2016-04-26,危险时段内且20日无新起点,,是,是,是
2016-04-27,危险时段内且20日无新起点,,是,是,是
2016-05-02,危险时段内且20日无新起点,,是,是,是
2016-05-10,危险时段内且20日无新起点,,是,是,是
2016-05-25,危险时段内且20日无新起点,,是,是,是
2016-05-26,危险时段内且20日无新起点,,是,是,是
2016-05-27,危险时段内且20日无新起点,,是,是,是
2016-05-31,危险时段内且20日无新起点,,是,是,是
2016-06-01,危险时段内且20日无新起点,,是,是,是
2016-06-02,危险时段内且20日无新起点,,是,是,是
2016-06-03,危险时段内且20日无新起点,,是,是,是
2016-06-06,危险时段内且20日无新起点,,是,是,是
2016-06-07,危险时段内且20日无新起点,,是,是,是
2016-06-08,危险时段内且20日无新起点,,是,是,是
2016-06-09,危险时段内且20日无新起点,,是,是,是
2016-06-23,危险时段内且20日无新起点,,是,是,是
2016-06-30,对照组,,否,是,是
2016-07-01,对照组,,否,是,是
2016-07-06,对照组,,否,是,是
2016-07-08,对照组,,否,是,是
2016-07-11,对照组,,否,是,是
2016-07-12,对照组,,否,是,是
2016-07-13,对照组,,否,是,是
2016-07-14,对照组,,否,是,是
2016-07-15,对照组,,否,是,是
2016-07-18,灰色区,,否,是,是
2016-07-19,灰色区,,否,是,是
2016-07-20,灰色区,,否,是,是
2016-07-21,灰色区,,否,是,是
2016-07-22,灰色区,,否,是,是
2016-07-25,灰色区,,否,是,是
2016-07-26,灰色区,,否,是,是
2016-07-27,灰色区,,否,是,是
2016-07-28,灰色区,,否,是,是
2016-07-29,灰色区,,否,是,是
2016-08-01,灰色区,,否,是,是
2016-08-02,灰色区,,否,是,是
2016-08-03,灰色区,,否,是,是
2016-08-04,灰色区,,否,是,是
2016-08-05,灰色区,,否,是,是
2016-08-08,样本组,2016-08-15,否,是,是
2016-08-09,样本组,2016-08-15,否,是,是
2016-08-10,样本组,2016-08-15,否,是,是
2016-08-11,样本组,2016-08-15,否,是,是
2016-08-12,样本组,2016-08-15,否,是,是
2016-08-15,起点当天,,是,是,是
2016-08-16,危险时段内且20日无新起点,,是,是,是
2016-08-17,危险时段内且20日无新起点,,是,是,是
2016-08-18,危险时段内且20日无新起点,,是,是,是
2016-08-19,危险时段内且20日无新起点,,是,是,是
2016-08-22,危险时段内且20日无新起点,,是,是,是
2016-08-23,危险时段内且20日无新起点,,是,是,是
2016-08-24,危险时段内且20日无新起点,,是,是,是
2016-08-25,危险时段内且20日无新起点,,是,是,是
2016-08-26,危险时段内且20日无新起点,,是,是,是
2016-08-29,危险时段内且20日无新起点,,是,是,是
2016-08-30,危险时段内且20日无新起点,,是,是,是
2016-08-31,危险时段内且20日无新起点,,是,是,是
2016-09-01,危险时段内且20日无新起点,,是,是,是
2016-09-02,危险时段内且20日无新起点,,是,是,是
2016-09-06,危险时段内且20日无新起点,,是,是,是
2016-09-07,危险时段内且20日无新起点,,是,是,是
2016-09-08,危险时段内且20日无新起点,,是,是,是
2016-09-22,危险时段内且20日无新起点,,是,是,是
2016-09-28,危险时段内且20日无新起点,,是,是,是
2016-09-30,危险时段内且20日无新起点,,是,是,是
2016-11-10,对照组,,否,是,是
2016-11-15,对照组,,否,是,是
2016-11-16,对照组,,否,是,是
2016-11-17,对照组,,否,是,是
2016-11-18,对照组,,否,是,是
2016-11-21,对照组,,否,是,是
2016-11-22,对照组,,否,是,是
2016-11-23,对照组,,否,是,是
2016-11-25,对照组,,否,是,是
2016-11-28,对照组,,否,是,是
2016-11-29,对照组,,否,是,是
2016-11-30,对照组,,否,是,是
2016-12-02,后续20日窗口不完整,,否,是,否
2016-12-05,后续20日窗口不完整,,否,是,否
2016-12-06,后续20日窗口不完整,,否,是,否
2016-12-07,后续20日窗口不完整,,否,是,否
2016-12-08,后续20日窗口不完整,,否,是,否
2016-12-09,后续20日窗口不完整,,否,是,否
2016-12-12,后续20日窗口不完整,,否,是,否
2016-12-13,期末尾段危险归属未定,,否,是,否
2016-12-14,期末尾段危险归属未定,,否,是,否
2016-12-15,期末尾段危险归属未定,,否,是,否
2016-12-16,期末尾段危险归属未定,,否,是,否
2016-12-19,期末尾段危险归属未定,,否,是,否
2016-12-20,期末尾段危险归属未定,,否,是,否
2016-12-21,期末尾段危险归属未定,,否,是,否
2016-12-22,期末尾段危险归属未定,,否,是,否
2016-12-23,期末尾段危险归属未定,,否,否,否
2016-12-27,期末尾段危险归属未定,,否,否,否
2016-12-28,期末尾段危险归属未定,,否,否,否
2016-12-29,期末尾段危险归属未定,,否,否,否
