d1_includes_t_minus_20,symbol,d1,d1_close,lc,lc_date,step1,d2_dates,step3,completed
True,SPY,2025-08-28,648.92,621.72,2025-08-01,False,,False,False
True,SPY,2025-08-29,645.05,621.72,2025-08-01,False,,False,False
True,SPY,2025-09-02,640.27,627.97,2025-08-05,False,,False,False
True,SPY,2025-09-03,643.74,627.97,2025-08-05,False,,False,False
True,SPY,2025-09-04,649.12,632.25,2025-08-07,False,,False,False
True,SPY,2025-09-05,647.24,632.25,2025-08-07,False,,False,False
True,SPY,2025-09-08,648.83,635.55,2025-08-21,False,,False,False
True,SPY,2025-09-09,650.33,635.55,2025-08-21,False,,False,False
True,SPY,2025-09-10,652.21,635.55,2025-08-21,False,,False,False
True,SPY,2025-09-11,657.63,635.55,2025-08-21,False,,False,False
True,SPY,2025-09-12,657.41,635.55,2025-08-21,False,,False,False
True,SPY,2025-09-15,660.91,635.55,2025-08-21,False,,False,False
True,SPY,2025-09-16,660.0,635.55,2025-08-21,False,,False,False
True,SPY,2025-09-17,659.18,635.55,2025-08-21,False,,False,False
True,SPY,2025-09-18,662.26,635.55,2025-08-21,False,,True,False
True,SPY,2025-09-19,663.7,635.55,2025-08-21,False,,True,False
True,SPY,2025-09-22,666.84,640.27,2025-09-02,False,,True,False
True,SPY,2025-09-23,663.21,640.27,2025-09-02,False,,True,False
True,SPY,2025-09-24,661.1,640.27,2025-09-02,False,,False,False
True,QQQ,2025-08-28,577.08,553.88,2025-08-01,False,,False,False
True,QQQ,2025-08-29,570.4,553.88,2025-08-01,False,,False,False
True,QQQ,2025-09-02,565.62,560.27,2025-08-05,False,,False,False
True,QQQ,2025-09-03,570.07,560.27,2025-08-05,False,,False,False
True,QQQ,2025-09-04,575.23,563.28,2025-08-21,False,,False,False
True,QQQ,2025-09-05,576.06,563.28,2025-08-21,False,,False,False
True,QQQ,2025-09-08,578.87,563.28,2025-08-21,False,,False,False
True,QQQ,2025-09-09,580.51,563.28,2025-08-21,False,,False,False
True,QQQ,2025-09-10,580.7,563.28,2025-08-21,False,,False,False
True,QQQ,2025-09-11,584.08,563.28,2025-08-21,False,,False,False
True,QQQ,2025-09-12,586.66,563.28,2025-08-21,False,,False,False
True,QQQ,2025-09-15,591.68,563.28,2025-08-21,False,,False,False
True,QQQ,2025-09-16,591.18,563.28,2025-08-21,False,,False,False
True,QQQ,2025-09-17,590.0,563.28,2025-08-21,False,,False,False
True,QQQ,2025-09-18,595.32,563.28,2025-08-21,False,,False,False
True,QQQ,2025-09-19,599.35,563.28,2025-08-21,False,,True,False
True,QQQ,2025-09-22,602.2,565.62,2025-09-02,False,,True,False
True,QQQ,2025-09-23,598.2,565.62,2025-09-02,False,,True,False
True,QQQ,2025-09-24,596.1,565.62,2025-09-02,False,,True,False
True,RSP,2025-08-28,188.76,181.56,2025-08-01,False,,True,False
True,RSP,2025-08-29,188.62,181.56,2025-08-01,False,,True,False
True,RSP,2025-09-02,187.13,182.58,2025-08-11,False,,False,False
True,RSP,2025-09-03,186.84,182.58,2025-08-11,False,,False,False
True,RSP,2025-09-04,188.22,182.58,2025-08-11,False,,False,False
True,RSP,2025-09-05,188.44,182.58,2025-08-11,False,,False,False
True,RSP,2025-09-08,188.29,182.58,2025-08-11,False,,False,False
True,RSP,2025-09-09,187.71,182.58,2025-08-11,False,,False,False
True,RSP,2025-09-10,187.52,184.9,2025-08-12,False,,False,False
True,RSP,2025-09-11,190.33,185.82,2025-08-18,False,,True,False
True,RSP,2025-09-12,188.96,185.82,2025-08-18,False,,True,False
True,RSP,2025-09-15,188.63,185.82,2025-08-18,False,,True,False
True,RSP,2025-09-16,188.13,185.82,2025-08-18,False,,False,False
True,RSP,2025-09-17,188.31,185.87,2025-08-21,False,,False,False
True,RSP,2025-09-18,189.54,185.87,2025-08-21,False,,True,False
True,RSP,2025-09-19,189.21,185.87,2025-08-21,False,,True,False
True,RSP,2025-09-22,188.48,186.84,2025-09-03,False,,False,False
True,RSP,2025-09-23,188.71,186.84,2025-09-03,False,,True,False
True,RSP,2025-09-24,188.27,186.84,2025-09-03,False,,False,False
False,SPY,2025-08-29,645.05,621.72,2025-08-01,False,,False,False
False,SPY,2025-09-02,640.27,627.97,2025-08-05,False,,False,False
False,SPY,2025-09-03,643.74,627.97,2025-08-05,False,,False,False
False,SPY,2025-09-04,649.12,632.25,2025-08-07,False,,False,False
False,SPY,2025-09-05,647.24,632.25,2025-08-07,False,,False,False
False,SPY,2025-09-08,648.83,635.55,2025-08-21,False,,False,False
False,SPY,2025-09-09,650.33,635.55,2025-08-21,False,,False,False
False,SPY,2025-09-10,652.21,635.55,2025-08-21,False,,False,False
False,SPY,2025-09-11,657.63,635.55,2025-08-21,False,,False,False
False,SPY,2025-09-12,657.41,635.55,2025-08-21,False,,False,False
False,SPY,2025-09-15,660.91,635.55,2025-08-21,False,,False,False
False,SPY,2025-09-16,660.0,635.55,2025-08-21,False,,False,False
False,SPY,2025-09-17,659.18,635.55,2025-08-21,False,,False,False
False,SPY,2025-09-18,662.26,635.55,2025-08-21,False,,True,False
False,SPY,2025-09-19,663.7,635.55,2025-08-21,False,,True,False
False,SPY,2025-09-22,666.84,640.27,2025-09-02,False,,True,False
False,SPY,2025-09-23,663.21,640.27,2025-09-02,False,,True,False
False,SPY,2025-09-24,661.1,640.27,2025-09-02,False,,False,False
False,QQQ,2025-08-29,570.4,553.88,2025-08-01,False,,False,False
False,QQQ,2025-09-02,565.62,560.27,2025-08-05,False,,False,False
False,QQQ,2025-09-03,570.07,560.27,2025-08-05,False,,False,False
False,QQQ,2025-09-04,575.23,563.28,2025-08-21,False,,False,False
False,QQQ,2025-09-05,576.06,563.28,2025-08-21,False,,False,False
False,QQQ,2025-09-08,578.87,563.28,2025-08-21,False,,False,False
False,QQQ,2025-09-09,580.51,563.28,2025-08-21,False,,False,False
False,QQQ,2025-09-10,580.7,563.28,2025-08-21,False,,False,False
False,QQQ,2025-09-11,584.08,563.28,2025-08-21,False,,False,False
False,QQQ,2025-09-12,586.66,563.28,2025-08-21,False,,False,False
False,QQQ,2025-09-15,591.68,563.28,2025-08-21,False,,False,False
False,QQQ,2025-09-16,591.18,563.28,2025-08-21,False,,False,False
False,QQQ,2025-09-17,590.0,563.28,2025-08-21,False,,False,False
False,QQQ,2025-09-18,595.32,563.28,2025-08-21,False,,False,False
False,QQQ,2025-09-19,599.35,563.28,2025-08-21,False,,True,False
False,QQQ,2025-09-22,602.2,565.62,2025-09-02,False,,True,False
False,QQQ,2025-09-23,598.2,565.62,2025-09-02,False,,True,False
False,QQQ,2025-09-24,596.1,565.62,2025-09-02,False,,True,False
False,RSP,2025-08-29,188.62,181.56,2025-08-01,False,,True,False
False,RSP,2025-09-02,187.13,182.58,2025-08-11,False,,False,False
False,RSP,2025-09-03,186.84,182.58,2025-08-11,False,,False,False
False,RSP,2025-09-04,188.22,182.58,2025-08-11,False,,False,False
False,RSP,2025-09-05,188.44,182.58,2025-08-11,False,,False,False
False,RSP,2025-09-08,188.29,182.58,2025-08-11,False,,False,False
False,RSP,2025-09-09,187.71,182.58,2025-08-11,False,,False,False
False,RSP,2025-09-10,187.52,184.9,2025-08-12,False,,False,False
False,RSP,2025-09-11,190.33,185.82,2025-08-18,False,,True,False
False,RSP,2025-09-12,188.96,185.82,2025-08-18,False,,True,False
False,RSP,2025-09-15,188.63,185.82,2025-08-18,False,,True,False
False,RSP,2025-09-16,188.13,185.82,2025-08-18,False,,False,False
False,RSP,2025-09-17,188.31,185.87,2025-08-21,False,,False,False
False,RSP,2025-09-18,189.54,185.87,2025-08-21,False,,True,False
False,RSP,2025-09-19,189.21,185.87,2025-08-21,False,,True,False
False,RSP,2025-09-22,188.48,186.84,2025-09-03,False,,False,False
False,RSP,2025-09-23,188.71,186.84,2025-09-03,False,,True,False
False,RSP,2025-09-24,188.27,186.84,2025-09-03,False,,False,False
