object,light,first_interval,last_interval,length,truncated_by_window
选定的 v1.4,绿,2009-12-31,2010-01-21,14,是
选定的 v1.4,红,2010-01-22,2010-02-18,19,否
选定的 v1.4,黄,2010-02-19,2010-02-19,1,否
选定的 v1.4,绿,2010-02-22,2010-02-23,2,否
选定的 v1.4,红,2010-02-24,2010-02-24,1,否
选定的 v1.4,黄,2010-02-25,2010-02-25,1,否
选定的 v1.4,绿,2010-02-26,2010-04-27,42,否
选定的 v1.4,红,2010-04-28,2010-04-30,3,否
选定的 v1.4,黄,2010-05-03,2010-05-03,1,否
选定的 v1.4,绿,2010-05-04,2010-05-04,1,否
选定的 v1.4,红,2010-05-05,2010-06-16,30,否
选定的 v1.4,黄,2010-06-17,2010-06-17,1,否
选定的 v1.4,绿,2010-06-18,2010-06-22,3,否
选定的 v1.4,红,2010-06-23,2010-07-26,23,否
选定的 v1.4,黄,2010-07-27,2010-07-27,1,否
选定的 v1.4,红,2010-07-28,2010-08-02,4,否
选定的 v1.4,黄,2010-08-03,2010-08-03,1,否
选定的 v1.4,绿,2010-08-04,2010-08-11,6,否
选定的 v1.4,红,2010-08-12,2010-09-13,22,否
选定的 v1.4,黄,2010-09-14,2010-09-14,1,否
选定的 v1.4,绿,2010-09-15,2010-11-15,44,否
选定的 v1.4,黄,2010-11-16,2010-11-16,1,否
选定的 v1.4,红,2010-11-17,2010-11-22,4,否
选定的 v1.4,黄,2010-11-23,2010-11-24,2,否
选定的 v1.4,绿,2010-11-26,2010-11-26,1,否
选定的 v1.4,红,2010-11-29,2010-12-01,3,否
选定的 v1.4,黄,2010-12-02,2010-12-02,1,否
选定的 v1.4,绿,2010-12-03,2011-01-21,34,否
选定的 v1.4,黄,2011-01-24,2011-01-24,1,否
选定的 v1.4,绿,2011-01-25,2011-01-28,4,否
选定的 v1.4,黄,2011-01-31,2011-01-31,1,否
选定的 v1.4,绿,2011-02-01,2011-02-22,15,否
选定的 v1.4,黄,2011-02-23,2011-02-23,1,否
选定的 v1.4,红,2011-02-24,2011-03-28,23,否
选定的 v1.4,黄,2011-03-29,2011-03-29,1,否
选定的 v1.4,绿,2011-03-30,2011-04-04,4,否
选定的 v1.4,黄,2011-04-05,2011-04-05,1,否
选定的 v1.4,绿,2011-04-06,2011-04-18,9,否
选定的 v1.4,黄,2011-04-19,2011-04-19,1,否
选定的 v1.4,绿,2011-04-20,2011-05-16,18,否
选定的 v1.4,黄,2011-05-17,2011-05-17,1,否
选定的 v1.4,绿,2011-05-18,2011-05-23,4,否
选定的 v1.4,红,2011-05-24,2011-06-29,26,否
选定的 v1.4,黄,2011-06-30,2011-06-30,1,否
选定的 v1.4,绿,2011-07-01,2011-07-11,6,否
选定的 v1.4,黄,2011-07-12,2011-07-13,2,否
选定的 v1.4,绿,2011-07-14,2011-07-18,3,否
选定的 v1.4,黄,2011-07-19,2011-07-19,1,否
选定的 v1.4,绿,2011-07-20,2011-07-27,6,否
选定的 v1.4,红,2011-07-28,2011-12-23,105,否
选定的 v1.4,黄,2011-12-27,2011-12-27,1,否
选定的 v1.4,绿,2011-12-28,2011-12-28,1,否
选定的 v1.4,红,2011-12-29,2011-12-29,1,否
选定的 v1.4,黄,2011-12-30,2011-12-30,1,否
选定的 v1.4,红,2012-01-03,2012-01-03,1,否
选定的 v1.4,黄,2012-01-04,2012-01-04,1,否
选定的 v1.4,绿,2012-01-05,2012-03-06,42,否
选定的 v1.4,红,2012-03-07,2012-03-12,4,否
选定的 v1.4,黄,2012-03-13,2012-03-13,1,否
选定的 v1.4,绿,2012-03-14,2012-04-09,18,否
选定的 v1.4,红,2012-04-10,2012-05-01,16,否
选定的 v1.4,黄,2012-05-02,2012-05-02,1,否
选定的 v1.4,绿,2012-05-03,2012-05-03,1,否
选定的 v1.4,黄,2012-05-04,2012-05-04,1,否
选定的 v1.4,红,2012-05-07,2012-06-08,24,否
选定的 v1.4,黄,2012-06-11,2012-06-11,1,否
选定的 v1.4,绿,2012-06-12,2012-06-21,8,否
选定的 v1.4,红,2012-06-22,2012-06-22,1,否
选定的 v1.4,黄,2012-06-25,2012-06-25,1,否
选定的 v1.4,绿,2012-06-26,2012-07-05,7,否
选定的 v1.4,黄,2012-07-06,2012-07-06,1,否
选定的 v1.4,绿,2012-07-09,2012-07-10,2,否
选定的 v1.4,红,2012-07-11,2012-07-20,8,否
选定的 v1.4,黄,2012-07-23,2012-07-23,1,否
选定的 v1.4,红,2012-07-24,2012-07-30,5,否
选定的 v1.4,黄,2012-07-31,2012-07-31,1,否
选定的 v1.4,绿,2012-08-01,2012-09-26,40,否
选定的 v1.4,黄,2012-09-27,2012-09-27,1,否
选定的 v1.4,绿,2012-09-28,2012-10-08,7,否
选定的 v1.4,黄,2012-10-09,2012-10-09,1,否
选定的 v1.4,红,2012-10-10,2012-11-26,31,否
选定的 v1.4,黄,2012-11-27,2012-11-27,1,否
选定的 v1.4,绿,2012-11-28,2012-12-26,20,否
选定的 v1.4,红,2012-12-27,2013-01-07,7,否
选定的 v1.4,黄,2013-01-08,2013-01-08,1,否
选定的 v1.4,绿,2013-01-09,2013-02-21,30,否
选定的 v1.4,红,2013-02-22,2013-03-05,8,否
选定的 v1.4,黄,2013-03-06,2013-03-06,1,否
选定的 v1.4,绿,2013-03-07,2013-04-15,27,否
选定的 v1.4,红,2013-04-16,2013-04-25,8,否
选定的 v1.4,黄,2013-04-26,2013-04-26,1,否
选定的 v1.4,绿,2013-04-29,2013-06-04,26,否
选定的 v1.4,红,2013-06-05,2013-07-01,19,否
选定的 v1.4,黄,2013-07-02,2013-07-02,1,否
选定的 v1.4,绿,2013-07-03,2013-08-15,31,否
选定的 v1.4,红,2013-08-16,2013-09-09,16,否
选定的 v1.4,黄,2013-09-10,2013-09-10,1,否
选定的 v1.4,绿,2013-09-11,2013-09-30,14,否
选定的 v1.4,黄,2013-10-01,2013-10-01,1,否
选定的 v1.4,绿,2013-10-02,2013-10-03,2,否
选定的 v1.4,黄,2013-10-04,2013-10-04,1,否
选定的 v1.4,绿,2013-10-07,2013-10-07,1,否
选定的 v1.4,红,2013-10-08,2013-10-18,9,否
选定的 v1.4,黄,2013-10-21,2013-10-21,1,否
选定的 v1.4,绿,2013-10-22,2014-01-24,65,否
选定的 v1.4,红,2014-01-27,2014-02-11,12,否
选定的 v1.4,黄,2014-02-12,2014-02-12,1,否
选定的 v1.4,绿,2014-02-13,2014-03-14,21,否
选定的 v1.4,红,2014-03-17,2014-03-21,5,否
选定的 v1.4,黄,2014-03-24,2014-03-24,1,否
选定的 v1.4,红,2014-03-25,2014-04-03,8,否
选定的 v1.4,黄,2014-04-04,2014-04-04,1,否
选定的 v1.4,红,2014-04-07,2014-04-23,12,否
选定的 v1.4,黄,2014-04-24,2014-04-24,1,否
选定的 v1.4,绿,2014-04-25,2014-04-25,1,否
选定的 v1.4,红,2014-04-28,2014-05-02,5,否
选定的 v1.4,黄,2014-05-05,2014-05-05,1,否
选定的 v1.4,绿,2014-05-06,2014-05-08,3,否
选定的 v1.4,红,2014-05-09,2014-05-09,1,否
选定的 v1.4,黄,2014-05-12,2014-05-12,1,否
选定的 v1.4,绿,2014-05-13,2014-07-31,56,否
选定的 v1.4,红,2014-08-01,2014-08-15,11,否
选定的 v1.4,黄,2014-08-18,2014-08-18,1,否
选定的 v1.4,绿,2014-08-19,2014-09-25,27,否
选定的 v1.4,红,2014-09-26,2014-10-23,20,否
选定的 v1.4,黄,2014-10-24,2014-10-24,1,否
选定的 v1.4,绿,2014-10-27,2014-12-10,32,否
选定的 v1.4,黄,2014-12-11,2014-12-12,2,否
选定的 v1.4,红,2014-12-15,2014-12-23,7,否
选定的 v1.4,黄,2014-12-24,2014-12-24,1,否
选定的 v1.4,绿,2014-12-26,2014-12-31,4,否
选定的 v1.4,黄,2015-01-02,2015-01-02,1,否
选定的 v1.4,绿,2015-01-05,2015-01-05,1,否
选定的 v1.4,红,2015-01-06,2015-01-23,13,否
选定的 v1.4,黄,2015-01-26,2015-01-26,1,否
选定的 v1.4,绿,2015-01-27,2015-01-27,1,否
选定的 v1.4,黄,2015-01-28,2015-01-28,1,否
选定的 v1.4,绿,2015-01-29,2015-01-30,2,否
选定的 v1.4,红,2015-02-02,2015-02-05,4,否
选定的 v1.4,黄,2015-02-06,2015-02-09,2,否
选定的 v1.4,绿,2015-02-10,2015-03-10,20,否
选定的 v1.4,红,2015-03-11,2015-03-20,8,否
选定的 v1.4,黄,2015-03-23,2015-03-23,1,否
选定的 v1.4,绿,2015-03-24,2015-03-25,2,否
选定的 v1.4,红,2015-03-26,2015-04-09,10,否
选定的 v1.4,黄,2015-04-10,2015-04-10,1,否
选定的 v1.4,绿,2015-04-13,2015-04-17,5,否
选定的 v1.4,黄,2015-04-20,2015-04-20,1,否
选定的 v1.4,绿,2015-04-21,2015-04-30,8,否
选定的 v1.4,黄,2015-05-01,2015-05-01,1,否
选定的 v1.4,绿,2015-05-04,2015-05-05,2,否
选定的 v1.4,黄,2015-05-06,2015-05-06,1,否
选定的 v1.4,红,2015-05-07,2015-05-18,8,否
选定的 v1.4,黄,2015-05-19,2015-05-19,1,否
选定的 v1.4,绿,2015-05-20,2015-06-08,13,否
选定的 v1.4,红,2015-06-09,2015-06-19,9,否
选定的 v1.4,黄,2015-06-22,2015-06-22,1,否
选定的 v1.4,绿,2015-06-23,2015-06-29,5,否
选定的 v1.4,红,2015-06-30,2015-07-16,12,否
选定的 v1.4,黄,2015-07-17,2015-07-17,1,否
选定的 v1.4,绿,2015-07-20,2015-07-24,5,否
选定的 v1.4,黄,2015-07-27,2015-07-28,2,否
选定的 v1.4,绿,2015-07-29,2015-08-06,7,否
选定的 v1.4,黄,2015-08-07,2015-08-07,1,否
选定的 v1.4,绿,2015-08-10,2015-08-11,2,否
选定的 v1.4,黄,2015-08-12,2015-08-18,5,否
选定的 v1.4,绿,2015-08-19,2015-08-19,1,否
选定的 v1.4,黄,2015-08-20,2015-08-20,1,否
选定的 v1.4,红,2015-08-21,2015-10-23,45,否
选定的 v1.4,黄,2015-10-26,2015-10-26,1,否
选定的 v1.4,绿,2015-10-27,2015-11-12,13,否
选定的 v1.4,红,2015-11-13,2015-11-20,6,否
选定的 v1.4,黄,2015-11-23,2015-11-23,1,否
选定的 v1.4,绿,2015-11-24,2015-12-03,7,否
选定的 v1.4,红,2015-12-04,2015-12-29,17,否
选定的 v1.4,黄,2015-12-30,2015-12-30,1,否
选定的 v1.4,绿,2015-12-31,2015-12-31,1,否
选定的 v1.4,红,2016-01-04,2016-03-11,48,否
选定的 v1.4,黄,2016-03-14,2016-03-14,1,否
选定的 v1.4,绿,2016-03-15,2016-03-15,1,否
选定的 v1.4,红,2016-03-16,2016-03-16,1,否
选定的 v1.4,黄,2016-03-17,2016-03-17,1,否
选定的 v1.4,绿,2016-03-18,2016-04-27,28,否
选定的 v1.4,黄,2016-04-28,2016-05-03,4,否
选定的 v1.4,红,2016-05-04,2016-05-26,17,否
选定的 v1.4,黄,2016-05-27,2016-05-27,1,否
选定的 v1.4,绿,2016-05-31,2016-06-13,10,否
选定的 v1.4,黄,2016-06-14,2016-06-14,1,否
选定的 v1.4,绿,2016-06-15,2016-06-17,3,否
选定的 v1.4,红,2016-06-20,2016-07-05,11,否
选定的 v1.4,黄,2016-07-06,2016-07-06,1,否
选定的 v1.4,绿,2016-07-07,2016-09-09,46,否
选定的 v1.4,红,2016-09-12,2016-09-23,10,否
选定的 v1.4,黄,2016-09-26,2016-09-26,1,否
选定的 v1.4,绿,2016-09-27,2016-10-13,13,否
选定的 v1.4,红,2016-10-14,2016-11-11,21,否
选定的 v1.4,黄,2016-11-14,2016-11-14,1,否
选定的 v1.4,绿,2016-11-15,2016-12-01,12,否
选定的 v1.4,黄,2016-12-02,2016-12-02,1,否
选定的 v1.4,绿,2016-12-05,2016-12-29,18,是
v1.4 去掉 MR（同参数）,绿,2009-12-31,2010-01-21,14,是
v1.4 去掉 MR（同参数）,红,2010-01-22,2010-02-18,19,否
v1.4 去掉 MR（同参数）,黄,2010-02-19,2010-02-19,1,否
v1.4 去掉 MR（同参数）,绿,2010-02-22,2010-02-23,2,否
v1.4 去掉 MR（同参数）,红,2010-02-24,2010-02-24,1,否
v1.4 去掉 MR（同参数）,黄,2010-02-25,2010-02-25,1,否
v1.4 去掉 MR（同参数）,绿,2010-02-26,2010-04-27,42,否
v1.4 去掉 MR（同参数）,红,2010-04-28,2010-04-30,3,否
v1.4 去掉 MR（同参数）,黄,2010-05-03,2010-05-03,1,否
v1.4 去掉 MR（同参数）,绿,2010-05-04,2010-05-04,1,否
v1.4 去掉 MR（同参数）,红,2010-05-05,2010-06-16,30,否
v1.4 去掉 MR（同参数）,黄,2010-06-17,2010-06-17,1,否
v1.4 去掉 MR（同参数）,绿,2010-06-18,2010-06-24,5,否
v1.4 去掉 MR（同参数）,红,2010-06-25,2010-07-14,13,否
v1.4 去掉 MR（同参数）,黄,2010-07-15,2010-07-15,1,否
v1.4 去掉 MR（同参数）,绿,2010-07-16,2010-08-11,19,否
v1.4 去掉 MR（同参数）,红,2010-08-12,2010-09-08,19,否
v1.4 去掉 MR（同参数）,黄,2010-09-09,2010-09-09,1,否
v1.4 去掉 MR（同参数）,绿,2010-09-10,2010-11-15,47,否
v1.4 去掉 MR（同参数）,黄,2010-11-16,2010-11-16,1,否
v1.4 去掉 MR（同参数）,红,2010-11-17,2010-11-22,4,否
v1.4 去掉 MR（同参数）,黄,2010-11-23,2010-11-24,2,否
v1.4 去掉 MR（同参数）,绿,2010-11-26,2010-11-26,1,否
v1.4 去掉 MR（同参数）,红,2010-11-29,2010-12-01,3,否
v1.4 去掉 MR（同参数）,黄,2010-12-02,2010-12-02,1,否
v1.4 去掉 MR（同参数）,绿,2010-12-03,2011-01-21,34,否
v1.4 去掉 MR（同参数）,黄,2011-01-24,2011-01-24,1,否
v1.4 去掉 MR（同参数）,绿,2011-01-25,2011-01-28,4,否
v1.4 去掉 MR（同参数）,黄,2011-01-31,2011-01-31,1,否
v1.4 去掉 MR（同参数）,绿,2011-02-01,2011-02-22,15,否
v1.4 去掉 MR（同参数）,黄,2011-02-23,2011-02-23,1,否
v1.4 去掉 MR（同参数）,红,2011-02-24,2011-03-28,23,否
v1.4 去掉 MR（同参数）,黄,2011-03-29,2011-03-29,1,否
v1.4 去掉 MR（同参数）,绿,2011-03-30,2011-04-04,4,否
v1.4 去掉 MR（同参数）,黄,2011-04-05,2011-04-05,1,否
v1.4 去掉 MR（同参数）,绿,2011-04-06,2011-04-18,9,否
v1.4 去掉 MR（同参数）,黄,2011-04-19,2011-04-19,1,否
v1.4 去掉 MR（同参数）,绿,2011-04-20,2011-05-16,18,否
v1.4 去掉 MR（同参数）,黄,2011-05-17,2011-05-17,1,否
v1.4 去掉 MR（同参数）,绿,2011-05-18,2011-05-23,4,否
v1.4 去掉 MR（同参数）,红,2011-05-24,2011-06-29,26,否
v1.4 去掉 MR（同参数）,黄,2011-06-30,2011-06-30,1,否
v1.4 去掉 MR（同参数）,绿,2011-07-01,2011-07-11,6,否
v1.4 去掉 MR（同参数）,黄,2011-07-12,2011-07-13,2,否
v1.4 去掉 MR（同参数）,绿,2011-07-14,2011-07-18,3,否
v1.4 去掉 MR（同参数）,黄,2011-07-19,2011-07-19,1,否
v1.4 去掉 MR（同参数）,绿,2011-07-20,2011-07-27,6,否
v1.4 去掉 MR（同参数）,红,2011-07-28,2011-10-14,56,否
v1.4 去掉 MR（同参数）,黄,2011-10-17,2011-10-18,2,否
v1.4 去掉 MR（同参数）,绿,2011-10-19,2011-10-19,1,否
v1.4 去掉 MR（同参数）,红,2011-10-20,2011-12-02,31,否
v1.4 去掉 MR（同参数）,黄,2011-12-05,2011-12-05,1,否
v1.4 去掉 MR（同参数）,绿,2011-12-06,2011-12-08,3,否
v1.4 去掉 MR（同参数）,黄,2011-12-09,2011-12-09,1,否
v1.4 去掉 MR（同参数）,绿,2011-12-12,2011-12-13,2,否
v1.4 去掉 MR（同参数）,红,2011-12-14,2011-12-22,7,否
v1.4 去掉 MR（同参数）,黄,2011-12-23,2011-12-23,1,否
v1.4 去掉 MR（同参数）,绿,2011-12-27,2011-12-28,2,否
v1.4 去掉 MR（同参数）,红,2011-12-29,2011-12-29,1,否
v1.4 去掉 MR（同参数）,黄,2011-12-30,2011-12-30,1,否
v1.4 去掉 MR（同参数）,绿,2012-01-03,2012-03-06,44,否
v1.4 去掉 MR（同参数）,红,2012-03-07,2012-03-12,4,否
v1.4 去掉 MR（同参数）,黄,2012-03-13,2012-03-13,1,否
v1.4 去掉 MR（同参数）,绿,2012-03-14,2012-04-09,18,否
v1.4 去掉 MR（同参数）,红,2012-04-10,2012-05-01,16,否
v1.4 去掉 MR（同参数）,黄,2012-05-02,2012-05-02,1,否
v1.4 去掉 MR（同参数）,绿,2012-05-03,2012-05-03,1,否
v1.4 去掉 MR（同参数）,黄,2012-05-04,2012-05-04,1,否
v1.4 去掉 MR（同参数）,红,2012-05-07,2012-06-08,24,否
v1.4 去掉 MR（同参数）,黄,2012-06-11,2012-06-11,1,否
v1.4 去掉 MR（同参数）,绿,2012-06-12,2012-06-21,8,否
v1.4 去掉 MR（同参数）,红,2012-06-22,2012-06-22,1,否
v1.4 去掉 MR（同参数）,黄,2012-06-25,2012-06-25,1,否
v1.4 去掉 MR（同参数）,绿,2012-06-26,2012-07-05,7,否
v1.4 去掉 MR（同参数）,黄,2012-07-06,2012-07-06,1,否
v1.4 去掉 MR（同参数）,绿,2012-07-09,2012-07-10,2,否
v1.4 去掉 MR（同参数）,红,2012-07-11,2012-07-20,8,否
v1.4 去掉 MR（同参数）,黄,2012-07-23,2012-07-23,1,否
v1.4 去掉 MR（同参数）,红,2012-07-24,2012-07-30,5,否
v1.4 去掉 MR（同参数）,黄,2012-07-31,2012-07-31,1,否
v1.4 去掉 MR（同参数）,绿,2012-08-01,2012-09-26,40,否
v1.4 去掉 MR（同参数）,黄,2012-09-27,2012-09-27,1,否
v1.4 去掉 MR（同参数）,绿,2012-09-28,2012-10-08,7,否
v1.4 去掉 MR（同参数）,黄,2012-10-09,2012-10-09,1,否
v1.4 去掉 MR（同参数）,红,2012-10-10,2012-11-26,31,否
v1.4 去掉 MR（同参数）,黄,2012-11-27,2012-11-27,1,否
v1.4 去掉 MR（同参数）,绿,2012-11-28,2012-12-26,20,否
v1.4 去掉 MR（同参数）,红,2012-12-27,2013-01-07,7,否
v1.4 去掉 MR（同参数）,黄,2013-01-08,2013-01-08,1,否
v1.4 去掉 MR（同参数）,绿,2013-01-09,2013-02-21,30,否
v1.4 去掉 MR（同参数）,红,2013-02-22,2013-03-05,8,否
v1.4 去掉 MR（同参数）,黄,2013-03-06,2013-03-06,1,否
v1.4 去掉 MR（同参数）,绿,2013-03-07,2013-04-15,27,否
v1.4 去掉 MR（同参数）,红,2013-04-16,2013-04-25,8,否
v1.4 去掉 MR（同参数）,黄,2013-04-26,2013-04-26,1,否
v1.4 去掉 MR（同参数）,绿,2013-04-29,2013-06-04,26,否
v1.4 去掉 MR（同参数）,红,2013-06-05,2013-07-01,19,否
v1.4 去掉 MR（同参数）,黄,2013-07-02,2013-07-02,1,否
v1.4 去掉 MR（同参数）,绿,2013-07-03,2013-08-15,31,否
v1.4 去掉 MR（同参数）,红,2013-08-16,2013-09-09,16,否
v1.4 去掉 MR（同参数）,黄,2013-09-10,2013-09-10,1,否
v1.4 去掉 MR（同参数）,绿,2013-09-11,2013-09-30,14,否
v1.4 去掉 MR（同参数）,黄,2013-10-01,2013-10-01,1,否
v1.4 去掉 MR（同参数）,绿,2013-10-02,2013-10-03,2,否
v1.4 去掉 MR（同参数）,黄,2013-10-04,2013-10-04,1,否
v1.4 去掉 MR（同参数）,绿,2013-10-07,2013-10-07,1,否
v1.4 去掉 MR（同参数）,红,2013-10-08,2013-10-18,9,否
v1.4 去掉 MR（同参数）,黄,2013-10-21,2013-10-21,1,否
v1.4 去掉 MR（同参数）,绿,2013-10-22,2014-01-24,65,否
v1.4 去掉 MR（同参数）,红,2014-01-27,2014-02-11,12,否
v1.4 去掉 MR（同参数）,黄,2014-02-12,2014-02-12,1,否
v1.4 去掉 MR（同参数）,绿,2014-02-13,2014-03-14,21,否
v1.4 去掉 MR（同参数）,红,2014-03-17,2014-03-21,5,否
v1.4 去掉 MR（同参数）,黄,2014-03-24,2014-03-24,1,否
v1.4 去掉 MR（同参数）,红,2014-03-25,2014-04-03,8,否
v1.4 去掉 MR（同参数）,黄,2014-04-04,2014-04-04,1,否
v1.4 去掉 MR（同参数）,红,2014-04-07,2014-04-23,12,否
v1.4 去掉 MR（同参数）,黄,2014-04-24,2014-04-24,1,否
v1.4 去掉 MR（同参数）,绿,2014-04-25,2014-04-25,1,否
v1.4 去掉 MR（同参数）,红,2014-04-28,2014-05-02,5,否
v1.4 去掉 MR（同参数）,黄,2014-05-05,2014-05-05,1,否
v1.4 去掉 MR（同参数）,绿,2014-05-06,2014-05-08,3,否
v1.4 去掉 MR（同参数）,红,2014-05-09,2014-05-09,1,否
v1.4 去掉 MR（同参数）,黄,2014-05-12,2014-05-12,1,否
v1.4 去掉 MR（同参数）,绿,2014-05-13,2014-07-31,56,否
v1.4 去掉 MR（同参数）,红,2014-08-01,2014-08-15,11,否
v1.4 去掉 MR（同参数）,黄,2014-08-18,2014-08-18,1,否
v1.4 去掉 MR（同参数）,绿,2014-08-19,2014-09-25,27,否
v1.4 去掉 MR（同参数）,红,2014-09-26,2014-10-23,20,否
v1.4 去掉 MR（同参数）,黄,2014-10-24,2014-10-24,1,否
v1.4 去掉 MR（同参数）,绿,2014-10-27,2014-12-10,32,否
v1.4 去掉 MR（同参数）,黄,2014-12-11,2014-12-12,2,否
v1.4 去掉 MR（同参数）,红,2014-12-15,2014-12-23,7,否
v1.4 去掉 MR（同参数）,黄,2014-12-24,2014-12-24,1,否
v1.4 去掉 MR（同参数）,绿,2014-12-26,2014-12-31,4,否
v1.4 去掉 MR（同参数）,黄,2015-01-02,2015-01-02,1,否
v1.4 去掉 MR（同参数）,绿,2015-01-05,2015-01-05,1,否
v1.4 去掉 MR（同参数）,红,2015-01-06,2015-01-23,13,否
v1.4 去掉 MR（同参数）,黄,2015-01-26,2015-01-26,1,否
v1.4 去掉 MR（同参数）,绿,2015-01-27,2015-01-27,1,否
v1.4 去掉 MR（同参数）,黄,2015-01-28,2015-01-28,1,否
v1.4 去掉 MR（同参数）,绿,2015-01-29,2015-01-30,2,否
v1.4 去掉 MR（同参数）,红,2015-02-02,2015-02-05,4,否
v1.4 去掉 MR（同参数）,黄,2015-02-06,2015-02-09,2,否
v1.4 去掉 MR（同参数）,绿,2015-02-10,2015-03-10,20,否
v1.4 去掉 MR（同参数）,红,2015-03-11,2015-03-20,8,否
v1.4 去掉 MR（同参数）,黄,2015-03-23,2015-03-23,1,否
v1.4 去掉 MR（同参数）,绿,2015-03-24,2015-03-25,2,否
v1.4 去掉 MR（同参数）,红,2015-03-26,2015-04-09,10,否
v1.4 去掉 MR（同参数）,黄,2015-04-10,2015-04-10,1,否
v1.4 去掉 MR（同参数）,绿,2015-04-13,2015-04-17,5,否
v1.4 去掉 MR（同参数）,黄,2015-04-20,2015-04-20,1,否
v1.4 去掉 MR（同参数）,绿,2015-04-21,2015-04-30,8,否
v1.4 去掉 MR（同参数）,黄,2015-05-01,2015-05-01,1,否
v1.4 去掉 MR（同参数）,绿,2015-05-04,2015-05-05,2,否
v1.4 去掉 MR（同参数）,黄,2015-05-06,2015-05-06,1,否
v1.4 去掉 MR（同参数）,红,2015-05-07,2015-05-18,8,否
v1.4 去掉 MR（同参数）,黄,2015-05-19,2015-05-19,1,否
v1.4 去掉 MR（同参数）,绿,2015-05-20,2015-06-08,13,否
v1.4 去掉 MR（同参数）,红,2015-06-09,2015-06-19,9,否
v1.4 去掉 MR（同参数）,黄,2015-06-22,2015-06-22,1,否
v1.4 去掉 MR（同参数）,绿,2015-06-23,2015-06-29,5,否
v1.4 去掉 MR（同参数）,红,2015-06-30,2015-07-16,12,否
v1.4 去掉 MR（同参数）,黄,2015-07-17,2015-07-17,1,否
v1.4 去掉 MR（同参数）,绿,2015-07-20,2015-07-24,5,否
v1.4 去掉 MR（同参数）,黄,2015-07-27,2015-07-28,2,否
v1.4 去掉 MR（同参数）,绿,2015-07-29,2015-08-06,7,否
v1.4 去掉 MR（同参数）,黄,2015-08-07,2015-08-07,1,否
v1.4 去掉 MR（同参数）,绿,2015-08-10,2015-08-11,2,否
v1.4 去掉 MR（同参数）,黄,2015-08-12,2015-08-18,5,否
v1.4 去掉 MR（同参数）,绿,2015-08-19,2015-08-19,1,否
v1.4 去掉 MR（同参数）,黄,2015-08-20,2015-08-20,1,否
v1.4 去掉 MR（同参数）,红,2015-08-21,2015-10-06,32,否
v1.4 去掉 MR（同参数）,黄,2015-10-07,2015-10-07,1,否
v1.4 去掉 MR（同参数）,绿,2015-10-08,2015-11-12,26,否
v1.4 去掉 MR（同参数）,红,2015-11-13,2015-11-20,6,否
v1.4 去掉 MR（同参数）,黄,2015-11-23,2015-11-23,1,否
v1.4 去掉 MR（同参数）,绿,2015-11-24,2015-12-03,7,否
v1.4 去掉 MR（同参数）,红,2015-12-04,2015-12-28,16,否
v1.4 去掉 MR（同参数）,黄,2015-12-29,2015-12-29,1,否
v1.4 去掉 MR（同参数）,绿,2015-12-30,2015-12-31,2,否
v1.4 去掉 MR（同参数）,黄,2016-01-04,2016-01-04,1,否
v1.4 去掉 MR（同参数）,红,2016-01-05,2016-02-19,32,否
v1.4 去掉 MR（同参数）,黄,2016-02-22,2016-02-22,1,否
v1.4 去掉 MR（同参数）,绿,2016-02-23,2016-04-27,46,否
v1.4 去掉 MR（同参数）,黄,2016-04-28,2016-05-03,4,否
v1.4 去掉 MR（同参数）,红,2016-05-04,2016-05-26,17,否
v1.4 去掉 MR（同参数）,黄,2016-05-27,2016-05-27,1,否
v1.4 去掉 MR（同参数）,绿,2016-05-31,2016-06-13,10,否
v1.4 去掉 MR（同参数）,黄,2016-06-14,2016-06-14,1,否
v1.4 去掉 MR（同参数）,绿,2016-06-15,2016-06-17,3,否
v1.4 去掉 MR（同参数）,红,2016-06-20,2016-07-05,11,否
v1.4 去掉 MR（同参数）,黄,2016-07-06,2016-07-06,1,否
v1.4 去掉 MR（同参数）,绿,2016-07-07,2016-09-09,46,否
v1.4 去掉 MR（同参数）,红,2016-09-12,2016-09-23,10,否
v1.4 去掉 MR（同参数）,黄,2016-09-26,2016-09-26,1,否
v1.4 去掉 MR（同参数）,绿,2016-09-27,2016-10-13,13,否
v1.4 去掉 MR（同参数）,红,2016-10-14,2016-11-11,21,否
v1.4 去掉 MR（同参数）,黄,2016-11-14,2016-11-14,1,否
v1.4 去掉 MR（同参数）,绿,2016-11-15,2016-12-01,12,否
v1.4 去掉 MR（同参数）,黄,2016-12-02,2016-12-02,1,否
v1.4 去掉 MR（同参数）,绿,2016-12-05,2016-12-29,18,是
200日均线,绿,2009-12-31,2010-05-20,97,是
200日均线,红,2010-05-21,2010-06-15,17,否
200日均线,绿,2010-06-16,2010-06-22,5,否
200日均线,红,2010-06-23,2010-07-26,23,否
200日均线,绿,2010-07-27,2010-07-27,1,否
200日均线,红,2010-07-28,2010-08-02,4,否
200日均线,绿,2010-08-03,2010-08-11,7,否
200日均线,红,2010-08-12,2010-09-13,22,否
200日均线,绿,2010-09-14,2011-08-02,224,否
200日均线,红,2011-08-03,2011-10-27,61,否
200日均线,绿,2011-10-28,2011-10-31,2,否
200日均线,红,2011-11-01,2011-11-08,6,否
200日均线,绿,2011-11-09,2011-11-09,1,否
200日均线,红,2011-11-10,2011-12-23,31,否
200日均线,绿,2011-12-27,2011-12-28,2,否
200日均线,红,2011-12-29,2011-12-29,1,否
200日均线,绿,2011-12-30,2011-12-30,1,否
200日均线,红,2012-01-03,2012-01-03,1,否
200日均线,绿,2012-01-04,2012-06-01,104,否
200日均线,红,2012-06-04,2012-06-06,3,否
200日均线,绿,2012-06-07,2012-11-08,107,否
200日均线,红,2012-11-09,2012-11-19,7,否
200日均线,绿,2012-11-20,2014-10-13,477,否
200日均线,红,2014-10-14,2014-10-21,6,否
200日均线,绿,2014-10-22,2015-07-08,178,否
200日均线,红,2015-07-09,2015-07-10,2,否
200日均线,绿,2015-07-13,2015-08-20,29,否
200日均线,红,2015-08-21,2015-10-23,45,否
200日均线,绿,2015-10-26,2015-11-12,14,否
200日均线,红,2015-11-13,2015-11-18,4,否
200日均线,绿,2015-11-19,2015-12-03,10,否
200日均线,红,2015-12-04,2015-12-04,1,否
200日均线,绿,2015-12-07,2015-12-08,2,否
200日均线,红,2015-12-09,2015-12-16,6,否
200日均线,绿,2015-12-17,2015-12-17,1,否
200日均线,红,2015-12-18,2015-12-23,4,否
200日均线,绿,2015-12-24,2015-12-24,1,否
200日均线,红,2015-12-28,2015-12-29,2,否
200日均线,绿,2015-12-30,2015-12-31,2,否
200日均线,红,2016-01-04,2016-03-11,48,否
200日均线,绿,2016-03-14,2016-03-15,2,否
200日均线,红,2016-03-16,2016-03-16,1,否
200日均线,绿,2016-03-17,2016-06-27,71,否
200日均线,红,2016-06-28,2016-06-28,1,否
200日均线,绿,2016-06-29,2016-12-29,128,是
