object,scope,intervals,cumulative_return,annualized_return,max_drawdown,drawdown_peak_date,drawdown_trough_date,drawdown_decline_days,drawdown_recovery_date,drawdown_recovery_days,days_from_trough_to_window_end,worst_20_return,worst_20_start,worst_20_end,worst_60_return,worst_60_start,worst_60_end,worst_120_return,worst_120_start,worst_120_end,annualized_volatility,switches,exposure_change
选定的 v1.4,双资产,1762,0.203486450595609397781531242,0.026844413169186966978897255,0.2642111837271061469729645170,2014-11-28,2016-06-17,390,,,136,-0.0617973638150034800366413974,2015-07-30,2015-08-27,-0.1280741211873431089976265274,2015-05-28,2015-08-21,-0.1820073704363275068501118236,2015-03-03,2015-08-21,0.08273110973874878369861569355,199,119.0
选定的 v1.4,SPX,1762,0.114019448909736516046948252,0.015562302088699541563417048,0.2462551267301921666528485572,2014-12-05,2016-03-15,319,,,202,-0.0601191573084412312131292376,2014-12-05,2015-01-06,-0.1156452802352006853274608399,2015-05-28,2015-08-21,-0.1692730549335475400674423039,2015-03-03,2015-08-21,0.07831492864323261557598987119,199,119.0
选定的 v1.4,QQQ,1762,0.296116701458334182886255401,0.037791910042717574148145882,0.2867338928505815117250597219,2014-11-28,2016-06-17,390,,,136,-0.0705150367145918033117646611,2015-08-05,2015-09-02,-0.1404181982418219978025360263,2015-05-28,2015-08-21,-0.1947253745952955353490922813,2015-03-03,2015-08-21,0.09186693182979096632731776704,199,119.0
v1.4 去掉 MR（同参数）,双资产,1762,0.326373788255323944127362206,0.041222621777899801720164283,0.2255767138403855554535551358,2014-11-28,2016-02-23,309,,,217,-0.0617973638150034800366413989,2015-07-30,2015-08-27,-0.1280741211873431089976265284,2015-05-28,2015-08-21,-0.1820073704363275068501118252,2015-03-03,2015-08-21,0.08794460835889849410685020351,201,120.0
v1.4 去掉 MR（同参数）,SPX,1762,0.222547328778463360596111655,0.029154734473535781847893118,0.2320105083779132609778738280,2014-12-05,2016-02-23,304,,,217,-0.0601191573084412312131292382,2014-12-05,2015-01-06,-0.1156452802352006853274608409,2015-05-28,2015-08-21,-0.1692730549335475400674423066,2015-03-03,2015-08-21,0.08338443633969945152616902963,201,120.0
v1.4 去掉 MR（同参数）,QQQ,1762,0.434192959082865821516294818,0.052926137844755191119986946,0.2224019522300444401971789225,2014-11-28,2016-02-23,309,,,217,-0.0705150367145918033117646605,2015-08-05,2015-09-02,-0.1404181982418219978025360269,2015-05-28,2015-08-21,-0.1947253745952955353490922802,2015-03-03,2015-08-21,0.09733944317652862908584004042,201,120.0
200日均线,双资产,1762,0.582726740945402175008902415,0.067871257214339967890014976,0.1945054963607416463599661386,2015-05-21,2016-06-27,277,,,130,-0.1159055747493915261255248020,2010-04-22,2010-05-20,-0.1264873313520015187521529678,2010-04-23,2010-07-20,-0.1597438196257658447887735199,2015-07-20,2016-01-08,0.1218220763953510531644223614,44,44
200日均线,SPX,1762,0.422054580355475328278724932,0.051646974353127067318692493,0.1773063228686103081957682668,2015-05-21,2016-06-27,277,,,130,-0.1134139177773916784564852270,2010-04-22,2010-05-20,-0.1245521906131157653319413248,2010-04-23,2010-07-20,-0.1432718775375577655193558690,2015-07-20,2016-01-08,0.1150900428975195195867734523,44,44
200日均线,QQQ,1762,0.752171737031685764310818897,0.083518083784896170285822515,0.2145137235775905433866599182,2015-05-27,2016-06-27,274,,,130,-0.1184655138143510236533492341,2010-04-22,2010-05-20,-0.1285167309026634725929227288,2010-04-23,2010-07-20,-0.1760810217971306181739057663,2015-07-20,2016-01-08,0.1340084906192552230903146374,44,44
满仓,双资产,1762,1.288467950919350745904798909,0.125697882683103616711002573,0.1645387642870156617583996808,2011-04-29,2011-08-19,78,2012-02-01,113,1350,-0.1625844801514000165445379210,2011-07-22,2011-08-19,-0.1579721105025368354142752264,2011-07-08,2011-10-03,-0.1497754462239962163354516821,2011-02-17,2011-08-10,0.1612094041031692281434939603,0,0
满仓,SPX,1762,1.007739216213792484978925676,0.104823708663546511444441952,0.1938824150600244938068802634,2011-04-29,2011-10-03,108,2012-02-24,99,1320,-0.1646741312396841682651559072,2011-07-22,2011-08-19,-0.1819988093466289626432504809,2011-07-08,2011-10-03,-0.1638802473833023731190737271,2011-02-17,2011-08-10,0.1554010587839983033337823666,0,0
满仓,QQQ,1762,1.589726775956284153005464465,0.145785412331366964682337627,0.1635984716915595692948940623,2015-12-01,2016-02-09,47,2016-07-29,119,226,-0.1605704697986577181208053708,2011-07-22,2011-08-19,-0.1486653703376347887572918532,2015-11-11,2016-02-09,-0.1359157322460074753652735299,2011-02-17,2011-08-10,0.1728674099967812300496785702,0,0
现金,双资产,1762,0E-27,0E-27,0,2009-12-31,2009-12-31,0,2009-12-31,0,1762,0E-27,2009-12-31,2010-02-01,0E-27,2009-12-31,2010-03-30,0E-27,2009-12-31,2010-06-24,0E-26,0,0
现金,SPX,1762,0E-27,0E-27,0,2009-12-31,2009-12-31,0,2009-12-31,0,1762,0E-27,2009-12-31,2010-02-01,0E-27,2009-12-31,2010-03-30,0E-27,2009-12-31,2010-06-24,0E-26,0,0
现金,QQQ,1762,0E-27,0E-27,0,2009-12-31,2009-12-31,0,2009-12-31,0,1762,0E-27,2009-12-31,2010-02-01,0E-27,2009-12-31,2010-03-30,0E-27,2009-12-31,2010-06-24,0E-26,0,0
恒定暴露 ē（取选定的 v1.4的 ē）,双资产,1762,0.616389667184473278338080383,0.071090362288566208639369482,0.0920971435303705912060797499,2011-04-29,2011-08-19,78,2012-01-25,108,1350,-0.0915147415063593441998258856,2011-07-22,2011-08-19,-0.0886326719597111742280506150,2011-05-12,2011-08-08,-0.0833607177525971555544606393,2011-02-17,2011-08-10,0.08911348444749536220871913574,0,0
恒定暴露 ē（取选定的 v1.4的 ē）,SPX,1762,0.501184501762646795124904983,0.059823333355826532087530399,0.1087407002988510316249525089,2011-04-29,2011-10-03,108,2012-02-08,88,1320,-0.0927127078919177572899842969,2011-07-22,2011-08-19,-0.1019026245653231350575974029,2011-07-08,2011-10-03,-0.0918749655316003584274296996,2011-02-17,2011-08-10,0.08590274191578566824466743784,0,0
恒定暴露 ē（取选定的 v1.4的 ē）,QQQ,1762,0.736612155300185640578316538,0.082136712135538207570414097,0.0926686494694915784327330333,2015-12-04,2016-02-09,44,2016-07-27,117,226,-0.0903416799467579095252802149,2011-07-22,2011-08-19,-0.0836014961114205511970659180,2015-11-11,2016-02-09,-0.0749575352200505194144992204,2011-02-15,2011-08-08,0.09555780779617759254732515758,0,0
恒定暴露 ē（取200日均线的 ē）,双资产,1762,1.016908278430343858998914127,0.105543915028180142518544178,0.1375750907658586145992430128,2011-04-29,2011-08-19,78,2012-01-25,108,1350,-0.1362146974643850046527514288,2011-07-22,2011-08-19,-0.1316723855385205657003731207,2011-05-12,2011-08-08,-0.1249667748930497467627267723,2011-02-17,2011-08-10,0.1341276880903780297720557012,0,0
恒定暴露 ē（取200日均线的 ē）,SPX,1762,0.807195664036051692795137709,0.088320223383441742979670700,0.1622539835997793001079660374,2011-04-29,2011-10-03,108,2012-02-16,94,1320,-0.1379780113702506451453806567,2011-07-22,2011-08-19,-0.1522055921001609521829756987,2011-07-08,2011-10-03,-0.1371020464635847498417345259,2011-02-17,2011-08-10,0.1292950920416240140109676221,0,0
恒定暴露 ē（取200日均线的 ē）,QQQ,1762,1.239763536215315508761148943,0.122239802822008009377776336,0.1373760363651197438860277855,2015-12-01,2016-02-09,47,2016-07-28,118,226,-0.1345052518956104845189019435,2011-07-22,2011-08-19,-0.1245066382368102179072295008,2015-11-11,2016-02-09,-0.1130039291867800265406450338,2011-02-17,2011-08-10,0.1438272548554377316985407405,0,0
