model,exit_version,k,theta_p,q,convergence_date,t0,tau,first_loss_day
v1.4,F,3,0.015,,2009-10-20,2009-10-01,2009-12-31,2009-12-31
v1.4,F,3,0.02,,2009-10-20,2009-10-01,2009-12-31,2009-12-31
v1.4,F,3,0.025,,2009-10-20,2009-10-01,2009-12-31,2009-12-31
v1.4,F,5,0.015,,2009-10-20,2009-10-01,2009-12-31,2009-12-31
v1.4,F,5,0.02,,2009-10-20,2009-10-01,2009-12-31,2009-12-31
v1.4,F,5,0.025,,2009-10-20,2009-10-01,2009-12-31,2009-12-31
v1.4,F,10,0.015,,2009-10-20,2009-10-01,2009-12-31,2009-12-31
v1.4,F,10,0.02,,2009-10-20,2009-10-01,2009-12-31,2009-12-31
v1.4,F,10,0.025,,2009-10-20,2009-10-01,2009-12-31,2009-12-31
v1.4 去掉 MR,F,3,0.015,,2009-10-20,2009-10-01,2009-12-31,2009-12-31
v1.4 去掉 MR,F,3,0.02,,2009-10-20,2009-10-01,2009-12-31,2009-12-31
v1.4 去掉 MR,F,3,0.025,,2009-10-20,2009-10-01,2009-12-31,2009-12-31
v1.4 去掉 MR,F,5,0.015,,2009-10-20,2009-10-01,2009-12-31,2009-12-31
v1.4 去掉 MR,F,5,0.02,,2009-10-20,2009-10-01,2009-12-31,2009-12-31
v1.4 去掉 MR,F,5,0.025,,2009-10-20,2009-10-01,2009-12-31,2009-12-31
v1.4 去掉 MR,F,10,0.015,,2009-10-20,2009-10-01,2009-12-31,2009-12-31
v1.4 去掉 MR,F,10,0.02,,2009-10-20,2009-10-01,2009-12-31,2009-12-31
v1.4 去掉 MR,F,10,0.025,,2009-10-20,2009-10-01,2009-12-31,2009-12-31
P1·E2,E2,5,0.02,,2009-10-26,2009-10-01,2009-12-31,2009-12-31
N′·X2,X2,5,0.02,,2009-10-26,2009-10-01,2009-12-31,2009-12-31
N·E2,E2,5,0.02,0.10,2009-11-27,2009-10-01,2009-12-31,2009-12-31
