version,symbol,interval_start,interval_end,development_label_class,cutoff_label_class
v1.3 补充历史（P0 稳健性）,QQQ,2009-09-22,2009-09-23,非危险,未定：尾段（寻峰）
v1.3 补充历史（P0 稳健性）,SPX,2009-09-22,2009-09-23,危险,未定：尾段（寻峰）
v1.3 补充历史（P0 稳健性）,QQQ,2009-09-23,2009-09-24,非危险,未定：尾段（寻峰）
v1.3 补充历史（P0 稳健性）,SPX,2009-09-23,2009-09-24,危险,未定：尾段（寻峰）
v1.3 补充历史（P0 稳健性）,QQQ,2009-09-24,2009-09-25,非危险,未定：尾段（寻峰）
v1.3 补充历史（P0 稳健性）,SPX,2009-09-24,2009-09-25,危险,未定：尾段（寻峰）
v1.3 补充历史（P0 稳健性）,QQQ,2009-09-25,2009-09-28,非危险,未定：尾段（寻峰）
v1.3 补充历史（P0 稳健性）,SPX,2009-09-25,2009-09-28,危险,未定：尾段（寻峰）
v1.3 补充历史（P0 稳健性）,QQQ,2009-09-28,2009-09-29,非危险,未定：尾段（寻峰）
v1.3 补充历史（P0 稳健性）,SPX,2009-09-28,2009-09-29,危险,未定：尾段（寻峰）
v1.3 补充历史（P0 稳健性）,QQQ,2009-09-29,2009-09-30,非危险,未定：尾段（寻峰）
v1.3 补充历史（P0 稳健性）,SPX,2009-09-29,2009-09-30,危险,未定：尾段（寻峰）
v1.4 补充历史（纯价格版）,QQQ,2009-09-22,2009-09-23,非危险,未定：尾段（寻峰）
v1.4 补充历史（纯价格版）,SPX,2009-09-22,2009-09-23,危险,未定：尾段（寻峰）
v1.4 补充历史（纯价格版）,QQQ,2009-09-23,2009-09-24,非危险,未定：尾段（寻峰）
v1.4 补充历史（纯价格版）,SPX,2009-09-23,2009-09-24,危险,未定：尾段（寻峰）
v1.4 补充历史（纯价格版）,QQQ,2009-09-24,2009-09-25,非危险,未定：尾段（寻峰）
v1.4 补充历史（纯价格版）,SPX,2009-09-24,2009-09-25,危险,未定：尾段（寻峰）
v1.4 补充历史（纯价格版）,QQQ,2009-09-25,2009-09-28,非危险,未定：尾段（寻峰）
v1.4 补充历史（纯价格版）,SPX,2009-09-25,2009-09-28,危险,未定：尾段（寻峰）
v1.4 补充历史（纯价格版）,QQQ,2009-09-28,2009-09-29,非危险,未定：尾段（寻峰）
v1.4 补充历史（纯价格版）,SPX,2009-09-28,2009-09-29,危险,未定：尾段（寻峰）
v1.4 补充历史（纯价格版）,QQQ,2009-09-29,2009-09-30,非危险,未定：尾段（寻峰）
v1.4 补充历史（纯价格版）,SPX,2009-09-29,2009-09-30,危险,未定：尾段（寻峰）
