version,object,symbol,component,local_adjustment
v1.3 补充历史（P0 稳健性）,始终绿,QQQ,危险项,0.0
v1.3 补充历史（P0 稳健性）,始终绿,QQQ,回撤项,-0.0005808594538532278851230837135
v1.3 补充历史（P0 稳健性）,始终绿,QQQ,机会项,0E-32
v1.3 补充历史（P0 稳健性）,始终绿,SPX,危险项,-0.03135133483368370072822061925
v1.3 补充历史（P0 稳健性）,始终绿,SPX,回撤项,0.0
v1.3 补充历史（P0 稳健性）,始终绿,SPX,机会项,0.0
v1.3 补充历史（P0 稳健性）,始终黄,QQQ,危险项,0.0
v1.3 补充历史（P0 稳健性）,始终黄,QQQ,回撤项,-0.0002904297269266139425615418568
v1.3 补充历史（P0 稳健性）,始终黄,QQQ,机会项,0.002355730033626317810516424338
v1.3 补充历史（P0 稳健性）,始终黄,SPX,危险项,-0.01567566741684185036411030963
v1.3 补充历史（P0 稳健性）,始终黄,SPX,回撤项,0.0
v1.3 补充历史（P0 稳健性）,始终黄,SPX,机会项,0.0
v1.3 补充历史（P0 稳健性）,始终红,QQQ,危险项,0.0
v1.3 补充历史（P0 稳健性）,始终红,QQQ,回撤项,0E-32
v1.3 补充历史（P0 稳健性）,始终红,QQQ,机会项,0.004711460067252635621032848677
v1.3 补充历史（P0 稳健性）,始终红,SPX,危险项,0E-31
v1.3 补充历史（P0 稳健性）,始终红,SPX,回撤项,0.0
v1.3 补充历史（P0 稳健性）,始终红,SPX,机会项,0.0
v1.3 补充历史（P0 稳健性）,200日均线,QQQ,危险项,0.0
v1.3 补充历史（P0 稳健性）,200日均线,QQQ,回撤项,-0.0005808594538532278851230837135
v1.3 补充历史（P0 稳健性）,200日均线,QQQ,机会项,0E-32
v1.3 补充历史（P0 稳健性）,200日均线,SPX,危险项,-0.03135133483368370072822061925
v1.3 补充历史（P0 稳健性）,200日均线,SPX,回撤项,0.0
v1.3 补充历史（P0 稳健性）,200日均线,SPX,机会项,0.0
v1.3 补充历史（P0 稳健性）,P0 K=3 θ_P=0.015,QQQ,危险项,0.0
v1.3 补充历史（P0 稳健性）,P0 K=3 θ_P=0.015,QQQ,回撤项,-0.0005808594538532278851230837135
v1.3 补充历史（P0 稳健性）,P0 K=3 θ_P=0.015,QQQ,机会项,-0.003275806249606772176617984712
v1.3 补充历史（P0 稳健性）,P0 K=3 θ_P=0.015,SPX,危险项,-0.02856838754378458537958320991
v1.3 补充历史（P0 稳健性）,P0 K=3 θ_P=0.015,SPX,回撤项,0.0
v1.3 补充历史（P0 稳健性）,P0 K=3 θ_P=0.015,SPX,机会项,0.0
v1.3 补充历史（P0 稳健性）,P0 K=3 θ_P=0.02,QQQ,危险项,0.0
v1.3 补充历史（P0 稳健性）,P0 K=3 θ_P=0.02,QQQ,回撤项,-0.0005808594538532278851230837135
v1.3 补充历史（P0 稳健性）,P0 K=3 θ_P=0.02,QQQ,机会项,0.0009449574208291229904123994985
v1.3 补充历史（P0 稳健性）,P0 K=3 θ_P=0.02,SPX,危险项,-0.02856838754378458537958320991
v1.3 补充历史（P0 稳健性）,P0 K=3 θ_P=0.02,SPX,回撤项,0.0
v1.3 补充历史（P0 稳健性）,P0 K=3 θ_P=0.02,SPX,机会项,0.0
v1.3 补充历史（P0 稳健性）,P0 K=3 θ_P=0.025,QQQ,危险项,0.0
v1.3 补充历史（P0 稳健性）,P0 K=3 θ_P=0.025,QQQ,回撤项,-0.0005808594538532278851230837135
v1.3 补充历史（P0 稳健性）,P0 K=3 θ_P=0.025,QQQ,机会项,0.0009449574208291229904123994985
v1.3 补充历史（P0 稳健性）,P0 K=3 θ_P=0.025,SPX,危险项,-0.02856838754378458537958320991
v1.3 补充历史（P0 稳健性）,P0 K=3 θ_P=0.025,SPX,回撤项,0.0
v1.3 补充历史（P0 稳健性）,P0 K=3 θ_P=0.025,SPX,机会项,0.0
v1.3 补充历史（P0 稳健性）,P0 K=5 θ_P=0.015,QQQ,危险项,0.0
v1.3 补充历史（P0 稳健性）,P0 K=5 θ_P=0.015,QQQ,回撤项,-0.0005808594538532278851230837135
v1.3 补充历史（P0 稳健性）,P0 K=5 θ_P=0.015,QQQ,机会项,-0.003275806249606772176617984712
v1.3 补充历史（P0 稳健性）,P0 K=5 θ_P=0.015,SPX,危险项,-0.02856838754378458537958320991
v1.3 补充历史（P0 稳健性）,P0 K=5 θ_P=0.015,SPX,回撤项,0.0
v1.3 补充历史（P0 稳健性）,P0 K=5 θ_P=0.015,SPX,机会项,0.0
v1.3 补充历史（P0 稳健性）,P0 K=5 θ_P=0.02,QQQ,危险项,0.0
v1.3 补充历史（P0 稳健性）,P0 K=5 θ_P=0.02,QQQ,回撤项,-0.0005808594538532278851230837135
v1.3 补充历史（P0 稳健性）,P0 K=5 θ_P=0.02,QQQ,机会项,0.0009449574208291229904123994985
v1.3 补充历史（P0 稳健性）,P0 K=5 θ_P=0.02,SPX,危险项,-0.02856838754378458537958320991
v1.3 补充历史（P0 稳健性）,P0 K=5 θ_P=0.02,SPX,回撤项,0.0
v1.3 补充历史（P0 稳健性）,P0 K=5 θ_P=0.02,SPX,机会项,0.0
v1.3 补充历史（P0 稳健性）,P0 K=5 θ_P=0.025,QQQ,危险项,0.0
v1.3 补充历史（P0 稳健性）,P0 K=5 θ_P=0.025,QQQ,回撤项,-0.0005808594538532278851230837135
v1.3 补充历史（P0 稳健性）,P0 K=5 θ_P=0.025,QQQ,机会项,0.0009449574208291229904123994985
v1.3 补充历史（P0 稳健性）,P0 K=5 θ_P=0.025,SPX,危险项,-0.02856838754378458537958320991
v1.3 补充历史（P0 稳健性）,P0 K=5 θ_P=0.025,SPX,回撤项,0.0
v1.3 补充历史（P0 稳健性）,P0 K=5 θ_P=0.025,SPX,机会项,0.0
v1.3 补充历史（P0 稳健性）,P0 K=10 θ_P=0.015,QQQ,危险项,0.0
v1.3 补充历史（P0 稳健性）,P0 K=10 θ_P=0.015,QQQ,回撤项,-0.0005808594538532278851230837135
v1.3 补充历史（P0 稳健性）,P0 K=10 θ_P=0.015,QQQ,机会项,-0.003275806249606772176617984712
v1.3 补充历史（P0 稳健性）,P0 K=10 θ_P=0.015,SPX,危险项,-0.02856838754378458537958320991
v1.3 补充历史（P0 稳健性）,P0 K=10 θ_P=0.015,SPX,回撤项,0.0
v1.3 补充历史（P0 稳健性）,P0 K=10 θ_P=0.015,SPX,机会项,0.0
v1.3 补充历史（P0 稳健性）,P0 K=10 θ_P=0.02,QQQ,危险项,0.0
v1.3 补充历史（P0 稳健性）,P0 K=10 θ_P=0.02,QQQ,回撤项,-0.0005808594538532278851230837135
v1.3 补充历史（P0 稳健性）,P0 K=10 θ_P=0.02,QQQ,机会项,0.0009449574208291229904123994985
v1.3 补充历史（P0 稳健性）,P0 K=10 θ_P=0.02,SPX,危险项,-0.02856838754378458537958320991
v1.3 补充历史（P0 稳健性）,P0 K=10 θ_P=0.02,SPX,回撤项,0.0
v1.3 补充历史（P0 稳健性）,P0 K=10 θ_P=0.02,SPX,机会项,0.0
v1.3 补充历史（P0 稳健性）,P0 K=10 θ_P=0.025,QQQ,危险项,0.0
v1.3 补充历史（P0 稳健性）,P0 K=10 θ_P=0.025,QQQ,回撤项,-0.0005808594538532278851230837135
v1.3 补充历史（P0 稳健性）,P0 K=10 θ_P=0.025,QQQ,机会项,0.0009449574208291229904123994985
v1.3 补充历史（P0 稳健性）,P0 K=10 θ_P=0.025,SPX,危险项,-0.02856838754378458537958320991
v1.3 补充历史（P0 稳健性）,P0 K=10 θ_P=0.025,SPX,回撤项,0.0
v1.3 补充历史（P0 稳健性）,P0 K=10 θ_P=0.025,SPX,机会项,0.0
v1.4 补充历史（纯价格版）,始终绿,QQQ,危险项,0.0
v1.4 补充历史（纯价格版）,始终绿,QQQ,回撤项,-0.0005808594538532278851230837135
v1.4 补充历史（纯价格版）,始终绿,QQQ,机会项,0E-32
v1.4 补充历史（纯价格版）,始终绿,SPX,危险项,-0.03135133483368370072822061925
v1.4 补充历史（纯价格版）,始终绿,SPX,回撤项,0.0
v1.4 补充历史（纯价格版）,始终绿,SPX,机会项,0.0
v1.4 补充历史（纯价格版）,始终黄,QQQ,危险项,0.0
v1.4 补充历史（纯价格版）,始终黄,QQQ,回撤项,-0.0002904297269266139425615418568
v1.4 补充历史（纯价格版）,始终黄,QQQ,机会项,0.002355730033626317810516424338
v1.4 补充历史（纯价格版）,始终黄,SPX,危险项,-0.01567566741684185036411030963
v1.4 补充历史（纯价格版）,始终黄,SPX,回撤项,0.0
v1.4 补充历史（纯价格版）,始终黄,SPX,机会项,0.0
v1.4 补充历史（纯价格版）,始终红,QQQ,危险项,0.0
v1.4 补充历史（纯价格版）,始终红,QQQ,回撤项,0E-32
v1.4 补充历史（纯价格版）,始终红,QQQ,机会项,0.004711460067252635621032848677
v1.4 补充历史（纯价格版）,始终红,SPX,危险项,0E-31
v1.4 补充历史（纯价格版）,始终红,SPX,回撤项,0.0
v1.4 补充历史（纯价格版）,始终红,SPX,机会项,0.0
v1.4 补充历史（纯价格版）,200日均线,QQQ,危险项,0.0
v1.4 补充历史（纯价格版）,200日均线,QQQ,回撤项,-0.0005808594538532278851230837135
v1.4 补充历史（纯价格版）,200日均线,QQQ,机会项,0E-32
v1.4 补充历史（纯价格版）,200日均线,SPX,危险项,-0.03135133483368370072822061925
v1.4 补充历史（纯价格版）,200日均线,SPX,回撤项,0.0
v1.4 补充历史（纯价格版）,200日均线,SPX,机会项,0.0
v1.4 补充历史（纯价格版）,v1.4 纯价格版 K=3 θ_P=0.015,QQQ,危险项,0.0
v1.4 补充历史（纯价格版）,v1.4 纯价格版 K=3 θ_P=0.015,QQQ,回撤项,-0.0005808594538532278851230837135
v1.4 补充历史（纯价格版）,v1.4 纯价格版 K=3 θ_P=0.015,QQQ,机会项,-0.003098228403854696638136096430
v1.4 补充历史（纯价格版）,v1.4 纯价格版 K=3 θ_P=0.015,SPX,危险项,-0.03023529973087569383987780258
v1.4 补充历史（纯价格版）,v1.4 纯价格版 K=3 θ_P=0.015,SPX,回撤项,0.0
v1.4 补充历史（纯价格版）,v1.4 纯价格版 K=3 θ_P=0.015,SPX,机会项,0.0
v1.4 补充历史（纯价格版）,v1.4 纯价格版 K=3 θ_P=0.02,QQQ,危险项,0.0
v1.4 补充历史（纯价格版）,v1.4 纯价格版 K=3 θ_P=0.02,QQQ,回撤项,-0.0005808594538532278851230837135
v1.4 补充历史（纯价格版）,v1.4 纯价格版 K=3 θ_P=0.02,QQQ,机会项,0.001122535266581198528894287780
v1.4 补充历史（纯价格版）,v1.4 纯价格版 K=3 θ_P=0.02,SPX,危险项,-0.03023529973087569383987780258
v1.4 补充历史（纯价格版）,v1.4 纯价格版 K=3 θ_P=0.02,SPX,回撤项,0.0
v1.4 补充历史（纯价格版）,v1.4 纯价格版 K=3 θ_P=0.02,SPX,机会项,0.0
v1.4 补充历史（纯价格版）,v1.4 纯价格版 K=3 θ_P=0.025,QQQ,危险项,0.0
v1.4 补充历史（纯价格版）,v1.4 纯价格版 K=3 θ_P=0.025,QQQ,回撤项,-0.0005808594538532278851230837135
v1.4 补充历史（纯价格版）,v1.4 纯价格版 K=3 θ_P=0.025,QQQ,机会项,0.001122535266581198528894287780
v1.4 补充历史（纯价格版）,v1.4 纯价格版 K=3 θ_P=0.025,SPX,危险项,-0.03023529973087569383987780258
v1.4 补充历史（纯价格版）,v1.4 纯价格版 K=3 θ_P=0.025,SPX,回撤项,0.0
v1.4 补充历史（纯价格版）,v1.4 纯价格版 K=3 θ_P=0.025,SPX,机会项,0.0
v1.4 补充历史（纯价格版）,v1.4 纯价格版 K=5 θ_P=0.015,QQQ,危险项,0.0
v1.4 补充历史（纯价格版）,v1.4 纯价格版 K=5 θ_P=0.015,QQQ,回撤项,-0.0005808594538532278851230837135
v1.4 补充历史（纯价格版）,v1.4 纯价格版 K=5 θ_P=0.015,QQQ,机会项,-0.003098228403854696638136096430
v1.4 补充历史（纯价格版）,v1.4 纯价格版 K=5 θ_P=0.015,SPX,危险项,-0.03023529973087569383987780258
v1.4 补充历史（纯价格版）,v1.4 纯价格版 K=5 θ_P=0.015,SPX,回撤项,0.0
v1.4 补充历史（纯价格版）,v1.4 纯价格版 K=5 θ_P=0.015,SPX,机会项,0.0
v1.4 补充历史（纯价格版）,v1.4 纯价格版 K=5 θ_P=0.02,QQQ,危险项,0.0
v1.4 补充历史（纯价格版）,v1.4 纯价格版 K=5 θ_P=0.02,QQQ,回撤项,-0.0005808594538532278851230837135
v1.4 补充历史（纯价格版）,v1.4 纯价格版 K=5 θ_P=0.02,QQQ,机会项,0.001122535266581198528894287780
v1.4 补充历史（纯价格版）,v1.4 纯价格版 K=5 θ_P=0.02,SPX,危险项,-0.03023529973087569383987780258
v1.4 补充历史（纯价格版）,v1.4 纯价格版 K=5 θ_P=0.02,SPX,回撤项,0.0
v1.4 补充历史（纯价格版）,v1.4 纯价格版 K=5 θ_P=0.02,SPX,机会项,0.0
v1.4 补充历史（纯价格版）,v1.4 纯价格版 K=5 θ_P=0.025,QQQ,危险项,0.0
v1.4 补充历史（纯价格版）,v1.4 纯价格版 K=5 θ_P=0.025,QQQ,回撤项,-0.0005808594538532278851230837135
v1.4 补充历史（纯价格版）,v1.4 纯价格版 K=5 θ_P=0.025,QQQ,机会项,0.001122535266581198528894287780
v1.4 补充历史（纯价格版）,v1.4 纯价格版 K=5 θ_P=0.025,SPX,危险项,-0.03023529973087569383987780258
v1.4 补充历史（纯价格版）,v1.4 纯价格版 K=5 θ_P=0.025,SPX,回撤项,0.0
v1.4 补充历史（纯价格版）,v1.4 纯价格版 K=5 θ_P=0.025,SPX,机会项,0.0
v1.4 补充历史（纯价格版）,v1.4 纯价格版 K=10 θ_P=0.015,QQQ,危险项,0.0
v1.4 补充历史（纯价格版）,v1.4 纯价格版 K=10 θ_P=0.015,QQQ,回撤项,-0.0005808594538532278851230837135
v1.4 补充历史（纯价格版）,v1.4 纯价格版 K=10 θ_P=0.015,QQQ,机会项,-0.003098228403854696638136096430
v1.4 补充历史（纯价格版）,v1.4 纯价格版 K=10 θ_P=0.015,SPX,危险项,-0.03023529973087569383987780258
v1.4 补充历史（纯价格版）,v1.4 纯价格版 K=10 θ_P=0.015,SPX,回撤项,0.0
v1.4 补充历史（纯价格版）,v1.4 纯价格版 K=10 θ_P=0.015,SPX,机会项,0.0
v1.4 补充历史（纯价格版）,v1.4 纯价格版 K=10 θ_P=0.02,QQQ,危险项,0.0
v1.4 补充历史（纯价格版）,v1.4 纯价格版 K=10 θ_P=0.02,QQQ,回撤项,-0.0005808594538532278851230837135
v1.4 补充历史（纯价格版）,v1.4 纯价格版 K=10 θ_P=0.02,QQQ,机会项,0.001122535266581198528894287780
v1.4 补充历史（纯价格版）,v1.4 纯价格版 K=10 θ_P=0.02,SPX,危险项,-0.03023529973087569383987780258
v1.4 补充历史（纯价格版）,v1.4 纯价格版 K=10 θ_P=0.02,SPX,回撤项,0.0
v1.4 补充历史（纯价格版）,v1.4 纯价格版 K=10 θ_P=0.02,SPX,机会项,0.0
v1.4 补充历史（纯价格版）,v1.4 纯价格版 K=10 θ_P=0.025,QQQ,危险项,0.0
v1.4 补充历史（纯价格版）,v1.4 纯价格版 K=10 θ_P=0.025,QQQ,回撤项,-0.0005808594538532278851230837135
v1.4 补充历史（纯价格版）,v1.4 纯价格版 K=10 θ_P=0.025,QQQ,机会项,0.001122535266581198528894287780
v1.4 补充历史（纯价格版）,v1.4 纯价格版 K=10 θ_P=0.025,SPX,危险项,-0.03023529973087569383987780258
v1.4 补充历史（纯价格版）,v1.4 纯价格版 K=10 θ_P=0.025,SPX,回撤项,0.0
v1.4 补充历史（纯价格版）,v1.4 纯价格版 K=10 θ_P=0.025,SPX,机会项,0.0
