version,object,role,item,development_labels,cutoff_labels,change
v1.3 补充历史（P0 稳健性）,始终绿,参照行,危险项,23.75876053944512012446245140,23.72740920461143642373423077,-0.03135133483368370072822063
v1.3 补充历史（P0 稳健性）,始终绿,参照行,回撤项,0.2400937165366261063977829735,0.2395128570827728785126598898,-0.0005808594538532278851230837
v1.3 补充历史（P0 稳健性）,始终绿,参照行,机会项,0E-34,0E-34,0E-34
v1.3 补充历史（P0 稳健性）,始终绿,参照行,切换项,0,0,0
v1.3 补充历史（P0 稳健性）,始终绿,参照行,漏报罚项,0,0,0
v1.3 补充历史（P0 稳健性）,始终绿,参照行,主损失 L,23.99885425598174623086023436,23.96692206169420930224689065,-0.03193219428753692861334371
v1.3 补充历史（P0 稳健性）,始终绿,参照行,T,0E-26,0E-26,0E-26
v1.3 补充历史（P0 稳健性）,始终绿,参照行,ē,1,1,0
v1.3 补充历史（P0 稳健性）,始终绿,参照行,同暴露基准,23.99885425598174623086023436,23.96692206169420930224689065,-0.03193219428753692861334371
v1.3 补充历史（P0 稳健性）,始终黄,参照行,危险项,11.87938026972256006223122575,11.86370460230571821186711544,-0.01567566741684185036411031
v1.3 补充历史（P0 稳健性）,始终黄,参照行,回撤项,0.1200468582683130531988914869,0.1197564285413864392563299450,-0.0002904297269266139425615419
v1.3 补充历史（P0 稳健性）,始终黄,参照行,机会项,4.020535510258929761039165695,4.022891240292556078849682120,0.002355730033626317810516425
v1.3 补充历史（P0 稳健性）,始终黄,参照行,切换项,0,0,0
v1.3 补充历史（P0 稳健性）,始终黄,参照行,漏报罚项,0,0,0
v1.3 补充历史（P0 稳健性）,始终黄,参照行,主损失 L,16.01996263824980287646928307,16.00635227113966072997312764,-0.01361036711014214649615543
v1.3 补充历史（P0 稳健性）,始终黄,参照行,T,1.8E-25,1.9E-25,1E-26
v1.3 补充历史（P0 稳健性）,始终黄,参照行,ē,0.5,0.5,0.0
v1.3 补充历史（P0 稳健性）,始终黄,参照行,同暴露基准,16.01996263824980287646928289,16.00635227113966072997312745,-0.01361036711014214649615544
v1.3 补充历史（P0 稳健性）,始终红,参照行,危险项,0E-34,0E-34,0E-34
v1.3 补充历史（P0 稳健性）,始终红,参照行,回撤项,0E-34,0E-34,0E-34
v1.3 补充历史（P0 稳健性）,始终红,参照行,机会项,8.041071020517859522078331417,8.045782480585112157699364266,0.004711460067252635621032849
v1.3 补充历史（P0 稳健性）,始终红,参照行,切换项,0,0,0
v1.3 补充历史（P0 稳健性）,始终红,参照行,漏报罚项,0,0,0
v1.3 补充历史（P0 稳健性）,始终红,参照行,主损失 L,8.041071020517859522078331417,8.045782480585112157699364266,0.004711460067252635621032849
v1.3 补充历史（P0 稳健性）,始终红,参照行,T,0E-27,0E-27,0E-27
v1.3 补充历史（P0 稳健性）,始终红,参照行,ē,0,0,0
v1.3 补充历史（P0 稳健性）,始终红,参照行,同暴露基准,8.041071020517859522078331417,8.045782480585112157699364266,0.004711460067252635621032849
v1.3 补充历史（P0 稳健性）,200日均线,参照行,危险项,7.241513659215477155301123237,7.210162324381793454572902618,-0.031351334833683700728220619
v1.3 补充历史（P0 稳健性）,200日均线,参照行,回撤项,0.1259544294118886010186393122,0.1253735699580353731335162285,-0.0005808594538532278851230837
v1.3 补充历史（P0 稳健性）,200日均线,参照行,机会项,5.375291911052754377000160304,5.375291911052754377000160304,0E-27
v1.3 补充历史（P0 稳健性）,200日均线,参照行,切换项,0.4800,0.4800,0.0000
v1.3 补充历史（P0 稳健性）,200日均线,参照行,漏报罚项,0,0,0
v1.3 补充历史（P0 稳健性）,200日均线,参照行,主损失 L,13.22275999968012013331992290,13.19082780539258320470657919,-0.03193219428753692861334371
v1.3 补充历史（P0 稳健性）,200日均线,参照行,T,-3.46526149439873961168446335,-3.48204926653600497286608926,-0.01678777213726536118162591
v1.3 补充历史（P0 稳健性）,200日均线,参照行,ē,0.5418641390205371248025276461,0.5418641390205371248025276461,0E-28
v1.3 补充历史（P0 稳健性）,200日均线,参照行,同暴露基准,16.68802149407885974500438625,16.67287707192858817757266845,-0.01514442215027156743171780
v1.3 补充历史（P0 稳健性）,P0 K=3 θ_P=0.015,候选设定,危险项,6.491153079867525241665982900,6.462584692323740656286399689,-0.028568387543784585379583211
v1.3 补充历史（P0 稳健性）,P0 K=3 θ_P=0.015,候选设定,回撤项,0.1291220975248292531452855074,0.1285412380709760252601624237,-0.0005808594538532278851230837
v1.3 补充历史（P0 稳健性）,P0 K=3 θ_P=0.015,候选设定,机会项,5.792243794804468959096977413,5.788967988554862186920359429,-0.003275806249606772176617984
v1.3 补充历史（P0 稳健性）,P0 K=3 θ_P=0.015,候选设定,切换项,2.0300,2.0300,0.0000
v1.3 补充历史（P0 稳健性）,P0 K=3 θ_P=0.015,候选设定,漏报罚项,0,0,0
v1.3 补充历史（P0 稳健性）,P0 K=3 θ_P=0.015,候选设定,主损失 L,14.44251897219682345390824583,14.41009391894957886846692155,-0.03242505324724458544132428
v1.3 补充历史（P0 稳健性）,P0 K=3 θ_P=0.015,候选设定,T,-0.12788199774464848139996373,-0.15002529387448456954493771,-0.02214329612983608814497398
v1.3 补充历史（P0 稳健性）,P0 K=3 θ_P=0.015,候选设定,ē,0.4091627172195892575039494471,0.4091627172195892575039494471,0E-28
v1.3 补充历史（P0 稳健性）,P0 K=3 θ_P=0.015,候选设定,同暴露基准,14.57040096994147193530820956,14.56011921282406343801185926,-0.01028175711740849729635030
v1.3 补充历史（P0 稳健性）,P0 K=3 θ_P=0.02,候选设定,危险项,6.659955638184460824770646232,6.631387250640676239391063021,-0.028568387543784585379583211
v1.3 补充历史（P0 稳健性）,P0 K=3 θ_P=0.02,候选设定,回撤项,0.1302073275614704026589552502,0.1296264681076171747738321665,-0.0005808594538532278851230837
v1.3 补充历史（P0 稳健性）,P0 K=3 θ_P=0.02,候选设定,机会项,5.477128144467645213282950652,5.478073101888474336273363052,0.000944957420829122990412400
v1.3 补充历史（P0 稳健性）,P0 K=3 θ_P=0.02,候选设定,切换项,1.8900,1.8900,0.0000
v1.3 补充历史（P0 稳健性）,P0 K=3 θ_P=0.02,候选设定,漏报罚项,0,0,0
v1.3 补充历史（P0 稳健性）,P0 K=3 θ_P=0.02,候选设定,主损失 L,14.15729111021357644071255220,14.12908682063676775043825830,-0.02820428957680869027429390
v1.3 补充历史（P0 稳健性）,P0 K=3 θ_P=0.02,候选设定,T,-0.75344172967854710686825718,-0.77058276240052287786015959,-0.01714103272197577099190241
v1.3 补充历史（P0 稳健性）,P0 K=3 θ_P=0.02,候选设定,ē,0.4304897314375987361769352291,0.4304897314375987361769352291,0E-28
v1.3 补充历史（P0 稳健性）,P0 K=3 θ_P=0.02,候选设定,同暴露基准,14.91073283989212354758080938,14.89966958303729062829841789,-0.01106325685483291928239149
v1.3 补充历史（P0 稳健性）,P0 K=3 θ_P=0.025,候选设定,危险项,7.147891424259149821943663862,7.119323036715365236564080651,-0.028568387543784585379583211
v1.3 补充历史（P0 稳健性）,P0 K=3 θ_P=0.025,候选设定,回撤项,0.1464499291930108318652946497,0.1458690697391576039801715660,-0.0005808594538532278851230837
v1.3 补充历史（P0 稳健性）,P0 K=3 θ_P=0.025,候选设定,机会项,5.356622166784588883328581632,5.357567124205418006318994032,0.000944957420829122990412400
v1.3 补充历史（P0 稳健性）,P0 K=3 θ_P=0.025,候选设定,切换项,1.7250,1.7250,0.0000
v1.3 补充历史（P0 稳健性）,P0 K=3 θ_P=0.025,候选设定,漏报罚项,0,0,0
v1.3 补充历史（P0 稳健性）,P0 K=3 θ_P=0.025,候选设定,主损失 L,14.37596352023674953713754016,14.34775923065994084686324626,-0.02820428957680869027429390
v1.3 补充历史（P0 稳健性）,P0 K=3 θ_P=0.025,候选设定,T,-1.23749160668310835800613738,-1.25301898716947629471204730,-0.01552738048636793670590992
v1.3 补充历史（P0 稳健性）,P0 K=3 θ_P=0.025,候选设定,ē,0.4745260663507109004739336493,0.4745260663507109004739336493,0E-28
v1.3 补充历史（P0 稳健性）,P0 K=3 θ_P=0.025,候选设定,同暴露基准,15.61345512691985789514367754,15.60077821782941714157529356,-0.01267690909044075356838398
v1.3 补充历史（P0 稳健性）,P0 K=5 θ_P=0.015,候选设定,危险项,5.667282973401496158676588842,5.638714585857711573297005631,-0.028568387543784585379583211
v1.3 补充历史（P0 稳健性）,P0 K=5 θ_P=0.015,候选设定,回撤项,0.1148543354625611902087190938,0.1142734760087079623235960101,-0.0005808594538532278851230837
v1.3 补充历史（P0 稳健性）,P0 K=5 θ_P=0.015,候选设定,机会项,6.182504948049694433895652467,6.179229141800087661719034483,-0.003275806249606772176617984
v1.3 补充历史（P0 稳健性）,P0 K=5 θ_P=0.015,候选设定,切换项,1.9000,1.9000,0.0000
v1.3 补充历史（P0 稳健性）,P0 K=5 θ_P=0.015,候选设定,漏报罚项,0,0,0
v1.3 补充历史（P0 稳健性）,P0 K=5 θ_P=0.015,候选设定,主损失 L,13.86464225691375178278096043,13.83221720366650719733963615,-0.03242505324724458544132428
v1.3 补充历史（P0 稳健性）,P0 K=5 θ_P=0.015,候选设定,T,-0.20786579217398909012844568,-0.23115239347524238821596143,-0.02328660130125329808751575
v1.3 补充历史（P0 稳健性）,P0 K=5 θ_P=0.015,候选设定,ē,0.3779620853080568720379146919,0.3779620853080568720379146919,0E-28
v1.3 补充历史（P0 稳健性）,P0 K=5 θ_P=0.015,候选设定,同暴露基准,14.07250804908774087290940611,14.06336959714174958555559758,-0.00913845194599128735380853
v1.3 补充历史（P0 稳健性）,P0 K=5 θ_P=0.02,候选设定,危险项,5.806318392211985352776752672,5.777750004668200767397169461,-0.028568387543784585379583211
v1.3 补充历史（P0 稳健性）,P0 K=5 θ_P=0.02,候选设定,回撤项,0.1159395654992023397223888367,0.1153587060453491118372657530,-0.0005808594538532278851230837
v1.3 补充历史（P0 稳健性）,P0 K=5 θ_P=0.02,候选设定,机会项,5.882543387878167140817154954,5.883488345298996263807567354,0.000944957420829122990412400
v1.3 补充历史（P0 稳健性）,P0 K=5 θ_P=0.02,候选设定,切换项,1.7350,1.7350,0.0000
v1.3 补充历史（P0 稳健性）,P0 K=5 θ_P=0.02,候选设定,漏报罚项,0,0,0
v1.3 补充历史（P0 稳健性）,P0 K=5 θ_P=0.02,候选设定,主损失 L,13.53980134558935483331629651,13.51159705601254614304200261,-0.02820428957680869027429390
v1.3 补充历史（P0 稳健性）,P0 K=5 θ_P=0.02,候选设定,T,-0.87618979446709924086823350,-0.89446689625181236604354765,-0.01827710178471312517531415
v1.3 补充历史（P0 稳健性）,P0 K=5 θ_P=0.02,候选设定,ē,0.3994865718799368088467614534,0.3994865718799368088467614534,0E-28
v1.3 补充历史（P0 稳健性）,P0 K=5 θ_P=0.02,候选设定,同暴露基准,14.41599114005645407418453001,14.40606395226435850908555026,-0.00992718779209556509897975
v1.3 补充历史（P0 稳健性）,P0 K=5 θ_P=0.025,候选设定,危险项,6.229630510071028654875690484,6.201062122527244069496107273,-0.028568387543784585379583211
v1.3 补充历史（P0 稳健性）,P0 K=5 θ_P=0.025,候选设定,回撤项,0.1321821671307427689287282363,0.1316013076768895410436051526,-0.0005808594538532278851230837
v1.3 补充历史（P0 稳健性）,P0 K=5 θ_P=0.025,候选设定,机会项,5.706759703432126682752684392,5.707704660852955805743096792,0.000944957420829122990412400
v1.3 补充历史（P0 稳健性）,P0 K=5 θ_P=0.025,候选设定,切换项,1.5550,1.5550,0.0000
v1.3 补充历史（P0 稳健性）,P0 K=5 θ_P=0.025,候选设定,漏报罚项,0,0,0
v1.3 补充历史（P0 稳健性）,P0 K=5 θ_P=0.025,候选设定,主损失 L,13.62357238063389810655710305,13.59536809105708941628280915,-0.02820428957680869027429390
v1.3 补充历史（P0 稳健性）,P0 K=5 θ_P=0.025,候选设定,T,-1.55501424579346050623825249,-1.57154020927764853770410394,-0.01652596348418803146585145
v1.3 补充历史（P0 稳健性）,P0 K=5 θ_P=0.025,候选设定,ē,0.4472748815165876777251184834,0.4472748815165876777251184834,0E-28
v1.3 补充历史（P0 稳健性）,P0 K=5 θ_P=0.025,候选设定,同暴露基准,15.17858662642735861279535554,15.16690830033473795398691309,-0.01167832609262065880844245
v1.3 补充历史（P0 稳健性）,P0 K=10 θ_P=0.015,候选设定,危险项,4.323519012445243985093018624,4.294950624901459399713435413,-0.028568387543784585379583211
v1.3 补充历史（P0 稳健性）,P0 K=10 θ_P=0.015,候选设定,回撤项,0.09519047667014175416345052592,0.09460961721628852627832744221,-0.00058085945385322788512308371
v1.3 补充历史（P0 稳健性）,P0 K=10 θ_P=0.015,候选设定,机会项,6.600040947824006101712110382,6.596765141574399329535492398,-0.003275806249606772176617984
v1.3 补充历史（P0 稳健性）,P0 K=10 θ_P=0.015,候选设定,切换项,1.5250,1.5250,0.0000
v1.3 补充历史（P0 稳健性）,P0 K=10 θ_P=0.015,候选设定,漏报罚项,0,0,0
v1.3 补充历史（P0 稳健性）,P0 K=10 θ_P=0.015,候选设定,主损失 L,12.54375043693939184096857952,12.51132538369214725552725524,-0.03242505324724458544132428
v1.3 补充历史（P0 稳健性）,P0 K=10 θ_P=0.015,候选设定,T,-0.44473758193516241507254566,-0.47051340462228609430078526,-0.02577582268712367922823960
v1.3 补充历史（P0 稳健性）,P0 K=10 θ_P=0.015,候选设定,ē,0.3100315955766192733017377567,0.3100315955766192733017377567,0E-28
v1.3 补充历史（P0 稳健性）,P0 K=10 θ_P=0.015,候选设定,同暴露基准,12.98848801887455425604112518,12.98183878831443334982804050,-0.00664923056012090621308468
v1.3 补充历史（P0 稳健性）,P0 K=10 θ_P=0.02,候选设定,危险项,4.648567858240917719136160380,4.619999470697133133756577169,-0.028568387543784585379583211
v1.3 补充历史（P0 稳健性）,P0 K=10 θ_P=0.02,候选设定,回撤项,0.09529804315927605588369123811,0.09471718370542282799856815440,-0.00058085945385322788512308371
v1.3 补充历史（P0 稳健性）,P0 K=10 θ_P=0.02,候选设定,机会项,6.341324445788847732388439987,6.342269403209676855378852387,0.000944957420829122990412400
v1.3 补充历史（P0 稳健性）,P0 K=10 θ_P=0.02,候选设定,切换项,1.4200,1.4200,0.0000
v1.3 补充历史（P0 稳健性）,P0 K=10 θ_P=0.02,候选设定,漏报罚项,0,0,0
v1.3 补充历史（P0 稳健性）,P0 K=10 θ_P=0.02,候选设定,主损失 L,12.50519034718904150740829161,12.47698605761223281713399771,-0.02820428957680869027429390
v1.3 补充历史（P0 稳健性）,P0 K=10 θ_P=0.02,候选设定,T,-0.90556128810576567497105928,-0.92614670855935278730884700,-0.02058542045358711233778772
v1.3 补充历史（P0 稳健性）,P0 K=10 θ_P=0.02,候选设定,ē,0.3364928909952606635071090047,0.3364928909952606635071090047,0E-28
v1.3 补充历史（P0 稳健性）,P0 K=10 θ_P=0.02,候选设定,同暴露基准,13.41075163529480718237935089,13.40313276617158560444284471,-0.00761886912322157793650618
v1.3 补充历史（P0 稳健性）,P0 K=10 θ_P=0.025,候选设定,危险项,4.991806998556636033195641924,4.963238611012851447816058713,-0.028568387543784585379583211
v1.3 补充历史（P0 稳健性）,P0 K=10 θ_P=0.025,候选设定,回撤项,0.1098707175860174212180804664,0.1092898581321641933329573827,-0.0005808594538532278851230837
v1.3 补充历史（P0 稳健性）,P0 K=10 θ_P=0.025,候选设定,机会项,6.100630248812162612770154763,6.101575206232991735760567163,0.000944957420829122990412400
v1.3 补充历史（P0 稳健性）,P0 K=10 θ_P=0.025,候选设定,切换项,1.2650,1.2650,0.0000
v1.3 补充历史（P0 稳健性）,P0 K=10 θ_P=0.025,候选设定,漏报罚项,0,0,0
v1.3 补充历史（P0 稳健性）,P0 K=10 θ_P=0.025,候选设定,主损失 L,12.46730796495481606718387710,12.43910367537800737690958320,-0.02820428957680869027429390
v1.3 补充历史（P0 稳健性）,P0 K=10 θ_P=0.025,候选设定,T,-1.67137572551221817477853453,-1.69028960486075860675728967,-0.01891387934854043197875514
v1.3 补充历史（P0 稳健性）,P0 K=10 θ_P=0.025,候选设定,ē,0.3821090047393364928909952607,0.3821090047393364928909952607,0E-28
v1.3 补充历史（P0 稳健性）,P0 K=10 θ_P=0.025,候选设定,同暴露基准,14.13868369046703424196241163,14.12939328023876598366687287,-0.00929041022826825829553876
v1.4 补充历史（纯价格版）,始终绿,参照行,危险项,23.75876053944512012446245140,23.72740920461143642373423077,-0.03135133483368370072822063
v1.4 补充历史（纯价格版）,始终绿,参照行,回撤项,0.2400937165366261063977829735,0.2395128570827728785126598898,-0.0005808594538532278851230837
v1.4 补充历史（纯价格版）,始终绿,参照行,机会项,0E-34,0E-34,0E-34
v1.4 补充历史（纯价格版）,始终绿,参照行,切换项,0,0,0
v1.4 补充历史（纯价格版）,始终绿,参照行,漏报罚项,0,0,0
v1.4 补充历史（纯价格版）,始终绿,参照行,主损失 L,23.99885425598174623086023436,23.96692206169420930224689065,-0.03193219428753692861334371
v1.4 补充历史（纯价格版）,始终绿,参照行,T,0E-26,0E-26,0E-26
v1.4 补充历史（纯价格版）,始终绿,参照行,ē,1,1,0
v1.4 补充历史（纯价格版）,始终绿,参照行,同暴露基准,23.99885425598174623086023436,23.96692206169420930224689065,-0.03193219428753692861334371
v1.4 补充历史（纯价格版）,始终黄,参照行,危险项,11.87938026972256006223122575,11.86370460230571821186711544,-0.01567566741684185036411031
v1.4 补充历史（纯价格版）,始终黄,参照行,回撤项,0.1200468582683130531988914869,0.1197564285413864392563299450,-0.0002904297269266139425615419
v1.4 补充历史（纯价格版）,始终黄,参照行,机会项,4.020535510258929761039165695,4.022891240292556078849682120,0.002355730033626317810516425
v1.4 补充历史（纯价格版）,始终黄,参照行,切换项,0,0,0
v1.4 补充历史（纯价格版）,始终黄,参照行,漏报罚项,0,0,0
v1.4 补充历史（纯价格版）,始终黄,参照行,主损失 L,16.01996263824980287646928307,16.00635227113966072997312764,-0.01361036711014214649615543
v1.4 补充历史（纯价格版）,始终黄,参照行,T,1.8E-25,1.9E-25,1E-26
v1.4 补充历史（纯价格版）,始终黄,参照行,ē,0.5,0.5,0.0
v1.4 补充历史（纯价格版）,始终黄,参照行,同暴露基准,16.01996263824980287646928289,16.00635227113966072997312745,-0.01361036711014214649615544
v1.4 补充历史（纯价格版）,始终红,参照行,危险项,0E-34,0E-34,0E-34
v1.4 补充历史（纯价格版）,始终红,参照行,回撤项,0E-34,0E-34,0E-34
v1.4 补充历史（纯价格版）,始终红,参照行,机会项,8.041071020517859522078331417,8.045782480585112157699364266,0.004711460067252635621032849
v1.4 补充历史（纯价格版）,始终红,参照行,切换项,0,0,0
v1.4 补充历史（纯价格版）,始终红,参照行,漏报罚项,0,0,0
v1.4 补充历史（纯价格版）,始终红,参照行,主损失 L,8.041071020517859522078331417,8.045782480585112157699364266,0.004711460067252635621032849
v1.4 补充历史（纯价格版）,始终红,参照行,T,0E-27,0E-27,0E-27
v1.4 补充历史（纯价格版）,始终红,参照行,ē,0,0,0
v1.4 补充历史（纯价格版）,始终红,参照行,同暴露基准,8.041071020517859522078331417,8.045782480585112157699364266,0.004711460067252635621032849
v1.4 补充历史（纯价格版）,200日均线,参照行,危险项,7.241513659215477155301123237,7.210162324381793454572902618,-0.031351334833683700728220619
v1.4 补充历史（纯价格版）,200日均线,参照行,回撤项,0.1259544294118886010186393122,0.1253735699580353731335162285,-0.0005808594538532278851230837
v1.4 补充历史（纯价格版）,200日均线,参照行,机会项,5.375291911052754377000160304,5.375291911052754377000160304,0E-27
v1.4 补充历史（纯价格版）,200日均线,参照行,切换项,0.4800,0.4800,0.0000
v1.4 补充历史（纯价格版）,200日均线,参照行,漏报罚项,0,0,0
v1.4 补充历史（纯价格版）,200日均线,参照行,主损失 L,13.22275999968012013331992290,13.19082780539258320470657919,-0.03193219428753692861334371
v1.4 补充历史（纯价格版）,200日均线,参照行,T,-3.46526149439873961168446335,-3.48204926653600497286608926,-0.01678777213726536118162591
v1.4 补充历史（纯价格版）,200日均线,参照行,ē,0.5418641390205371248025276461,0.5418641390205371248025276461,0E-28
v1.4 补充历史（纯价格版）,200日均线,参照行,同暴露基准,16.68802149407885974500438625,16.67287707192858817757266845,-0.01514442215027156743171780
v1.4 补充历史（纯价格版）,v1.4 纯价格版 K=3 θ_P=0.015,候选设定,危险项,4.477445818599923601291951239,4.447210518869047907452073436,-0.030235299730875693839877803
v1.4 补充历史（纯价格版）,v1.4 纯价格版 K=3 θ_P=0.015,候选设定,回撤项,0.1109989068503936002893841091,0.1104180473965403724042610254,-0.0005808594538532278851230837
v1.4 补充历史（纯价格版）,v1.4 纯价格版 K=3 θ_P=0.015,候选设定,机会项,6.425200802989038593454600543,6.422102574585183896816464447,-0.003098228403854696638136096
v1.4 补充历史（纯价格版）,v1.4 纯价格版 K=3 θ_P=0.015,候选设定,切换项,2.4050,2.4050,0.0000
v1.4 补充历史（纯价格版）,v1.4 纯价格版 K=3 θ_P=0.015,候选设定,漏报罚项,0,0,0
v1.4 补充历史（纯价格版）,v1.4 纯价格版 K=3 θ_P=0.015,候选设定,主损失 L,13.41864552843935579503593591,13.38473114085077217667279892,-0.03391438758858361836313699
v1.4 补充历史（纯价格版）,v1.4 纯价格版 K=3 θ_P=0.015,候选设定,T,-1.01310171670740622416121446,-1.03705273596049499862972165,-0.02395101925308877446850719
v1.4 补充历史（纯价格版）,v1.4 纯价格版 K=3 θ_P=0.015,候选设定,ē,0.4004739336492890995260663507,0.4004739336492890995260663507,0E-28
v1.4 补充历史（纯价格版）,v1.4 纯价格版 K=3 θ_P=0.015,候选设定,同暴露基准,14.43174724514676201919715037,14.42178387681126717530252057,-0.00996336833549484389462980
v1.4 补充历史（纯价格版）,v1.4 纯价格版 K=3 θ_P=0.02,候选设定,危险项,4.611853503708474607886044211,4.581618203977598914046166408,-0.030235299730875693839877803
v1.4 补充历史（纯价格版）,v1.4 纯价格版 K=3 θ_P=0.02,候选设定,回撤项,0.1134627314348635816055661254,0.1128818719810103537204430417,-0.0005808594538532278851230837
v1.4 补充历史（纯价格版）,v1.4 纯价格版 K=3 θ_P=0.02,候选设定,机会项,6.343226633785129941989056177,6.344349169051711140517950465,0.001122535266581198528894288
v1.4 补充历史（纯价格版）,v1.4 纯价格版 K=3 θ_P=0.02,候选设定,切换项,2.2600,2.2600,0.0000
v1.4 补充历史（纯价格版）,v1.4 纯价格版 K=3 θ_P=0.02,候选设定,漏报罚项,0,0,0
v1.4 补充历史（纯价格版）,v1.4 纯价格版 K=3 θ_P=0.02,候选设定,主损失 L,13.32854286892846813148066655,13.29884924501032040828455994,-0.02969362391814772319610661
v1.4 补充历史（纯价格版）,v1.4 纯价格版 K=3 θ_P=0.02,候选设定,T,-1.26706786915749651584773559,-1.28642184708879689567445182,-0.01935397793130037982671623
v1.4 补充历史（纯价格版）,v1.4 纯价格版 K=3 θ_P=0.02,候选设定,ē,0.4107424960505529225908372828,0.4107424960505529225908372828,0E-28
v1.4 补充历史（纯价格版）,v1.4 纯价格版 K=3 θ_P=0.02,候选设定,同暴露基准,14.59561073808596464732840214,14.58527109209911730395901176,-0.01033964598684734336939038
v1.4 补充历史（纯价格版）,v1.4 纯价格版 K=3 θ_P=0.025,候选设定,危险项,4.686531847040385867414960278,4.656296547309510173575082475,-0.030235299730875693839877803
v1.4 补充历史（纯价格版）,v1.4 纯价格版 K=3 θ_P=0.025,候选设定,回撤项,0.1109126219923183825794895821,0.1103317625384651546943664984,-0.0005808594538532278851230837
v1.4 补充历史（纯价格版）,v1.4 纯价格版 K=3 θ_P=0.025,候选设定,机会项,6.185148441221247437814069549,6.186270976487828636342963837,0.001122535266581198528894288
v1.4 补充历史（纯价格版）,v1.4 纯价格版 K=3 θ_P=0.025,候选设定,切换项,1.8150,1.8150,0.0000
v1.4 补充历史（纯价格版）,v1.4 纯价格版 K=3 θ_P=0.025,候选设定,漏报罚项,0,0,0
v1.4 补充历史（纯价格版）,v1.4 纯价格版 K=3 θ_P=0.025,候选设定,主损失 L,12.79759291025395168780851941,12.76789928633580396461241280,-0.02969362391814772319610661
v1.4 补充历史（纯价格版）,v1.4 纯价格版 K=3 θ_P=0.025,候选设定,T,-2.12574481371041821578238627,-2.14434623633901359665958133,-0.01860142262859538087719506
v1.4 补充历史（纯价格版）,v1.4 纯价格版 K=3 θ_P=0.025,候选设定,ē,0.4312796208530805687203791469,0.4312796208530805687203791469,0E-28
v1.4 补充历史（纯价格版）,v1.4 纯价格版 K=3 θ_P=0.025,候选设定,同暴露基准,14.92333772396436990359090568,14.91224552267481756127199413,-0.01109220128955234231891155
v1.4 补充历史（纯价格版）,v1.4 纯价格版 K=5 θ_P=0.015,候选设定,危险项,4.161017933089578911870044993,4.130782633358703218030167190,-0.030235299730875693839877803
v1.4 补充历史（纯价格版）,v1.4 纯价格版 K=5 θ_P=0.015,候选设定,回撤项,0.1010078315929325933490278918,0.1004269721390793654639048081,-0.0005808594538532278851230837
v1.4 补充历史（纯价格版）,v1.4 纯价格版 K=5 θ_P=0.015,候选设定,机会项,6.654252648416372698314837813,6.651154420012518001676701717,-0.003098228403854696638136096
v1.4 补充历史（纯价格版）,v1.4 纯价格版 K=5 θ_P=0.015,候选设定,切换项,2.2100,2.2100,0.0000
v1.4 补充历史（纯价格版）,v1.4 纯价格版 K=5 θ_P=0.015,候选设定,漏报罚项,0,0,0
v1.4 补充历史（纯价格版）,v1.4 纯价格版 K=5 θ_P=0.015,候选设定,主损失 L,13.12627841309888420353391072,13.09236402551030058517077373,-0.03391438758858361836313699
v1.4 补充历史（纯价格版）,v1.4 纯价格版 K=5 θ_P=0.015,候选设定,T,-0.92417108886242554635782688,-0.94899767726577686768106542,-0.02482658840335132132323854
v1.4 补充历史（纯价格版）,v1.4 纯价格版 K=5 θ_P=0.015,候选设定,ē,0.3765797788309636650868878357,0.3765797788309636650868878357,0E-28
v1.4 补充历史（纯价格版）,v1.4 纯价格版 K=5 θ_P=0.015,候选设定,同暴露基准,14.05044950196130974989173760,14.04136170277607745285183915,-0.00908779918523229703989845
v1.4 补充历史（纯价格版）,v1.4 纯价格版 K=5 θ_P=0.02,候选设定,危险项,4.281093906454163044669568457,4.250858606723287350829690654,-0.030235299730875693839877803
v1.4 补充历史（纯价格版）,v1.4 纯价格版 K=5 θ_P=0.02,候选设定,回撤项,0.1040841022825473783069920532,0.1035032428286941504218689695,-0.0005808594538532278851230837
v1.4 补充历史（纯价格版）,v1.4 纯价格版 K=5 θ_P=0.02,候选设定,机会项,6.564164033172435127788532155,6.565286568439016326317426443,0.001122535266581198528894288
v1.4 补充历史（纯价格版）,v1.4 纯价格版 K=5 θ_P=0.02,候选设定,切换项,2.0850,2.0850,0.0000
v1.4 补充历史（纯价格版）,v1.4 纯价格版 K=5 θ_P=0.02,候选设定,漏报罚项,0,0,0
v1.4 补充历史（纯价格版）,v1.4 纯价格版 K=5 θ_P=0.02,候选设定,主损失 L,13.03434204190914555076509269,13.00464841799099782756898608,-0.02969362391814772319610661
v1.4 补充历史（纯价格版）,v1.4 纯价格版 K=5 θ_P=0.02,候选设定,T,-1.19572705808167477227051704,-1.21592042461983842015631456,-0.02019336653816364788579752
v1.4 补充历史（纯价格版）,v1.4 纯价格版 K=5 θ_P=0.02,候选设定,ē,0.3878357030015797788309636651,0.3878357030015797788309636651,0E-28
v1.4 补充历史（纯价格版）,v1.4 纯价格版 K=5 θ_P=0.02,候选设定,同暴露基准,14.23006909999082032303560973,14.22056884261083624772530064,-0.00950025737998407531030909
v1.4 补充历史（纯价格版）,v1.4 纯价格版 K=5 θ_P=0.025,候选设定,危险项,4.420926394059508626139815248,4.390691094328632932299937445,-0.030235299730875693839877803
v1.4 补充历史（纯价格版）,v1.4 纯价格版 K=5 θ_P=0.025,候选设定,回撤项,0.1015339928400021792809155100,0.1009531333861489513957924263,-0.0005808594538532278851230837
v1.4 补充历史（纯价格版）,v1.4 纯价格版 K=5 θ_P=0.025,候选设定,机会项,6.396088021620529801129237767,6.397210556887110999658132055,0.001122535266581198528894288
v1.4 补充历史（纯价格版）,v1.4 纯价格版 K=5 θ_P=0.025,候选设定,切换项,1.6100,1.6100,0.0000
v1.4 补充历史（纯价格版）,v1.4 纯价格版 K=5 θ_P=0.025,候选设定,漏报罚项,0,0,0
v1.4 补充历史（纯价格版）,v1.4 纯价格版 K=5 θ_P=0.025,候选设定,主损失 L,12.52854840852004060654996854,12.49885478460189288335386193,-0.02969362391814772319610661
v1.4 补充历史（纯价格版）,v1.4 纯价格版 K=5 θ_P=0.025,候选设定,T,-2.06075988752980086277338545,-2.08012833767846095411836170,-0.01936845014866009134497625
v1.4 补充历史（纯价格版）,v1.4 纯价格版 K=5 θ_P=0.025,候选设定,ē,0.4103475513428120063191153239,0.4103475513428120063191153239,0E-28
v1.4 补充历史（纯价格版）,v1.4 纯价格版 K=5 θ_P=0.025,候选设定,同暴露基准,14.58930829604984146932335399,14.57898312228035383747222363,-0.01032517376948763185113036
v1.4 补充历史（纯价格版）,v1.4 纯价格版 K=10 θ_P=0.015,候选设定,危险项,3.359159100666392142211217257,3.328923800935516448371339454,-0.030235299730875693839877803
v1.4 补充历史（纯价格版）,v1.4 纯价格版 K=10 θ_P=0.015,候选设定,回撤项,0.08700256730934192094052488715,0.08642170785548869305540180344,-0.00058085945385322788512308371
v1.4 补充历史（纯价格版）,v1.4 纯价格版 K=10 θ_P=0.015,候选设定,机会项,6.971743653210781786272573283,6.968645424806927089634437187,-0.003098228403854696638136096
v1.4 补充历史（纯价格版）,v1.4 纯价格版 K=10 θ_P=0.015,候选设定,切换项,1.8600,1.8600,0.0000
v1.4 补充历史（纯价格版）,v1.4 纯价格版 K=10 θ_P=0.015,候选设定,漏报罚项,0,0,0
v1.4 补充历史（纯价格版）,v1.4 纯价格版 K=10 θ_P=0.015,候选设定,主损失 L,12.27790532118651584942431543,12.24399093359793223106117844,-0.03391438758858361836313699
v1.4 补充历史（纯价格版）,v1.4 纯价格版 K=10 θ_P=0.015,候选设定,T,-0.87444619062724103474806152,-0.90133507000435124742335324,-0.02688887937711021267529172
v1.4 补充历史（纯价格版）,v1.4 纯价格版 K=10 θ_P=0.015,候选设定,ē,0.3203001579778830963665086888,0.3203001579778830963665086888,0E-28
v1.4 补充历史（纯价格版）,v1.4 纯价格版 K=10 θ_P=0.015,候选设定,同暴露基准,13.15235151181375688417237695,13.14532600360228347848453168,-0.00702550821147340568784527
v1.4 补充历史（纯价格版）,v1.4 纯价格版 K=10 θ_P=0.02,候选设定,危险项,3.584527136491051435010382463,3.554291836760175741170504660,-0.030235299730875693839877803
v1.4 补充历史（纯价格版）,v1.4 纯价格版 K=10 θ_P=0.02,候选设定,回撤项,0.09007883799895670589848904859,0.08949797854510347801336596488,-0.00058085945385322788512308371
v1.4 补充历史（纯价格版）,v1.4 纯价格版 K=10 θ_P=0.02,候选设定,机会项,6.887709222819558922949135611,6.888831758086140121478029899,0.001122535266581198528894288
v1.4 补充历史（纯价格版）,v1.4 纯价格版 K=10 θ_P=0.02,候选设定,切换项,1.6800,1.6800,0.0000
v1.4 补充历史（纯价格版）,v1.4 纯价格版 K=10 θ_P=0.02,候选设定,漏报罚项,0,0,0
v1.4 补充历史（纯价格版）,v1.4 纯价格版 K=10 θ_P=0.02,候选设定,主损失 L,12.24231519730956706385800714,12.21262157339141934066190053,-0.02969362391814772319610661
v1.4 补充历史（纯价格版）,v1.4 纯价格版 K=10 θ_P=0.02,候选设定,T,-1.16213399594911694051629560,-1.18422322296140279729415605,-0.02208922701228585677786045
v1.4 补充历史（纯价格版）,v1.4 纯价格版 K=10 θ_P=0.02,候选设定,ē,0.3360979462875197472353870458,0.3360979462875197472353870458,0E-28
v1.4 补充历史（纯价格版）,v1.4 纯价格版 K=10 θ_P=0.02,候选设定,同暴露基准,13.40444919325868400437430274,13.39684479635282213795605658,-0.00760439690586186641824616
v1.4 补充历史（纯价格版）,v1.4 纯价格版 K=10 θ_P=0.025,候选设定,危险项,3.655038899826291412633452678,3.624803600095415718793574875,-0.030235299730875693839877803
v1.4 补充历史（纯价格版）,v1.4 纯价格版 K=10 θ_P=0.025,候选设定,回撤项,0.08685610097573064210578809290,0.08627524152187741422066500919,-0.00058085945385322788512308371
v1.4 补充历史（纯价格版）,v1.4 纯价格版 K=10 θ_P=0.025,候选设定,机会项,6.696363478383432087839349921,6.697486013650013286368244209,0.001122535266581198528894288
v1.4 补充历史（纯价格版）,v1.4 纯价格版 K=10 θ_P=0.025,候选设定,切换项,1.3350,1.3350,0.0000
v1.4 补充历史（纯价格版）,v1.4 纯价格版 K=10 θ_P=0.025,候选设定,漏报罚项,0,0,0
v1.4 补充历史（纯价格版）,v1.4 纯价格版 K=10 θ_P=0.025,候选设定,主损失 L,11.77325847918545414257859072,11.74356485526730641938248411,-0.02969362391814772319610661
v1.4 补充历史（纯价格版）,v1.4 纯价格版 K=10 θ_P=0.025,候选设定,T,-1.98097624707806624107588407,-2.00226226602688810859031328,-0.02128601894882186751442921
v1.4 补充历史（纯价格版）,v1.4 纯价格版 K=10 θ_P=0.025,候选设定,ē,0.3580173775671406003159557662,0.3580173775671406003159557662,0E-28
v1.4 补充历史（纯价格版）,v1.4 纯价格版 K=10 θ_P=0.025,候选设定,同暴露基准,13.75423472626352038365447479,13.74582712129419452797279739,-0.00840760496932585568167740
