version,item,rank,development_labels,cutoff_labels,same
v1.3 补充历史（P0 稳健性）,主损失 L,1,P0 K=10 θ_P=0.025,P0 K=10 θ_P=0.025,是
v1.3 补充历史（P0 稳健性）,主损失 L,2,P0 K=10 θ_P=0.02,P0 K=10 θ_P=0.02,是
v1.3 补充历史（P0 稳健性）,主损失 L,3,P0 K=10 θ_P=0.015,P0 K=10 θ_P=0.015,是
v1.3 补充历史（P0 稳健性）,主损失 L,4,P0 K=5 θ_P=0.02,P0 K=5 θ_P=0.02,是
v1.3 补充历史（P0 稳健性）,主损失 L,5,P0 K=5 θ_P=0.025,P0 K=5 θ_P=0.025,是
v1.3 补充历史（P0 稳健性）,主损失 L,6,P0 K=5 θ_P=0.015,P0 K=5 θ_P=0.015,是
v1.3 补充历史（P0 稳健性）,主损失 L,7,P0 K=3 θ_P=0.02,P0 K=3 θ_P=0.02,是
v1.3 补充历史（P0 稳健性）,主损失 L,8,P0 K=3 θ_P=0.025,P0 K=3 θ_P=0.025,是
v1.3 补充历史（P0 稳健性）,主损失 L,9,P0 K=3 θ_P=0.015,P0 K=3 θ_P=0.015,是
v1.3 补充历史（P0 稳健性）,T,1,P0 K=10 θ_P=0.025,P0 K=10 θ_P=0.025,是
v1.3 补充历史（P0 稳健性）,T,2,P0 K=5 θ_P=0.025,P0 K=5 θ_P=0.025,是
v1.3 补充历史（P0 稳健性）,T,3,P0 K=3 θ_P=0.025,P0 K=3 θ_P=0.025,是
v1.3 补充历史（P0 稳健性）,T,4,P0 K=10 θ_P=0.02,P0 K=10 θ_P=0.02,是
v1.3 补充历史（P0 稳健性）,T,5,P0 K=5 θ_P=0.02,P0 K=5 θ_P=0.02,是
v1.3 补充历史（P0 稳健性）,T,6,P0 K=3 θ_P=0.02,P0 K=3 θ_P=0.02,是
v1.3 补充历史（P0 稳健性）,T,7,P0 K=10 θ_P=0.015,P0 K=10 θ_P=0.015,是
v1.3 补充历史（P0 稳健性）,T,8,P0 K=5 θ_P=0.015,P0 K=5 θ_P=0.015,是
v1.3 补充历史（P0 稳健性）,T,9,P0 K=3 θ_P=0.015,P0 K=3 θ_P=0.015,是
v1.4 补充历史（纯价格版）,主损失 L,1,v1.4 纯价格版 K=10 θ_P=0.025,v1.4 纯价格版 K=10 θ_P=0.025,是
v1.4 补充历史（纯价格版）,主损失 L,2,v1.4 纯价格版 K=10 θ_P=0.02,v1.4 纯价格版 K=10 θ_P=0.02,是
v1.4 补充历史（纯价格版）,主损失 L,3,v1.4 纯价格版 K=10 θ_P=0.015,v1.4 纯价格版 K=10 θ_P=0.015,是
v1.4 补充历史（纯价格版）,主损失 L,4,v1.4 纯价格版 K=5 θ_P=0.025,v1.4 纯价格版 K=5 θ_P=0.025,是
v1.4 补充历史（纯价格版）,主损失 L,5,v1.4 纯价格版 K=3 θ_P=0.025,v1.4 纯价格版 K=3 θ_P=0.025,是
v1.4 补充历史（纯价格版）,主损失 L,6,v1.4 纯价格版 K=5 θ_P=0.02,v1.4 纯价格版 K=5 θ_P=0.02,是
v1.4 补充历史（纯价格版）,主损失 L,7,v1.4 纯价格版 K=5 θ_P=0.015,v1.4 纯价格版 K=5 θ_P=0.015,是
v1.4 补充历史（纯价格版）,主损失 L,8,v1.4 纯价格版 K=3 θ_P=0.02,v1.4 纯价格版 K=3 θ_P=0.02,是
v1.4 补充历史（纯价格版）,主损失 L,9,v1.4 纯价格版 K=3 θ_P=0.015,v1.4 纯价格版 K=3 θ_P=0.015,是
v1.4 补充历史（纯价格版）,T,1,v1.4 纯价格版 K=3 θ_P=0.025,v1.4 纯价格版 K=3 θ_P=0.025,是
v1.4 补充历史（纯价格版）,T,2,v1.4 纯价格版 K=5 θ_P=0.025,v1.4 纯价格版 K=5 θ_P=0.025,是
v1.4 补充历史（纯价格版）,T,3,v1.4 纯价格版 K=10 θ_P=0.025,v1.4 纯价格版 K=10 θ_P=0.025,是
v1.4 补充历史（纯价格版）,T,4,v1.4 纯价格版 K=3 θ_P=0.02,v1.4 纯价格版 K=3 θ_P=0.02,是
v1.4 补充历史（纯价格版）,T,5,v1.4 纯价格版 K=5 θ_P=0.02,v1.4 纯价格版 K=5 θ_P=0.02,是
v1.4 补充历史（纯价格版）,T,6,v1.4 纯价格版 K=10 θ_P=0.02,v1.4 纯价格版 K=10 θ_P=0.02,是
v1.4 补充历史（纯价格版）,T,7,v1.4 纯价格版 K=3 θ_P=0.015,v1.4 纯价格版 K=3 θ_P=0.015,是
v1.4 补充历史（纯价格版）,T,8,v1.4 纯价格版 K=5 θ_P=0.015,v1.4 纯价格版 K=5 θ_P=0.015,是
v1.4 补充历史（纯价格版）,T,9,v1.4 纯价格版 K=10 θ_P=0.015,v1.4 纯价格版 K=10 θ_P=0.015,是
