version,object,danger_gap,drawdown_gap,opportunity_gap,total_loss_gap,score_gap,tolerance,passed
v1.3 补充历史（P0 稳健性）,始终绿,1.075E-26,-1.35E-29,0E-34,7.04E-27,0E-30,1E-10,是
v1.3 补充历史（P0 稳健性）,始终黄,3.7E-28,4.32E-29,-6.62E-28,2.85E-27,-1.0008E-26,1E-10,是
v1.3 补充历史（P0 稳健性）,始终红,0E-34,0E-34,-3.23E-28,-3.23E-28,0E-30,1E-10,是
v1.3 补充历史（P0 稳健性）,200日均线,-2.5E-28,-1.35E-29,0E-32,7.04E-27,1.67E-27,1E-10,是
v1.3 补充历史（P0 稳健性）,P0 K=3 θ_P=0.015,1.09E-27,-1.35E-29,-7.12E-28,1.67E-27,-8.18E-27,1E-10,是
v1.3 补充历史（P0 稳健性）,P0 K=3 θ_P=0.02,1.09E-27,-1.35E-29,-5.015E-28,5.88E-27,1.210E-26,1E-10,是
v1.3 补充历史（P0 稳健性）,P0 K=3 θ_P=0.025,1.09E-27,-1.35E-29,-5.015E-28,5.88E-27,1.243E-26,1E-10,是
v1.3 补充历史（P0 稳健性）,P0 K=5 θ_P=0.015,1.09E-27,-1.35E-29,-7.12E-28,1.67E-27,-2.64E-27,1E-10,是
v1.3 补充历史（P0 稳健性）,P0 K=5 θ_P=0.02,1.09E-27,-1.35E-29,-5.015E-28,5.88E-27,-1.18E-27,1E-10,是
v1.3 补充历史（P0 稳健性）,P0 K=5 θ_P=0.025,1.09E-27,-1.35E-29,-5.015E-28,5.88E-27,1.33E-27,1E-10,是
v1.3 补充历史（P0 稳健性）,P0 K=10 θ_P=0.015,1.09E-27,-3.5E-30,-7.12E-28,1.67E-27,5.79E-27,1E-10,是
v1.3 补充历史（P0 稳健性）,P0 K=10 θ_P=0.02,1.09E-27,-3.5E-30,-5.015E-28,5.88E-27,6.42E-27,1E-10,是
v1.3 补充历史（P0 稳健性）,P0 K=10 θ_P=0.025,1.09E-27,-1.35E-29,-5.015E-28,5.88E-27,6.09E-27,1E-10,是
v1.4 补充历史（纯价格版）,始终绿,1.075E-26,-1.35E-29,0E-34,7.04E-27,0E-30,1E-10,是
v1.4 补充历史（纯价格版）,始终黄,3.7E-28,4.32E-29,-6.62E-28,2.85E-27,-1.0008E-26,1E-10,是
v1.4 补充历史（纯价格版）,始终红,0E-34,0E-34,-3.23E-28,-3.23E-28,0E-30,1E-10,是
v1.4 补充历史（纯价格版）,200日均线,-2.5E-28,-1.35E-29,0E-32,7.04E-27,1.67E-27,1E-10,是
v1.4 补充历史（纯价格版）,v1.4 纯价格版 K=3 θ_P=0.015,4.2E-28,-1.35E-29,-4.30E-28,7.28E-27,6.06E-27,1E-10,是
v1.4 补充历史（纯价格版）,v1.4 纯价格版 K=3 θ_P=0.02,4.2E-28,-1.35E-29,-2.20E-28,1.149E-26,1.097E-26,1E-10,是
v1.4 补充历史（纯价格版）,v1.4 纯价格版 K=3 θ_P=0.025,4.2E-28,-1.35E-29,-2.20E-28,1.149E-26,2.38E-27,1E-10,是
v1.4 补充历史（纯价格版）,v1.4 纯价格版 K=5 θ_P=0.015,4.2E-28,-1.35E-29,-4.30E-28,7.28E-27,4.80E-27,1E-10,是
v1.4 补充历史（纯价格版）,v1.4 纯价格版 K=5 θ_P=0.02,4.2E-28,-1.35E-29,-2.20E-28,1.149E-26,5.56E-27,1E-10,是
v1.4 补充历史（纯价格版）,v1.4 纯价格版 K=5 θ_P=0.025,4.2E-28,-1.35E-29,-2.20E-28,1.149E-26,8.64E-27,1E-10,是
v1.4 补充历史（纯价格版）,v1.4 纯价格版 K=10 θ_P=0.015,4.2E-28,-3.5E-30,-4.30E-28,7.28E-27,2.10E-27,1E-10,是
v1.4 补充历史（纯价格版）,v1.4 纯价格版 K=10 θ_P=0.02,4.2E-28,-3.5E-30,-2.20E-28,1.149E-26,9.70E-27,1E-10,是
v1.4 补充历史（纯价格版）,v1.4 纯价格版 K=10 θ_P=0.025,4.2E-28,-3.5E-30,-2.20E-28,1.149E-26,9.28E-27,1E-10,是
