date,value,source
2025-08-20,2.94,alfred
2025-08-21,2.95,alfred
2025-08-22,2.88,alfred
2025-08-25,2.8,alfred
2025-08-26,2.78,alfred
2025-08-27,2.78,alfred
2025-08-28,2.75,alfred
2025-08-29,2.82,alfred
2025-08-31,2.84,alfred
2025-09-01,2.84,alfred
2025-09-02,2.92,alfred
2025-09-03,2.88,alfred
2025-09-04,2.84,alfred
2025-09-05,2.83,alfred
2025-09-08,2.84,alfred
2025-09-09,2.87,alfred
2025-09-10,2.84,alfred
2025-09-11,2.78,alfred
2025-09-12,2.79,alfred
2025-09-15,2.75,alfred
2025-09-16,2.79,alfred
2025-09-17,2.79,alfred
2025-09-18,2.71,alfred
2025-09-19,2.72,alfred
2025-09-22,2.69,alfred
2025-09-23,2.71,alfred
2025-09-24,2.7,alfred
2025-09-25,2.76,alfred
2025-09-26,2.75,alfred
2025-09-29,2.74,alfred
2025-09-30,2.8,alfred
2025-10-01,2.81,alfred
2025-10-02,2.81,alfred
2025-10-03,2.8,alfred
2025-10-06,2.76,alfred
2025-10-07,2.82,alfred
2025-10-08,2.84,alfred
2025-10-09,2.95,alfred
2025-10-10,3.18,alfred
2025-10-13,3.18,alfred
2025-10-14,3.11,alfred
2025-10-15,2.95,alfred
2025-10-16,3.04,alfred
2025-10-17,3.04,alfred
2025-10-20,2.99,alfred
2025-10-21,2.97,alfred
2025-10-22,3.01,alfred
2025-10-23,2.96,alfred
2025-10-24,2.88,alfred
2025-10-27,2.8,alfred
2025-10-28,2.82,alfred
2025-10-29,2.76,alfred
2025-10-30,2.85,alfred
2025-10-31,2.94,alfred
2025-11-03,3.04,alfred
2025-11-04,3.13,alfred
2025-11-05,3.05,alfred
2025-11-06,3.13,alfred
2025-11-07,3.15,alfred
2025-11-10,3.02,alfred
2025-11-11,3.02,alfred
2025-11-12,3.02,alfred
2025-11-13,3.09,alfred
2025-11-14,3.07,alfred
2025-11-17,3.13,alfred
2025-11-18,3.2,alfred
2025-11-19,3.17,alfred
2025-11-20,3.17,alfred
2025-11-21,3.19,alfred
2025-11-24,3.15,alfred
2025-11-25,3.1,alfred
2025-11-26,3.0,alfred
2025-11-27,3.0,alfred
2025-11-28,2.95,alfred
