file,original_sha256,corrected_sha256,comparison
evaluation_development/alert_ledger_selected.csv,81CF51D2EFFCC736D244AF521D8C42C0F8273FCC90AF1E387B8CEE04FB3FD2EC,F1594CEF30A36F44B2E807B7DED486946A7FFB37F41EF3615E0B41734F4CC20C,有变化
evaluation_development/alert_summary_selected.csv,7EF230CA5DA0C258110ED5F43FC2EA74D443F82E36B4A6DF18A2068DEBF77CB8,410A4199FB3AE3E7353026DD58BF5E9592613E6C8C16509D0DBE665254E80BA8,有变化
evaluation_development/convergence.csv,9D03D3EC7386A454352AFBF391AEF285845BF3F9180AA5B22C86B81AD40FC683,73C2A692DAF7973B746E509FBEA1674405293B8C5C3B65771AF5F907BB3CBF7F,有变化
evaluation_development/daily_selected.csv,4257155AAF6CDD34C4B04E3D6A8C1EEBA26F378E6CCD830645FBE71D4C45F561,BA82944E649BA4B5E6938280B13D1DDD317BF68B5004F11A9F9516B43A213902,有变化
evaluation_development/event_class_summary_selected.csv,0CC68979D60C08C736FAD5B545B4187BD0E3E8381AFD5516C3EFEBD7509AFBD4,0CC68979D60C08C736FAD5B545B4187BD0E3E8381AFD5516C3EFEBD7509AFBD4,无变化
evaluation_development/event_ledger_selected.csv,7EFC0473F6EE988B49368E7EF96C8F855BCDA17FA6228432C6B1BA893188948B,23D162F66A3B46E6D41F3030E29082160915114618C64C3E43575BEFA3C15BF8,有变化
evaluation_development/event_scope_counts.csv,FB936317B8B1376E2C9024E9D156E2E71257F69281AC67F2832C08C83B5EA2A8,FB936317B8B1376E2C9024E9D156E2E71257F69281AC67F2832C08C83B5EA2A8,无变化
evaluation_development/extended_history/bear_markets.csv,F560823F99FEA598DF2EFBFF4A6A574637ADA1EDF825B4CFF2F23E645CB5E804,F560823F99FEA598DF2EFBFF4A6A574637ADA1EDF825B4CFF2F23E645CB5E804,无变化
evaluation_development/extended_history/crossing_events.csv,0322EC04A28E2A75342857D31588C6E392B92457DA4D505AABB2D69337E98A9E,0322EC04A28E2A75342857D31588C6E392B92457DA4D505AABB2D69337E98A9E,无变化
evaluation_development/extended_history/missing_audit.csv,30A2F350CC9001C21041DCF27C0087B27DF0E35F782040D4DD4E65DD90AECD42,30A2F350CC9001C21041DCF27C0087B27DF0E35F782040D4DD4E65DD90AECD42,无变化
evaluation_development/extended_history/price_only_summary.csv,F1849A7D1462732900D00845DB3F3B7F224B3D017C0FCE2BE0D97986EE4EA4B8,F1849A7D1462732900D00845DB3F3B7F224B3D017C0FCE2BE0D97986EE4EA4B8,无变化
evaluation_development/extended_history/reference_rows.csv,37EBE7CCFD1D7C7CB74093EE53B48705558BAA4A25E1124B0EA84BC88490A2E4,37EBE7CCFD1D7C7CB74093EE53B48705558BAA4A25E1124B0EA84BC88490A2E4,无变化
evaluation_development/extended_history/补充历史报告.md,316B631DD03ACF2A8B9EA24FAEB70E0FB805F08B9F993DBB1B123996D5CA469C,316B631DD03ACF2A8B9EA24FAEB70E0FB805F08B9F993DBB1B123996D5CA469C,无变化
evaluation_development/missing_audit.csv,6AB8E746199AE5936936EF39C1DB8034E3FC418239647803BC7AFCB6E8B33BBB,6AB8E746199AE5936936EF39C1DB8034E3FC418239647803BC7AFCB6E8B33BBB,无变化
evaluation_development/README.md,389D9FC8A5D1D2F8BDAE448FAC082D0CBCB7A3E38F05DF16773EDEAF82082F35,4BB6CA17A94F2676F1AA82AE430B3A55492D156BEDD47BB7E50CC038B27525FC,有变化
evaluation_development/reference_rows.csv,8F33F7A78778BDA504165D602B24FBF096A3A47381F14D5DECCD5234323CF84E,8F33F7A78778BDA504165D602B24FBF096A3A47381F14D5DECCD5234323CF84E,无变化
evaluation_development/selection_trace.csv,D9BC8E9B2E2E2E90EBD564D91DA91C612310000845C08C6B33CB49421303B2CC,DE796134C366EF5C34AEEF91742CEE6F2471D33FEA70BC8794B6C7D7822EA1CB,有变化
evaluation_development/settings_summary.csv,3B53E53243C5C34076B9B353BE87D7D71BD69F5904ACA6BA880C382C0AD12942,D957CA7C25A73E77A371D14A1104EF87CA324157431CE409D05D3871EA6467E9,有变化
evaluation_development/yearly_alert_selected.csv,5A991F94AA50F4DB3EA5DCDC3452783C5272704C4AD60DEAD61A29821490076F,96605207471532495FAA5869FECD3521DDE72B707CBE7BB0B1065FD0CCBEFAAD,有变化
evaluation_development/开发期评价报告.md,73972EA6A6E11BC60FF4CBFC8EED8253C04550DFBFFB09F6708E76CF72AF81CC,57141B5B81405606752081B71E05302464B81FB120AE54F611C02A03B1EEF626,有变化
diagnostics_round2/green_events.csv,559DC240E487793A7DDEA2CEF3B4922CC26225B9F03760FA6A2B29F333C805DB,B404709DBFF1EAB35E425F6BBA3A2B9093F8DD4FB8331C1C3356A9C8F72858AC,有变化
diagnostics_round2/green_summary.csv,694DF354DD846DC26FBE63657EEC9B6B5483DE09460A2F3B65491241C2D5822E,871C25D5B4DA581E5182F3F58E19A5BD75DDD29F0F6417C00196572432FCAE7B,有变化
diagnostics_round2/holding_segments.csv,DB648B544D93B1501ED44DC5EE5F5AC216493C494ADC59903E6196D030126DD1,05E94EE196FF1FAB93B9F4BF8A98969AEB9FB8DD2AA2CB605CD66AEB5CB07D0D,有变化
diagnostics_round2/holding_summary.csv,053F2B90C55D681C5D2D964F206545FC81EDE8324950C319BBDB57211144EAD7,571FC9344AB0C301E54772916474FCA8BAEEC20D21ABA3A2DCAC15D700B6B7C2,有变化
diagnostics_round2/nav_daily.csv.gz,5C9EF337F53307AF459E722F73FB68F2390184E8C697B6F95EF6A7D63B8D67EB,8650E77D77D9A27978C025905566BE5019226B77AB93FAC72DE95BB240F86ED7,有变化
diagnostics_round2/nav_metrics.csv,C03FC8D53E403F17CC6583D558920288B0AABB4893999C6B0E3CF5199E3AD34A,5340D7665BB5D9DE339C7F4E3B819695532EE4A181D27965203BFED0CEA746F0,有变化
diagnostics_round2/objects.csv,2130B02B853EF1C6C58E109D950B596971DB46F1378700CE52E904CD2295E597,9A68E34E6D4A7AC6158B7376DA9440753991F76BD9EEB8550C004E4EFA8B8136,有变化
diagnostics_round2/output_hashes.json,C0A1F7E4C6A029ECB3988B4711E5F2C545E94B3E9AEB4CC8317A8B7E1061F05C,989390C67A47C123A3010FBAAC11F30D1ED5EF173573662F1FC283852851DBAB,有变化
diagnostics_round2/switch_by_type.csv,3E71D91BA79DA27FFB04DEFC50BAF20F92C0C39ED227DCB6EADAE371F3EF1A01,8D83F64865CD7825A3F868A99995BFA11648CCD22E4250E6F7B98770DC3F546A,有变化
diagnostics_round2/switch_by_year.csv,6749FA686F6AAEAFA1BE8B50694F7A04CE5F6A95A6C6173D374A4C43CC2B007C,49AB6F38A5DC2E17C26B0B92175CCA46195C9C56B64AE04798594377BE3DDFC2,有变化
diagnostics_round2/switch_reversals.csv,225CA8D3074AC514FE549709B27BEA9869E64CA9E5EB44F28C0DDA274A3595BF,5C54D650293917747D2EB3FB8624E42CB5DA96406544BF61B9EFA5C68367C2D2,有变化
diagnostics_round2/诊断报告.md,C8E8866BFE567E9ADA021C66D1FA6340AC470817123F93D053B321E5EB439F30,EB777E9C85CA92EFF7BFF699B851B8C611C8EDCF74A2EDF7B8150A1DF3389676,有变化
extended_nav/bear_markets.csv,5795F666EDA12C7AC4CEEF669122EEC3454B9FC329F240E2E2D9ACE468DE3E36,5795F666EDA12C7AC4CEEF669122EEC3454B9FC329F240E2E2D9ACE468DE3E36,无变化
extended_nav/nav_daily.csv.gz,73BE36EAF5F2EA633BBDED80B9C47015DCCFC4B59D79E89B33652F00887A7E42,73BE36EAF5F2EA633BBDED80B9C47015DCCFC4B59D79E89B33652F00887A7E42,无变化
extended_nav/nav_metrics.csv,8D386C9CB7785F010967A55E330398910D4E736A3FE49290D10EE59D1E8E932E,8D386C9CB7785F010967A55E330398910D4E736A3FE49290D10EE59D1E8E932E,无变化
extended_nav/output_hashes.json,A8BCE1636D50E8CA162121BEAA588C239771B74DBA1E9BBACE73E3A0EE5AC93F,A8BCE1636D50E8CA162121BEAA588C239771B74DBA1E9BBACE73E3A0EE5AC93F,无变化
extended_nav/price_only_grid_nav.csv,BD411DD1234FB4555A421C09582C63E099D9C5ECF25B4D216FA634BF64C1CBDE,BD411DD1234FB4555A421C09582C63E099D9C5ECF25B4D216FA634BF64C1CBDE,无变化
extended_nav/补充历史净值报告.md,39B4F0626107070DFFB5E25A02ABAD8D8DBF83840017AD4134B72CC9072C16A2,39B4F0626107070DFFB5E25A02ABAD8D8DBF83840017AD4134B72CC9072C16A2,无变化
