object,scope,intervals,cumulative_return,annualized_return,max_drawdown,drawdown_peak_date,drawdown_trough_date,drawdown_decline_days,drawdown_recovery_date,drawdown_recovery_days,days_from_trough_to_window_end,worst_20_return,worst_20_start,worst_20_end,worst_60_return,worst_60_start,worst_60_end,worst_120_return,worst_120_start,worst_120_end,annualized_volatility,switches,exposure_change,mean_exposure,reversed_within_5_share,reversed_within_10_share,switch_on_first_day,switches_excluding_first_day,exposure_change_excluding_first_day
v1.4 纯价格版 K=3 θ_P=0.015,双资产,2532,-0.0066806601583345917279835545,-0.0006669082704235990042300266,0.2903766031647452966813574255,2000-01-03,2000-05-23,98,,,2352,-0.1615228820153167763182570680,2000-04-25,2000-05-23,-0.2002188016086807719612018000,2000-02-28,2000-05-23,-0.2164391699770934677515656291,1999-12-01,2000-05-23,0.1053457621082214328772400309,481,281.0,0.4004739336492890995260663507,0.6985446985446985446985446985,0.8773388773388773388773388773,否,481,281.0
v1.4 纯价格版 K=3 θ_P=0.015,SPX,2532,-0.1237064938231483003811223841,-0.0130568443037840821765792543,0.2304737718153436684950572971,1999-09-07,2000-05-23,180,,,2352,-0.1014174407181841665141162102,2000-04-25,2000-05-23,-0.1493784346764927869139735001,1999-12-22,2000-03-20,-0.2002972021235244466097914770,1999-12-01,2000-05-23,0.07939045208697863348707574342,481,281.0,0.4004739336492890995260663507,0.6985446985446985446985446985,0.8773388773388773388773388773,否,481,281.0
v1.4 纯价格版 K=3 θ_P=0.015,QQQ,2532,0.101982931878817202097685394,0.009711955853408560088025389,0.3626421010330579282048185887,2000-01-03,2000-05-23,98,,,2352,-0.2212689205401929276296265325,2000-04-25,2000-05-23,-0.2871123699683155932394022976,2000-02-28,2000-05-23,-0.2397684352326779853287938574,1999-12-01,2000-05-23,0.1419567435579292458901482249,481,281.0,0.4004739336492890995260663507,0.6985446985446985446985446985,0.8773388773388773388773388773,否,481,281.0
v1.4 纯价格版 K=3 θ_P=0.02,双资产,2532,0.051542550573637690281263408,0.005014530027454048719655071,0.3616991232665270055772060019,2000-01-03,2002-04-03,562,,,1888,-0.1853024776434572034162716385,2000-04-25,2000-05-23,-0.2423878705661558435213754172,2000-02-28,2000-05-23,-0.2927040739284756604219322094,2000-01-03,2000-06-23,0.1075625982069668069600738105,452,261.0,0.4107424960505529225908372828,0.7212389380530973451327433628,0.8738938053097345132743362832,否,452,261.0
v1.4 纯价格版 K=3 θ_P=0.02,SPX,2532,-0.0162854998028654485123839911,-0.0016328402890221381564591069,0.2660347305580539268050335226,1999-09-10,2003-04-16,903,2007-05-07,1020,1626,-0.1135757991671739934962329350,1999-12-31,2000-01-31,-0.1634680447572267730411918064,1999-12-31,2000-03-28,-0.2247382739306333369871627083,1999-12-01,2000-05-23,0.08127869415879734047750117418,452,261.0,0.4107424960505529225908372828,0.7212389380530973451327433628,0.8738938053097345132743362832,否,452,261.0
v1.4 纯价格版 K=3 θ_P=0.02,QQQ,2532,0.099989842639128145170020080,0.009530052741371319449818783,0.4586118136537480649078023628,2000-01-03,2002-04-03,562,,,1888,-0.2636670356750440772956232265,2000-04-25,2000-05-23,-0.3586521976462611918850836296,2000-02-28,2000-05-23,-0.3728869818221376537159345701,2000-01-03,2000-06-23,0.1442351627771524915977097280,452,261.0,0.4107424960505529225908372828,0.7212389380530973451327433628,0.8738938053097345132743362832,否,452,261.0
v1.4 纯价格版 K=3 θ_P=0.025,双资产,2532,0.300604311105187217902526662,0.026503469705188609904593717,0.2553588130250970546281071652,2000-01-03,2000-05-23,98,2004-01-26,921,2352,-0.1384601270398963664317902008,2000-04-25,2000-05-23,-0.1843427916785650125270412603,2000-02-28,2000-05-23,-0.1901540596000220147164498208,2000-01-03,2000-06-23,0.1080655434491208441342315957,363,209.5,0.4312796208530805687203791469,0.6501377410468319559228650138,0.8457300275482093663911845730,是,362,209.0
v1.4 纯价格版 K=3 θ_P=0.025,SPX,2532,0.070423164181735249334993047,0.006796141647634641692437408,0.1868438593178797002086574568,1999-12-31,2000-05-23,99,2004-01-26,921,2352,-0.0922647396543832793379576053,1999-12-31,2000-01-31,-0.1155968474225138384479056463,1999-12-31,2000-03-28,-0.1647140245082055732201075197,1999-12-31,2000-06-22,0.08162326998029004671068137370,363,209.5,0.4312796208530805687203791469,0.6501377410468319559228650138,0.8457300275482093663911845730,是,362,209.0
v1.4 纯价格版 K=3 θ_P=0.025,QQQ,2532,0.544930504343845932426680493,0.044242499478955746529343827,0.3301885082201900536266038080,2000-01-03,2000-05-23,98,2006-04-06,1475,2352,-0.1934185500637399469171313087,2000-04-25,2000-05-23,-0.2742148491102647060990412746,2000-02-28,2000-05-23,-0.2247480279639096124720629746,2000-01-03,2000-06-23,0.1455085916685238633457265318,363,209.5,0.4312796208530805687203791469,0.6501377410468319559228650138,0.8457300275482093663911845730,是,362,209.0
v1.4 纯价格版 K=5 θ_P=0.015,双资产,2532,-0.1308620385073822153013866737,-0.0138618966435828216787831945,0.2794436896698044703270797691,2000-01-03,2006-08-09,1659,,,791,-0.1103960470083540460682207698,2000-04-25,2000-05-23,-0.1748902345622092451535866120,2000-02-28,2000-05-23,-0.2021532409169938326565814615,2000-01-03,2000-06-23,0.09957092895582219103283984724,442,258.0,0.3765797788309636650868878357,0.6742081447963800904977375566,0.8506787330316742081447963801,否,442,258.0
v1.4 纯价格版 K=5 θ_P=0.015,SPX,2532,-0.1935967575754796632146854667,-0.0211874827505851746757846593,0.2472545976139848701735002319,1999-09-07,2009-07-02,2470,,,62,-0.0910830133171118680053055060,1999-12-31,2000-01-31,-0.1367516732415710763166299646,1999-12-22,2000-03-20,-0.1822261551703475237017331678,1999-12-27,2000-06-16,0.07590900876242673663291447595,442,258.0,0.3765797788309636650868878357,0.6742081447963800904977375566,0.8506787330316742081447963801,否,442,258.0
v1.4 纯价格版 K=5 θ_P=0.015,QQQ,2532,-0.0810822620089761998138210082,-0.0083804784701546684982393699,0.3628358221387302517101154247,2000-01-03,2006-08-01,1653,,,797,-0.1591403577729717131374939312,2000-05-01,2000-05-30,-0.2552031035555110294196428960,2000-02-28,2000-05-23,-0.2339726749505628032587450710,2000-01-03,2000-06-23,0.1336149299583971294544500843,442,258.0,0.3765797788309636650868878357,0.6742081447963800904977375566,0.8506787330316742081447963801,否,442,258.0
v1.4 纯价格版 K=5 θ_P=0.02,双资产,2532,-0.0780354873005709293324941721,-0.0080537415802694532099413796,0.3479202797134033708873415084,2000-01-03,2002-04-03,562,,,1888,-0.1356256231262833870119574096,2000-04-25,2000-05-23,-0.2183947713858019873931243862,2000-02-28,2000-05-23,-0.2936293540438780113878206607,2000-01-03,2000-06-23,0.1018124915859644260079808232,417,241.0,0.3878357030015797788309636651,0.6954436450839328537170263789,0.8465227817745803357314148681,否,417,241.0
v1.4 纯价格版 K=5 θ_P=0.02,SPX,2532,-0.0883279603456623690813072821,-0.0091614448048436830199611714,0.2541916838893312527953379571,1999-09-10,2003-04-16,903,,,1626,-0.1038172955368176724146736778,1999-12-31,2000-01-31,-0.1510504317291325275424482175,1999-12-31,2000-03-28,-0.2081190125266824098195858010,1999-12-31,2000-06-22,0.07779560174013134579195536706,417,241.0,0.3878357030015797788309636651,0.6954436450839328537170263789,0.8465227817745803357314148681,否,417,241.0
v1.4 纯价格版 K=5 θ_P=0.02,QQQ,2532,-0.0854655649277872174622671145,-0.0088522603941028494851934270,0.4499953220243081211952487391,2000-01-03,2006-08-23,1669,,,781,-0.1951699759771353416632877630,2000-04-25,2000-05-23,-0.3299450956761195441273320876,2000-02-28,2000-05-23,-0.3765880749383106378853966951,2000-01-03,2000-06-23,0.1359275168236222225928699879,417,241.0,0.3878357030015797788309636651,0.6954436450839328537170263789,0.8465227817745803357314148681,否,417,241.0
v1.4 纯价格版 K=5 θ_P=0.025,双资产,2532,0.123149573042916139932121198,0.011625703838570717760828420,0.2322602944953712398481103155,2000-01-03,2000-05-23,98,2007-05-21,1756,2352,-0.1018299870360602135953336299,2000-04-25,2000-05-23,-0.1650253691685829551357842138,2000-02-28,2000-05-23,-0.1974742775494107760631031799,2000-01-03,2000-06-23,0.1029793067590254296615459856,322,185.5,0.4103475513428120063191153239,0.5962732919254658385093167702,0.7919254658385093167701863354,是,321,185.0
v1.4 纯价格版 K=5 θ_P=0.025,SPX,2532,-0.0208619705082135994428153588,-0.0020960739924127456975202045,0.1864256681860062034674993123,2007-06-04,2009-07-02,525,,,62,-0.0822716259452103844080171196,1999-12-31,2000-01-31,-0.1032658206577578435562912623,2007-10-09,2008-01-04,-0.1571456652303454501952167532,1999-12-31,2000-06-22,0.07868032636968485131014728362,322,185.5,0.4103475513428120063191153239,0.5962732919254658385093167702,0.7919254658385093167701863354,是,321,185.0
v1.4 纯价格版 K=5 θ_P=0.025,QQQ,2532,0.262319954371951164863544029,0.023455577583315852792270090,0.3071534238731379152379030914,2000-01-03,2000-05-23,98,2007-10-31,1870,2352,-0.1501859503139319532810650412,2000-05-01,2000-05-30,-0.2563381192475801446503740198,2000-02-28,2000-05-23,-0.2441722523425780798165846135,2000-01-03,2000-06-23,0.1379938085009548405337626056,322,185.5,0.4103475513428120063191153239,0.5962732919254658385093167702,0.7919254658385093167701863354,是,321,185.0
v1.4 纯价格版 K=10 θ_P=0.015,双资产,2532,-0.1430639558335572360535976133,-0.0152485724895149429749884471,0.2910623042079467215884192714,2000-01-03,2006-08-09,1659,,,791,-0.1214760191627088277660234823,2000-01-03,2000-02-01,-0.1381567043627622781575699548,2000-01-03,2000-03-29,-0.1852460069489142783933061257,2000-01-03,2000-06-23,0.08949168787815867377144203642,372,216.0,0.3203001579778830963665086888,0.6505376344086021505376344086,0.8118279569892473118279569892,否,372,216.0
v1.4 纯价格版 K=10 θ_P=0.015,SPX,2532,-0.1313242624000483335256678526,-0.0139141052694676110259180612,0.1938320173859829443891648048,1999-12-31,2009-07-29,2407,,,44,-0.0951799292598997187026232296,1999-12-31,2000-01-31,-0.1142248064405987839145531658,1999-12-22,2000-03-20,-0.1363113257737926207141529852,1999-11-17,2000-05-10,0.06882002005858546821886564467,372,216.0,0.3203001579778830963665086888,0.6505376344086021505376344086,0.8118279569892473118279569892,否,372,216.0
v1.4 纯价格版 K=10 θ_P=0.015,QQQ,2532,-0.1664936673536217091534311992,-0.0179618164914385748911955009,0.4057956710361941599911546171,2000-01-03,2006-08-08,1658,,,792,-0.1557929647607260267439167249,2000-01-03,2000-02-01,-0.1955958320931737905801525678,2000-02-14,2000-05-10,-0.2528935074259917646823797003,2000-01-03,2000-06-23,0.1185955988474396487169310422,372,216.0,0.3203001579778830963665086888,0.6505376344086021505376344086,0.8118279569892473118279569892,否,372,216.0
v1.4 纯价格版 K=10 θ_P=0.02,双资产,2532,-0.1329888138237346836824101311,-0.0141023254077895701457627570,0.3397053455503605632246804921,2000-01-03,2006-08-23,1669,,,781,-0.1214760191627088277660234814,2000-01-03,2000-02-01,-0.1597686993118026155722456092,2000-01-03,2000-03-29,-0.2354315875864012861082204189,2000-01-03,2000-06-23,0.09213710073247171888849705847,336,193.0,0.3360979462875197472353870458,0.6547619047619047619047619048,0.7916666666666666666666666667,否,336,193.0
v1.4 纯价格版 K=10 θ_P=0.02,SPX,2532,-0.0816299275471143325970099851,-0.0084393136725515434649700333,0.2112396879964352657883457612,1999-12-31,2003-04-16,825,,,1626,-0.0951799292598997187026232300,1999-12-31,2000-01-31,-0.1107591232067568961001186723,1999-11-24,2000-02-22,-0.1326708520522114081545139728,1999-12-31,2000-06-22,0.07120599524883894990611518421,336,193.0,0.3360979462875197472353870458,0.6547619047619047619047619048,0.7916666666666666666666666667,否,336,193.0
v1.4 纯价格版 K=10 θ_P=0.02,QQQ,2532,-0.1936607361518189669021290717,-0.0211952119439870070026576622,0.4796230673322208205997961192,2000-01-03,2006-08-23,1669,,,781,-0.1557929647607260267439167244,2000-01-03,2000-02-01,-0.2346499612100313049109629584,2000-02-14,2000-05-10,-0.3307254643431277559543312715,2000-01-03,2000-06-23,0.1219062337021622702189058799,336,193.0,0.3360979462875197472353870458,0.6547619047619047619047619048,0.7916666666666666666666666667,否,336,193.0
v1.4 纯价格版 K=10 θ_P=0.025,双资产,2532,0.130314374680191793890580621,0.012266144867259270236708848,0.2362104694560476022834395786,2000-01-03,2003-04-16,824,,,1626,-0.0936703154309690867494046151,2000-01-03,2000-02-01,-0.1227328889178462360231994362,2000-02-14,2000-05-10,-0.1826985318661841083152848679,2000-01-03,2000-06-23,0.09325885757778683113172215847,267,152.5,0.3580173775671406003159557662,0.5842696629213483146067415730,0.7153558052434456928838951311,是,266,152.0
v1.4 纯价格版 K=10 θ_P=0.025,SPX,2532,0.079108720771688005614537999,0.007606242649152490443605681,0.1361458366040019388463982698,1999-12-31,2003-04-16,825,2004-01-05,181,1626,-0.0734266035296307959632770909,1999-12-31,2000-01-31,-0.0792997535382406851593148733,2007-10-09,2008-01-04,-0.0944522355857174888022054914,1999-12-31,2000-06-22,0.07165431356585473577653724134,267,152.5,0.3580173775671406003159557662,0.5842696629213483146067415730,0.7153558052434456928838951311,是,266,152.0
v1.4 纯价格版 K=10 θ_P=0.025,QQQ,2532,0.165879030143729613690530022,0.015392052317291448690162878,0.3361264705820131073360304527,2000-01-03,2003-04-16,824,,,1626,-0.1295554632758970250250729453,2000-03-27,2000-04-25,-0.2072073366370185134715261979,2000-02-14,2000-05-10,-0.2673920451852397091468707964,2000-01-03,2000-06-23,0.1236857528856679297611638301,267,152.5,0.3580173775671406003159557662,0.5842696629213483146067415730,0.7153558052434456928838951311,是,266,152.0
