start,end,period,source,start_symbol,end_symbol,sessions,spx_top,qqq_top,spx_bottom,qqq_bottom,spx_max_drawdown_pct,qqq_max_drawdown_pct,member_count,members
2008-08-11,2008-10-10,开发期,双指数,SPX,SPX+QQQ,44,2008-08-11,2008-08-14,2008-10-10,2008-10-10,-31.11114515980755676768914902,-35.08808290155440414507772021,4,SPX:2008-08-11→2008-09-17|QQQ:2008-08-14→2008-10-10|SPX:2008-09-19→2008-09-29|SPX:2008-09-30→2008-10-10
2008-10-13,2008-10-15,开发期,双指数,SPX+QQQ,SPX+QQQ,3,2008-10-13,2008-10-13,2008-10-15,2008-10-15,-9.519110978222953107091244330,-12.89496157130657557643040137,2,QQQ:2008-10-13→2008-10-15|SPX:2008-10-13→2008-10-15
2008-10-20,2008-10-27,开发期,双指数,SPX+QQQ,SPX+QQQ,6,2008-10-20,2008-10-20,2008-10-27,2008-10-27,-13.85021311142683174345443475,-13.58433734939759036144578313,2,QQQ:2008-10-20→2008-10-27|SPX:2008-10-20→2008-10-27
2008-11-04,2008-11-20,开发期,双指数,SPX+QQQ,SPX+QQQ,13,2008-11-04,2008-11-04,2008-11-20,2008-11-20,-25.18617946805866268953517276,-24.26666666666666666666666667,3,SPX:2008-11-04→2008-11-12|QQQ:2008-11-04→2008-11-20|SPX:2008-11-13→2008-11-20
2008-11-26,2008-12-01,开发期,双指数,QQQ,SPX+QQQ,3,2008-11-28,2008-11-26,2008-12-01,2008-12-01,-8.929527805052218155851111310,-8.245315161839863713798977850,2,QQQ:2008-11-26→2008-12-01|SPX:2008-11-28→2008-12-01
2008-12-16,2008-12-23,开发期,SPX,SPX,SPX,6,2008-12-16,,2008-12-23,,-5.477561926454806281346503430,,1,SPX:2008-12-16→2008-12-23
2009-01-06,2009-01-20,开发期,双指数,SPX+QQQ,SPX+QQQ,10,2009-01-06,2009-01-06,2009-01-20,2009-01-20,-13.85257301808066759388038943,-10.75646345355888924353654644,2,QQQ:2009-01-06→2009-01-20|SPX:2009-01-06→2009-01-20
2009-01-28,2009-02-02,开发期,SPX,SPX,SPX,4,2009-01-28,,2009-02-02,,-5.565788419956755025226235280,,1,SPX:2009-01-28→2009-02-02
2009-02-09,2009-03-09,开发期,双指数,SPX+QQQ,SPX+QQQ,20,2009-02-09,2009-02-09,2009-03-09,2009-03-09,-22.22809780546965708307946982,-18.28571428571428571428571429,2,QQQ:2009-02-09→2009-03-09|SPX:2009-02-09→2009-03-09
2009-03-26,2009-03-30,开发期,SPX,SPX,SPX,3,2009-03-26,,2009-03-30,,-5.442691448742885959224839710,,1,SPX:2009-03-26→2009-03-30
2009-06-12,2009-07-10,开发期,SPX,SPX,SPX,20,2009-06-12,,2009-07-10,,-7.089335348389892307204531760,,1,SPX:2009-06-12→2009-07-10
2009-10-19,2009-10-30,开发期,SPX,SPX,SPX,10,2009-10-19,,2009-10-30,,-5.621590112122122942682004900,,1,SPX:2009-10-19→2009-10-30
2010-01-19,2010-02-08,开发期,双指数,SPX+QQQ,SPX,15,2010-01-19,2010-01-19,2010-02-08,2010-02-04,-8.127939629465411265572972360,-8.521141875939042713028546900,2,QQQ:2010-01-19→2010-02-04|SPX:2010-01-19→2010-02-08
2010-04-23,2010-05-07,开发期,双指数,SPX+QQQ,SPX+QQQ,11,2010-04-23,2010-04-23,2010-05-07,2010-05-07,-8.740799158780231335436382750,-10.11480601741884402216943785,2,QQQ:2010-04-23→2010-05-07|SPX:2010-04-23→2010-05-07
2010-05-12,2010-06-09,开发期,双指数,SPX+QQQ,QQQ,20,2010-05-12,2010-05-12,2010-06-07,2010-06-09,-10.34420954705676513011342784,-9.872480460715754833401892230,2,SPX:2010-05-12→2010-06-07|QQQ:2010-05-12→2010-06-09
2010-06-17,2010-07-02,开发期,双指数,QQQ,SPX+QQQ,12,2010-06-18,2010-06-17,2010-07-02,2010-07-02,-8.494778570214136786247997780,-9.734325185972369819341126460,2,QQQ:2010-06-17→2010-07-02|SPX:2010-06-18→2010-07-02
2010-08-09,2010-08-31,开发期,双指数,SPX+QQQ,QQQ,17,2010-08-09,2010-08-09,2010-08-26,2010-08-31,-7.144060507718635561585046860,-7.689039932030586236193712830,2,SPX:2010-08-09→2010-08-26|QQQ:2010-08-09→2010-08-31
2011-02-16,2011-03-16,开发期,双指数,QQQ,SPX+QQQ,20,2011-02-18,2011-02-16,2011-03-16,2011-03-16,-6.413206156320503942636316930,-8.033288043478260869565217390,2,QQQ:2011-02-16→2011-03-16|SPX:2011-02-18→2011-03-16
2011-04-27,2011-06-17,开发期,双指数,QQQ,QQQ,37,2011-04-29,2011-04-27,2011-06-15,2011-06-17,-7.200739214291476301875169590,-9.169199594731509625126646400,2,QQQ:2011-04-27→2011-06-17|SPX:2011-04-29→2011-06-15
2011-07-07,2011-08-08,开发期,双指数,SPX,SPX+QQQ,23,2011-07-07,2011-07-26,2011-08-08,2011-08-08,-17.27435302463753122182645837,-15.16015428475599530437699145,2,SPX:2011-07-07→2011-08-08|QQQ:2011-07-26→2011-08-08
2011-08-15,2011-08-19,开发期,双指数,SPX+QQQ,SPX+QQQ,5,2011-08-15,2011-08-15,2011-08-19,2011-08-19,-6.721516990593529211533512110,-7.965415746872700515084621040,2,QQQ:2011-08-15→2011-08-19|SPX:2011-08-15→2011-08-19
2011-08-31,2011-09-09,开发期,SPX,SPX,SPX,7,2011-08-31,,2011-09-09,,-5.304826522491775303759978340,,1,SPX:2011-08-31→2011-09-09
2011-09-16,2011-10-03,开发期,双指数,SPX,SPX+QQQ,12,2011-09-16,2011-09-19,2011-10-03,2011-10-03,-9.603539444576936044933841000,-9.662603780250839074368486130,2,SPX:2011-09-16→2011-10-03|QQQ:2011-09-19→2011-10-03
2011-10-28,2011-11-25,开发期,双指数,SPX+QQQ,SPX+QQQ,20,2011-10-28,2011-10-28,2011-11-25,2011-11-25,-9.837443291909516065022683240,-10.28164234815066168985408890,2,QQQ:2011-10-28→2011-11-25|SPX:2011-10-28→2011-11-25
2012-04-02,2012-06-01,开发期,双指数,SPX+QQQ,SPX+QQQ,43,2012-04-02,2012-04-02,2012-06-01,2012-06-01,-9.936294959972939452023903480,-11.48717948717948717948717949,2,QQQ:2012-04-02→2012-06-01|SPX:2012-04-02→2012-06-01
2012-09-14,2012-11-15,开发期,双指数,SPX,SPX+QQQ,43,2012-09-14,2012-09-19,2012-11-15,2012-11-15,-7.671053439489142225587916250,-11.88920454545454545454545455,2,SPX:2012-09-14→2012-11-15|QQQ:2012-09-19→2012-11-15
2013-05-21,2013-06-24,开发期,SPX,SPX,SPX,24,2013-05-21,,2013-06-24,,-5.755589637901699058208919460,,1,SPX:2013-05-21→2013-06-24
2014-01-15,2014-02-03,开发期,SPX,SPX,SPX,13,2014-01-15,,2014-02-03,,-5.761261212521234811023707250,,1,SPX:2014-01-15→2014-02-03
2014-03-05,2014-04-11,开发期,QQQ,QQQ,QQQ,28,,2014-03-05,,2014-04-11,,-7.632330331649461893257193060,1,QQQ:2014-03-05→2014-04-11
2014-09-18,2014-10-16,开发期,双指数,SPX+QQQ,QQQ,21,2014-09-18,2014-09-18,2014-10-15,2014-10-16,-7.401459708853710921963248750,-8.466294375747905863581970480,2,SPX:2014-09-18→2014-10-15|QQQ:2014-09-18→2014-10-16
2015-05-21,2015-08-25,开发期,双指数,SPX,SPX+QQQ,67,2015-05-21,2015-07-20,2015-08-25,2015-08-25,-12.35252156446813902629034832,-13.94104228812072293384804352,2,SPX:2015-05-21→2015-08-25|QQQ:2015-07-20→2015-08-25
2015-09-16,2015-09-29,开发期,双指数,SPX,QQQ,10,2015-09-16,2015-09-17,2015-09-28,2015-09-29,-5.690343856343124627250903370,-7.150191356296088863997012970,2,SPX:2015-09-16→2015-09-28|QQQ:2015-09-17→2015-09-29
2015-11-03,2016-02-11,开发期,双指数,SPX,SPX,69,2015-11-03,2015-12-01,2016-02-11,2016-02-09,-13.30511567501978869934922433,-16.35984716915595692948940604,2,SPX:2015-11-03→2016-02-11|QQQ:2015-12-01→2016-02-09
2016-04-18,2016-06-27,开发期,双指数,QQQ,SPX+QQQ,50,2016-06-08,2016-04-18,2016-06-27,2016-06-27,-5.595718977688851976292045750,-8.100332644070844196709520810,2,QQQ:2016-04-18→2016-06-27|SPX:2016-06-08→2016-06-27
2018-01-26,2018-02-08,验证期,双指数,SPX+QQQ,SPX+QQQ,10,2018-01-26,2018-01-26,2018-02-08,2018-02-08,-10.15952688426556022374837706,-10.22640847130404259053413678,2,QQQ:2018-01-26→2018-02-08|SPX:2018-01-26→2018-02-08
2018-03-09,2018-04-02,验证期,双指数,SPX,SPX+QQQ,16,2018-03-09,2018-03-12,2018-04-02,2018-04-02,-7.345589739356987263912264900,-10.66750919117647058823529412,2,SPX:2018-03-09→2018-04-02|QQQ:2018-03-12→2018-04-02
2018-08-29,2018-10-29,验证期,双指数,QQQ,SPX+QQQ,43,2018-09-20,2018-08-29,2018-10-29,2018-10-29,-9.878017572293781455258892770,-12.58969690478740494805612081,2,QQQ:2018-08-29→2018-10-29|SPX:2018-09-20→2018-10-29
2018-11-07,2018-11-23,验证期,双指数,SPX+QQQ,SPX,12,2018-11-07,2018-11-07,2018-11-23,2018-11-20,-6.444104069455451350266001870,-9.351862398906481376010935190,2,QQQ:2018-11-07→2018-11-20|SPX:2018-11-07→2018-11-23
2018-12-03,2018-12-24,验证期,双指数,SPX+QQQ,SPX+QQQ,15,2018-12-03,2018-12-03,2018-12-24,2018-12-24,-15.74235674838820658192282744,-16.72953055184819822433702780,2,QQQ:2018-12-03→2018-12-24|SPX:2018-12-03→2018-12-24
2019-04-30,2019-06-03,验证期,双指数,SPX,SPX+QQQ,24,2019-04-30,2019-05-03,2019-06-03,2019-06-03,-6.836103916383498029417855070,-10.98320339071738789179006855,2,SPX:2019-04-30→2019-06-03|QQQ:2019-05-03→2019-06-03
2019-07-26,2019-08-14,验证期,双指数,SPX+QQQ,SPX,14,2019-07-26,2019-07-26,2019-08-14,2019-08-05,-6.122556892916394016907589910,-7.455578882687285575298274360,2,QQQ:2019-07-26→2019-08-05|SPX:2019-07-26→2019-08-14
2020-02-19,2020-03-12,验证期,双指数,SPX+QQQ,SPX+QQQ,17,2020-02-19,2020-02-19,2020-03-12,2020-03-12,-26.74157967012684021676535298,-25.17512026331335977719638788,3,SPX:2020-02-19→2020-02-28|QQQ:2020-02-19→2020-03-12|SPX:2020-03-04→2020-03-12
2020-03-13,2020-03-16,验证期,双指数,SPX+QQQ,SPX+QQQ,2,2020-03-13,2020-03-13,2020-03-16,2020-03-16,-11.98405028365707372132997912,-11.97878756368930019756680878,2,QQQ:2020-03-13→2020-03-16|SPX:2020-03-13→2020-03-16
2020-03-17,2020-03-23,验证期,SPX,SPX,SPX,5,2020-03-17,,2020-03-23,,-11.53689521151040451686112945,,1,SPX:2020-03-17→2020-03-23
2020-03-26,2020-04-01,验证期,SPX,SPX,SPX,5,2020-03-26,,2020-04-01,,-6.067138897443794271635355710,,1,SPX:2020-03-26→2020-04-01
2020-06-08,2020-06-11,验证期,SPX,SPX,SPX,4,2020-06-08,,2020-06-11,,-7.124449710585665714842577780,,1,SPX:2020-06-08→2020-06-11
2020-09-02,2020-09-23,验证期,双指数,SPX+QQQ,SPX+QQQ,15,2020-09-02,2020-09-02,2020-09-23,2020-09-23,-9.604450352431273109102892060,-12.74937244021667327255912274,2,QQQ:2020-09-02→2020-09-23|SPX:2020-09-02→2020-09-23
2020-10-12,2020-10-30,验证期,双指数,SPX+QQQ,SPX+QQQ,15,2020-10-12,2020-10-12,2020-10-30,2020-10-30,-7.477180254766256769527646840,-8.539028282348147896648898240,2,QQQ:2020-10-12→2020-10-30|SPX:2020-10-12→2020-10-30
2021-02-12,2021-03-08,验证期,QQQ,QQQ,QQQ,16,,2021-02-12,,2021-03-08,,-10.85153811859117253678109675,1,QQQ:2021-02-12→2021-03-08
2021-04-16,2021-05-12,验证期,QQQ,QQQ,QQQ,19,,2021-04-16,,2021-05-12,,-7.344814479108797988362913370,1,QQQ:2021-04-16→2021-05-12
2021-09-02,2021-10-04,验证期,双指数,SPX,SPX+QQQ,22,2021-09-02,2021-09-07,2021-10-04,2021-10-04,-5.212532648585503477005477250,-7.717672921410065164481432050,2,SPX:2021-09-02→2021-10-04|QQQ:2021-09-07→2021-10-04
2021-11-19,2022-01-27,验证期,双指数,QQQ,SPX+QQQ,47,2022-01-03,2021-11-19,2022-01-27,2022-01-27,-9.799731474223193288523441800,-15.56721701032203767419985643,2,QQQ:2021-11-19→2022-01-27|SPX:2022-01-03→2022-01-27
2022-02-02,2022-03-14,验证期,双指数,SPX+QQQ,QQQ,28,2022-02-02,2022-02-02,2022-03-08,2022-03-14,-9.122800901211056831205958100,-13.65573014193058156259328611,2,SPX:2022-02-02→2022-03-08|QQQ:2022-02-02→2022-03-14
2022-03-29,2022-05-24,验证期,双指数,SPX+QQQ,QQQ,40,2022-03-29,2022-03-29,2022-05-19,2022-05-24,-15.77878055099749546592970032,-22.61644979660012392575231014,2,SPX:2022-03-29→2022-05-19|QQQ:2022-03-29→2022-05-24
2022-06-02,2022-06-16,验证期,双指数,SPX+QQQ,SPX+QQQ,11,2022-06-02,2022-06-02,2022-06-16,2022-06-16,-12.21144315531911837235025689,-13.67453400343533303645270055,2,QQQ:2022-06-02→2022-06-16|SPX:2022-06-02→2022-06-16
2022-08-15,2022-10-14,验证期,双指数,QQQ,QQQ,44,2022-08-16,2022-08-15,2022-10-12,2022-10-14,-16.91373223079067174579578185,-21.71380532036269741187773975,4,QQQ:2022-08-15→2022-10-14|SPX:2022-08-16→2022-09-06|SPX:2022-09-12→2022-09-30|SPX:2022-10-04→2022-10-12
2022-10-25,2022-11-03,验证期,QQQ,QQQ,QQQ,8,,2022-10-25,,2022-11-03,,-8.345941381372928468386052570,1,QQQ:2022-10-25→2022-11-03
