key,kind,dates,raw_days,period_start,top_first,S5FI,S5TW,MMFI,MMTW,R2FI,R2TW,NDTW,S5FI_change_5,S5FI_change_10,S5TW_change_5,S5TW_change_10,S5TW_change_20,NDTW_change_5,NDTW_change_10,NDTW_change_20,MMFI_change_10,MMTW_change_10,R2FI_change_10,R2TW_change_10,S5TW_below_60d_high,RSP_SPY_ratio_vs_ma20_pct,ADD_sum_10,HIGN_minus_LOWN,HIGN_minus_LOWN_change_10,SPY_close_vs_ma20_pct,SPY_close_vs_ma50_pct,SPY_ma5_vs_ma20_pct,QQQ_close_vs_ma20_pct,QQQ_close_vs_ma50_pct,QQQ_ma5_vs_ma20_pct,VIX,VIX_change_5,VIX_VIX3M,PCCE,PCCE_ma10,OAS_O1,OAS_change_5,OAS_change_20,HYG_LQD_change_20,UST10Y_change_20,v2m_total_min,v2m_total_max,v2m_price,v2m_breadth,v2m_vix,v2m_rates,v2m_credit,v3r1_total_min,v3r1_total_max,v3r1_price,v3r1_breadth,v3r1_vix,v3r1_rates,v3r1_credit,SPX_drawdown_63,QQQ_drawdown_63,S5FI_effective_days,S5TW_effective_days,MMFI_effective_days,MMTW_effective_days,R2FI_effective_days,R2TW_effective_days,NDTW_effective_days,S5FI_change_5_effective_days,S5FI_change_10_effective_days,S5TW_change_5_effective_days,S5TW_change_10_effective_days,S5TW_change_20_effective_days,NDTW_change_5_effective_days,NDTW_change_10_effective_days,NDTW_change_20_effective_days,MMFI_change_10_effective_days,MMTW_change_10_effective_days,R2FI_change_10_effective_days,R2TW_change_10_effective_days,S5TW_below_60d_high_effective_days,RSP_SPY_ratio_vs_ma20_pct_effective_days,ADD_sum_10_effective_days,HIGN_minus_LOWN_effective_days,HIGN_minus_LOWN_change_10_effective_days,SPY_close_vs_ma20_pct_effective_days,SPY_close_vs_ma50_pct_effective_days,SPY_ma5_vs_ma20_pct_effective_days,QQQ_close_vs_ma20_pct_effective_days,QQQ_close_vs_ma50_pct_effective_days,QQQ_ma5_vs_ma20_pct_effective_days,VIX_effective_days,VIX_change_5_effective_days,VIX_VIX3M_effective_days,PCCE_effective_days,PCCE_ma10_effective_days,OAS_O1_effective_days,OAS_change_5_effective_days,OAS_change_20_effective_days,HYG_LQD_change_20_effective_days,UST10Y_change_20_effective_days,v2m_total_min_effective_days,v2m_total_max_effective_days,v2m_price_effective_days,v2m_breadth_effective_days,v2m_vix_effective_days,v2m_rates_effective_days,v2m_credit_effective_days,v3r1_total_min_effective_days,v3r1_total_max_effective_days,v3r1_price_effective_days,v3r1_breadth_effective_days,v3r1_vix_effective_days,v3r1_rates_effective_days,v3r1_credit_effective_days,SPX_drawdown_63_effective_days,QQQ_drawdown_63_effective_days
2009-06-12,样本组,2009-06-05|2009-06-08|2009-06-09|2009-06-10|2009-06-11,5,2009-06-12,SPX,85.122,78.628,86.104,78.844,,,85.2,-2.256,9.234,-1.858,30.604,10.32,-3.6,32.0,30.6,4.042,14.822,,,-17.742,1.173010867481767359428915020,4869.0,15.4,3.4,2.98686794594266569049622116,7.06699116350640351666356404,2.88343312566368815789744562,5.14209598730422685978717072,8.85870975982027573961791728,4.78779989010901130438375058,28.846000,-1.112000,,0.671,0.68462,10.664000,-0.78,-1.958,0.0198066297003182607707479752,68.800000,5.2,5.2,0,0,2,1.2,2,5.2,5.2,0,0,2,1.2,2,0.00384232698943624700975929888,0.00200545834096750528505446202,5,5,5,5,0,0,5,5,5,5,5,5,5,5,5,5,5,0,0,5,5,5,5,5,5,5,5,5,5,5,5,5,0,5,5,5,5,5,5,5,5,5,5,5,5,5,5,5,5,5,5,5,5,5,5,5
2009-10-19,样本组,2009-10-12|2009-10-13|2009-10-14|2009-10-15|2009-10-16,5,2009-10-19,SPX,84.908,77.102,78.322,67.756,,,77.0,10.902,12.718,23.056,25.07,-9.294,18.4,18.2,-10.6,3.28,8.218,,,-16.248,0.0032414883365086236545509300,4418.8,141.0,99.2,2.44371528946669833670271022,4.76942758007093263968235500,1.508253915526031492982568080,1.592776805678791582754963800,4.52567117638183196551233306,0.975876175331066915558690400,22.402000,-2.502000,0.9071134973567109580649954064,0.529,0.59952,7.824000,-0.318,-0.69,0.01961078135099270347417552822,-3.750000,3,3.4,0,0,1,0.25,1.8,3.2,3.6,0,0,1,0.25,2,0.00217713278861970059901684854,0.00292768150788744299952085372,5,5,5,5,0,0,5,5,5,5,5,5,5,5,5,5,5,0,0,5,5,5,5,5,5,5,5,5,5,5,5,5,5,5,5,5,5,5,5,4,5,5,5,5,5,4,5,5,5,5,5,5,4,5,5,5
2010-01-19,样本组,2010-01-11|2010-01-12|2010-01-13|2010-01-14,4,2010-01-19,同日,85.75,70.05,83.295,75.5075,,,62.25,0.2,4.21,-4.15,-10.685,4.105,-15.5,-26.5,-4.5,8.53,-0.4075,,,-15.1075,0.439080388972574789598793100,3658.75,180.25,-26.25,1.705082143451162713103430225,3.37378490993565992369770305,1.539477622569448996127753825,1.333102553324273110044669425,4.16126877146718460272929160,1.430002870893536392013836800,17.820000,-1.582500,0.8380868270454136244981967325,0.55575,0.546425,6.027500,-0.2725,-1.0975,0.02039461250252881502676141292,23.750000,2.75,2.75,0,0,0.25,0.5,2,2.75,2.75,0,0,0.25,0.5,2,0.002628642173359605224153864925,0.007089151450053705692803437175,4,4,4,4,0,0,4,4,4,4,4,4,4,4,4,4,4,0,0,4,4,4,4,4,4,4,4,4,4,4,4,4,4,4,4,4,4,4,4,4,4,4,4,4,4,4,4,4,4,4,4,4,4,4,4,4
2010-04-23,样本组,2010-04-20|2010-04-21|2010-04-22,3,2010-04-23,同日,88.4,78.86666666666666666666666667,84.30,74.14666666666666666666666667,,,79.66666666666666666666666667,-3.333333333333333333333333333,-3.266666666666666666666666667,-3.2,1.133333333333333333333333333,-7.933333333333333333333333333,1.666666666666666666666666667,10.33333333333333333333333333,-10.33333333333333333333333333,-0.6566666666666666666666666667,2.82,,,-15.93333333333333333333333333,0.7262060847059908977372600333,2997.333333333333333333333333,363.5,213.0,1.679703954730569854647159967,4.979612603599699327248783933,1.313016994959915268252175800,2.301972821640553141490296500,6.41244867887637059919347750,1.816011912306045752836448033,16.17333333333333333333333333,0.280000,0.8382208328432437572841787023,0.7813333333333333333333333333,0.7464333333333333333333333333,5.560000,-0.07666666666666666666666666667,-0.3966666666666666666666666667,0.006348076887658448543621266533,6.333333333333333333333333333,2,2,0,0,0,0,2,2,2,0,0,0,0,2,0.003639604842902770556339597433,0.0031917015759026531019349691,3,3,3,3,0,0,3,3,3,3,3,3,3,3,3,3,3,0,0,3,3,3,2,1,3,3,3,3,3,3,3,3,3,3,3,3,3,3,3,3,3,3,3,3,3,3,3,3,3,3,3,3,3,3,3,3
2011-02-16,样本组,2011-02-09|2011-02-10|2011-02-11|2011-02-14|2011-02-15,5,2011-02-16,QQQ,80.514,78.514,67.964,65.906,,,73.8,2.478,6.274,5.398,17.12,9.282,6.2,20.6,2.8,2.332,14.448,,,-8.076,0.549171704179318372375625460,3449.8,224.4,31.2,2.05920966829570074373036972,4.34529093152018588980691306,1.702645618360047308734753660,2.30885056713348127959148922,4.64990166413161103199183658,1.764763967946219792438108500,15.994000,-0.408000,0.8882212249866625949256142632,0.7992,0.81858,4.570000,-0.236,-0.624,0.01733165800231543931432486258,27.400000,2,2,0,0,0,0,2,2,2,0,0,0,0,2,0.00161183313393690502788264472,0.0006522450126013510512186660,5,5,5,5,0,0,5,5,5,5,5,5,5,5,5,5,5,0,0,5,5,5,5,5,5,5,5,5,5,5,5,5,5,5,5,5,5,5,5,5,5,5,5,5,5,5,5,5,5,5,5,5,5,5,5,5
2011-04-27,样本组,2011-04-20|2011-04-21|2011-04-25|2011-04-26,4,2011-04-27,QQQ,71.9475,70.9975,60.5225,56.51,,,81.0,16.4025,-0.55,21.20,-9.2475,10.00,21.0,-2.0,22.0,-5.23,-16.5075,,,-17.8025,0.332489142763784191382055050,-43.5,200.5,43.5,1.072732306610300492110389850,1.593057729324846589854375200,0.0085729784670701184731557750,2.250049228403244925489230775,2.429028583459187271363443975,0.488649853314991420463186960,15.287500,-1.080000,0.8302772399682073499865455268,0.86025,0.9159,4.687500,0.0475,-0.175,-0.000244676627370123298630162925,-3.250000,2,2,0,0,0,0,2,2,2,0,0,0,0,2,0.004847320570956284763330131575,0.0084493885869565217391304348,4,4,4,4,0,0,4,4,4,4,4,4,4,4,4,4,4,0,0,4,4,4,4,4,4,4,4,4,4,4,4,4,4,4,4,4,4,4,4,4,4,4,4,4,4,4,4,4,4,4,4,4,4,4,4,4
2011-10-28,样本组,2011-10-27,1,2011-10-28,同日,93.4,96.0,82.75,91.76,,,90.0,18.4,23.06,7.2,11.04,60.6,12.0,5.0,57.0,25.26,14.45,,,-2.59,1.390647305980075919695104600,6104.0,165.0,164.0,7.362104006777425830172064800,8.523979386940337543914119000,4.405744118788576865774416900,5.090224019857320154644237900,7.379537857445224575590815500,3.304493790123126099340172700,25.460000,-9.320000,0.9419163891971883092859785424,0.797,0.9401,7.200000,-0.5,-0.72,0.0366531261038502296008477569,43.000000,6,6,0,0,2,2,2,6,6,0,0,2,2,2,0.0018260369558798389979330816,0,1,1,1,1,0,0,1,1,1,1,1,1,1,1,1,1,1,0,0,1,1,1,1,1,1,1,1,1,1,1,1,1,1,1,1,1,1,1,1,1,1,1,1,1,1,1,1,1,1,1,1,1,1,1,1,1
2012-04-02,样本组,2012-03-26|2012-03-27|2012-03-28|2012-03-29|2012-03-30,5,2012-04-02,同日,74.144,69.454,64.954,65.108,,,77.548,-0.96,-5.108,1.044,-3.67,8.02,3.472,4.694,12.86,-3.124,4.628,,,-15.276,-0.342719730065394799864523846,-356.0,76.2,-27.0,1.388155994658097775139198160,3.52511310159998873895584342,1.128928230812308236215083260,2.77561691684124608559853732,6.70533267680384850176134568,2.33252175784512497418758646,15.260000,0.032000,0.8271016204273141477275440366,0.9072,0.86206,5.944000,0.102,-0.054,0.00402147384621971316280739332,24.400000,2,2,0,0,0,0,2,2,2,0,0,0,0,2,0.00511538923127969446032855398,0.00428089722914528661486585546,5,5,5,5,0,0,5,5,5,5,5,5,5,5,5,5,5,0,0,5,5,5,5,5,5,5,5,5,5,5,5,5,5,5,5,5,5,5,5,5,5,5,5,5,5,5,5,5,5,5,5,5,5,5,5,5
2012-09-14,样本组,2012-09-07|2012-09-10|2012-09-11|2012-09-12|2012-09-13,5,2012-09-14,SPX,80.596,78.114,73.752,76.826,,,67.0,9.80,10.686,26.316,19.594,3.722,17.6,5.4,-15.4,11.36,17.29,,,-9.812,0.447984380208507057085720720,4873.2,188.2,157.2,1.857165350100530587134067280,3.98900940911560679246064904,1.016395353930842759607743380,0.972937765093894107316620920,4.39058862749518803429539720,0.796489070226356485860314920,15.384000,-1.940000,0.871233924574978700896663187,0.779,0.85068,5.674000,-0.232,-0.258,0.00937991598692918459279386408,1.000000,2,2,0,0,0,0,2,2,2,0,0,0,0,2,0.00202514743518415489039724044,0.00888824967639867683014526104,5,5,5,5,0,0,5,5,5,5,5,5,5,5,5,5,5,0,0,5,5,5,5,5,5,5,5,5,5,5,5,5,5,5,5,5,5,5,5,5,5,5,5,5,5,5,5,5,5,5,5,5,5,5,5,5
2013-05-21,样本组,2013-05-14|2013-05-15|2013-05-16|2013-05-17|2013-05-20,5,2013-05-21,SPX,90.336,88.974,73.956,77.084,,,83.8,3.624,15.538,4.744,14.02,47.34,0.4,7.8,43.8,14.36,12.07,,,-2.924,0.527271608351110040811021100,5050.4,352.2,146.8,3.28025013378960303571522426,5.16991503004601346822919778,2.48733553135477522643392204,3.52789612517342837442609450,5.88750246520754667824405592,2.91819359951743722440597198,12.824000,0.072000,0.8441421499681223417785592086,0.7974,0.8595,4.370000,0.122,-0.42,0.01591022363431193060087622716,20.800000,2.6,2.6,0,0,0,0.6,2,2.6,2.6,0,0,0,0.6,2,0.00114347296737191798452168228,0.00051328164721327384624715982,5,5,5,5,0,0,5,5,5,5,5,5,5,5,5,5,5,0,0,5,5,5,5,5,5,5,5,5,5,5,5,5,5,5,5,5,5,5,5,5,5,5,5,5,5,5,5,5,5,5,5,5,5,5,5,5
2014-01-15,样本组,2014-01-08|2014-01-09|2014-01-10|2014-01-14,4,2014-01-15,SPX,68.1675,67.865,67.095,63.805,65.55,57.2925,73.5,-3.58,-6.375,-8.315,-13.7325,23.6225,-6.75,-10.25,20.475,-1.9175,-11.1775,-7.385,-21.835,-19.635,0.225668216366568333363799325,2369.25,150.0,-121.5,0.892896262208444503719792800,2.010536292955411077785339900,0.618577498106844701422675025,0.773712727082238209892831925,2.693642012977674306523858725,0.371732797132046337985986450,12.545000,-1.112500,0.8802538507433554420674677835,0.697,0.69825,3.910000,-0.0725,-0.215,-0.0017843345310436151220013854,8.250000,0,0,0,0,0,0,0,0,0,0,0,0,0,0,0.00494627669934428358112056095,0.007276034561164165529786266475,4,4,4,4,4,4,4,4,4,4,4,4,4,4,4,4,4,4,4,4,4,4,4,4,4,4,4,4,4,4,4,4,4,4,4,4,4,4,4,4,4,4,4,4,4,4,4,4,4,4,4,4,4,4,4,4
2014-03-05,样本组,2014-02-26|2014-02-27|2014-02-28|2014-03-03|2014-03-04,5,2014-03-05,QQQ,69.44,85.904,64.088,76.626,61.362,79.17,84.0,6.184,10.128,2.248,13.032,61.288,0.2,5.8,55.0,10.046,17.824,16.582,27.654,-2.51,0.508473430087125927068024540,5005.8,155.2,35.2,2.31339277262446503324081046,2.11799803203907935597389912,1.924446479408507758312251940,2.04093693457748895695678460,3.04228894126580526869704434,1.996463741211198059309826000,14.498000,-0.076000,0.9061170015314386411582382114,0.8476,0.81672,3.838000,-0.088,-0.292,0.00653886266123998975490998216,-3.600000,0,0,0,0,0,0,0,0,0,0,0,0,0,0,0.0018241183867166103099903202,0.00232211350709023676650000898,5,5,5,5,5,5,5,5,5,5,5,5,5,5,5,5,5,5,5,5,5,5,5,5,5,5,5,5,5,5,5,5,5,5,5,5,5,5,5,5,5,5,5,5,5,5,5,5,5,5,5,5,5,5,5,5
2014-09-18,样本组,2014-09-11|2014-09-16|2014-09-17,3,2014-09-18,同日,61.06333333333333333333333333,51.33,49.59333333333333333333333333,41.12333333333333333333333333,46.63666666666666666666666667,38.56666666666666666666666667,55.66666666666666666666666667,-1.133333333333333333333333333,-7.336666666666666666666666667,-12.26666666666666666666666667,-37.26666666666666666666666667,-13.53333333333333333333333333,-15.66666666666666666666666667,-31.0,-19.0,-8.403333333333333333333333333,-31.55666666666666666666666667,-8.043333333333333333333333333,-31.16333333333333333333333333,-39.86,-0.2836708382602399866274127267,-3280.666666666666666666666667,7.333333333333333333333333333,-140.0,0.343700470377913797693992800,1.552927433711296258621591300,0.08837067852447799846685981667,0.2753980082637782291920637833,2.487012542325500244238121300,0.2163038489030091146972683100,12.72666666666666666666666667,-0.280000,0.8648089133730218628787396643,0.9966666666666666666666666667,0.9461,4.056666666666666666666666667,0.1633333333333333333333333333,0.08,0.0006107857249091648132674790667,18.000000,3.666666666666666666666666667,3.666666666666666666666666667,0.3333333333333333333333333333,0.6666666666666666666666666667,0,0.6666666666666666666666666667,2,3.666666666666666666666666667,3.666666666666666666666666667,0.3333333333333333333333333333,0.6666666666666666666666666667,0,0.6666666666666666666666666667,2,0.004172249312234668685550536033,0.0044630961897148947508659739,3,3,3,3,3,3,3,3,3,3,3,3,3,3,3,3,3,3,3,3,3,3,3,3,3,3,3,3,3,3,3,3,3,3,3,3,3,3,3,3,3,3,3,3,3,3,3,3,3,3,3,3,3,3,3,3
2015-05-21,样本组,2015-05-14|2015-05-15|2015-05-18|2015-05-19|2015-05-20,5,2015-05-21,SPX,60.958,64.964,53.966,53.68,46.302,50.826,59.058,11.824,15.352,18.916,25.25,11.342,18.13,16.818,0.934,8.262,18.174,9.54,25.932,-15.804,-0.242397858049146354589348560,1792.2,83.2,83.6,1.018700323830945338929695580,1.763976134333616974645811660,0.517232097924193608969078200,1.012277302478423633777819700,2.15727040713475679706750464,0.313266816746047973335215062,12.716000,-1.176000,0.8245713918426932258753926264,0.8374,0.90102,4.506000,-0.012,-0.098,0.02190858489500013551880061588,31.000000,2,2,0,0,0,0,2,2,2,0,0,0,0,2,0.00044335900807815141837309786,0.00638682829744888728062239912,5,5,5,5,5,5,5,5,5,5,5,5,5,5,5,5,5,5,5,5,5,5,5,5,5,5,5,5,5,5,5,5,5,5,5,5,5,5,5,5,5,5,5,5,5,5,5,5,5,5,5,5,5,5,5,5
2015-11-03,样本组,2015-10-28|2015-10-29|2015-11-02,3,2015-11-03,SPX,79.13666666666666666666666667,73.59333333333333333333333333,64.14,62.40,63.32,65.14333333333333333333333333,79.50333333333333333333333333,9.703333333333333333333333333,20.85666666666666666666666667,-4.023333333333333333333333333,-5.676666666666666666666666667,29.11333333333333333333333333,1.22,2.446666666666666666666666667,40.13,9.523333333333333333333333333,-6.84,9.89,-1.266666666666666666666666667,-12.34666666666666666666666667,-1.094333015025908827584245060,2255.333333333333333333333333,45.0,36.66666666666666666666666667,3.273288220352326149217628800,5.68263599864406468583354140,2.486172038728271400706957067,5.200016837685431093853462133,8.041623698533595125832134933,4.31036165150301317334214690,14.36333333333333333333333333,-1.116666666666666666666666667,0.817311906232062371897557627,0.7556666666666666666666666667,0.8211,5.973333333333333333333333333,-0.06,-0.61,0.0197355655406773116103350687,10.33333333333333333333333333,2.666666666666666666666666667,2.666666666666666666666666667,0,0,0,0.6666666666666666666666666667,2,2.666666666666666666666666667,2.666666666666666666666666667,0,0,0,0.6666666666666666666666666667,2,0.004551258289056386177354915767,0.0005262234695667426767233818667,3,3,3,3,3,3,3,3,3,3,3,3,3,3,3,3,3,3,3,3,3,3,3,3,3,3,3,3,3,3,3,3,3,3,3,3,3,3,3,3,3,3,3,3,3,3,3,3,3,3,3,3,3,3,3,3
2016-04-18,样本组,2016-04-12|2016-04-13|2016-04-14|2016-04-15,4,2016-04-18,QQQ,87.345,66.7125,82.775,71.01,81.69,72.3075,64.28,1.3425,-5.21,13.865,-12.5975,-21.8025,2.535,-14.2525,-15.6675,0.45,0.3825,0.46,0.54,-27.5275,-0.0017975191854312379074793675,2590.75,50.25,-63.25,1.192642711152656788729345600,4.466147762848147605967770075,0.383559949853206965692748600,1.571553699485962038117454575,5.211932568053417209717022425,0.817068676171156228902945975,14.007500,-1.250000,0.8044403131936388860034772592,0.773,0.919675,6.795000,-0.2825,-0.04,-0.00693679257233627668524124955,-16.750000,2,2,0,0,0,0,2,2,2,0,0,0,0,2,0.00158002264902711200938667145,0.00325148846691288685826691575,4,4,4,4,4,4,4,4,4,4,4,4,4,4,4,4,4,4,4,4,4,4,4,4,4,4,4,4,4,4,4,4,4,4,4,4,4,4,4,4,4,4,4,4,4,4,4,4,4,4,4,4,4,4,4,4
cluster_2009-04-17,对照组,2009-04-17|2009-04-24|2009-04-29|2009-04-30|2009-05-01|2009-05-04|2009-05-05|2009-05-06|2009-05-08,9,,,89.80888888888888888888888889,80.66888888888888888888888889,90.89222222222222222222222222,82.95777777777777777777777778,,,76.55555555555555555555555556,3.741111111111111111111111111,5.868888888888888888888888889,4.996666666666666666666666667,1.523333333333333333333333333,-7.234444444444444444444444444,0.1111111111111111111111111111,-1.0,-11.44444444444444444444444444,5.867777777777777777777777778,1.045555555555555555555555556,,,-15.70111111111111111111111111,3.394648842638082599829011478,6051.444444444444444444444444,15.66666666666666666666666667,4.555555555555555555555555556,4.666660933743296553553802889,11.34516819218437572856069119,2.752915828756920880243773878,4.498137685349902120753105644,12.63286162541792402746420681,3.283752572095333379318541278,34.55888888888888888888888889,-2.128888888888888888888888889,,0.6403333333333333333333333333,0.6922777777777777777777777778,13.94444444444444444444444444,-1.123333333333333333333333333,-2.985555555555555555555555556,0.0432554452431026471195930767,34.22222222222222222222222222,7.333333333333333333333333333,7.333333333333333333333333333,2,0,2,1.333333333333333333333333333,2,7.333333333333333333333333333,7.333333333333333333333333333,2,0,2,1.333333333333333333333333333,2,0.0020967497633173935620838016,0.002757964812173086067522586778,9,9,9,9,0,0,9,9,9,9,9,9,9,9,9,9,9,0,0,9,9,9,9,9,9,9,9,9,9,9,9,9,0,9,9,9,9,9,9,9,9,9,9,9,9,9,9,9,9,9,9,9,9,9,9,9
cluster_2009-07-16,对照组,2009-07-16|2009-07-17|2009-07-20|2009-07-21|2009-07-22|2009-07-23|2009-07-24|2009-07-27|2009-07-28|2009-07-29|2009-07-30|2009-07-31|2009-08-03|2009-08-04|2009-08-05|2009-08-06|2009-08-07|2009-08-10|2009-08-12|2009-08-13|2009-08-14|2009-08-20|2009-08-21|2009-08-24|2009-08-25|2009-08-26|2009-08-27|2009-08-28,28,,,86.45928571428571428571428571,85.07464285714285714285714286,83.47642857142857142857142857,80.02857142857142857142857143,,,82.25,10.105,18.50857142857142857142857143,10.61321428571428571428571429,17.99392857142857142857142857,33.49035714285714285714285714,9.25,14.92857142857142857142857143,26.28571428571428571428571429,11.345,11.85785714285714285714285714,,,-7.358571428571428571428571429,1.133100813005356612250819289,6282.571428571428571428571429,53.07142857142857142857142857,16.67857142857142857142857143,4.083261326506136182849455014,6.416240242225584105397826236,3.039172091370693174509632379,4.027310682231903213182205889,7.44948368032131829835445105,3.039331730732630377715720565,24.78535714285714285714285714,-0.5917857142857142857142857143,,0.6098214285714285714285714286,0.6481107142857142857142857143,9.413928571428571428571428571,-0.3475,-1.083571428571428571428571429,0.01445145135505580105738542274,2.821428571428571428571428571,3.607142857142857142857142857,3.607142857142857142857142857,0,0,1.392857142857142857142857143,0.2142857142857142857142857143,2,3.607142857142857142857142857,3.607142857142857142857142857,0,0,1.392857142857142857142857143,0.2142857142857142857142857143,2,0.002071453637630746235443919129,0.002987895941831721056134946971,28,28,28,28,0,0,28,28,28,28,28,28,28,28,28,28,28,0,0,28,28,28,28,28,28,28,28,28,28,28,28,28,0,28,28,28,28,28,28,28,28,28,28,28,28,28,28,28,28,28,28,28,28,28,28,28
cluster_2009-09-08,对照组,2009-09-08|2009-09-09|2009-09-10|2009-09-11|2009-09-14|2009-09-15|2009-09-16|2009-09-17|2009-09-18,9,,,90.23111111111111111111111111,81.48666666666666666666666667,84.77,79.39555555555555555555555556,,,85.66666666666666666666666667,5.678888888888888888888888889,3.376666666666666666666666667,24.97111111111111111111111111,19.78444444444444444444444444,15.35666666666666666666666667,22.88888888888888888888888889,28.11111111111111111111111111,28.77777777777777777777777778,4.881111111111111111111111111,21.43444444444444444444444444,,,-11.86333333333333333333333333,1.263751439276254645989826522,6776.111111111111111111111111,83.22222222222222222222222222,45.11111111111111111111111111,2.908740125345267855634946867,6.810622229662628068821065456,1.632412844861628873488446562,3.651241259834078649121509967,6.982745481350425072458048489,2.218643539491166715552339042,24.020000,-1.986666666666666666666666667,0.9012810851544837980406932931,0.5924444444444444444444444444,0.6324888888888888888888888889,8.656666666666666666666666667,-0.4311111111111111111111111111,-0.2355555555555555555555555556,0.001258321103107430165172002544,-14.44444444444444444444444444,3.111111111111111111111111111,3.111111111111111111111111111,0,0,1.111111111111111111111111111,0,2,3.111111111111111111111111111,3.111111111111111111111111111,0,0,1.111111111111111111111111111,0,2,0.001140271677244224163739299722,0.00002619309550002619309550002222,9,9,9,9,0,0,9,9,9,9,9,9,9,9,9,9,9,0,0,9,9,9,9,9,9,9,9,9,9,9,9,9,1,9,9,9,9,9,9,9,9,9,9,9,9,9,9,9,9,9,9,9,9,9,9,9
cluster_2009-11-09,对照组,2009-11-09|2009-11-10|2009-11-11|2009-11-13|2009-11-16|2009-11-17|2009-11-18|2009-11-23|2009-11-24|2009-11-25|2009-12-01|2009-12-02|2009-12-03|2009-12-04|2009-12-07|2009-12-10|2009-12-11|2009-12-14|2009-12-15|2009-12-16,20,,,69.5975,69.638,58.3795,63.2265,,,70.8,6.308,8.9235,11.6905,15.6635,11.5895,11.85,16.85,12.05,8.61,16.3285,,,-19.6455,0.083055105969242725745352692,3062.15,168.55,71.5,1.70580371750824842691906670,3.153670794489538796590977235,1.004169182749986428727195274,1.854103851450782122085708270,3.393729712291397779919164815,1.125174899217849599097325231,21.868500,-1.636000,0.8826840774109308511243341665,0.61805,0.633915,7.409500,-0.1055,-0.221,-0.00177110806675616829387818701,-2.882352941176470588235294118,3.35,3.5,0,0,1,0.3333333333333333333333333333,2,3.35,3.5,0,0,1,0.3333333333333333333333333333,2,0.00331686116477822076976003868,0.00683856502242152466367713004,20,20,20,20,0,0,20,20,20,20,20,20,20,20,20,20,20,0,0,20,20,20,20,20,20,20,20,20,20,20,20,20,20,20,20,20,20,20,20,17,20,20,20,20,20,18,20,20,20,20,20,20,18,20,20,20
cluster_2010-03-09,对照组,2010-03-09|2010-03-10|2010-03-11|2010-03-12|2010-03-15|2010-03-16|2010-03-17|2010-03-18|2010-03-19|2010-03-22|2010-03-23|2010-03-24,12,,,85.85,89.63333333333333333333333333,82.11583333333333333333333333,81.47166666666666666666666667,,,90.25,7.25,20.96666666666666666666666667,-1.75,4.333333333333333333333333333,37.63333333333333333333333333,-0.8333333333333333333333333333,4.75,34.41666666666666666666666667,12.45333333333333333333333333,0.37,,,-5.166666666666666666666666667,0.5837254906032693201880838167,6441.083333333333333333333333,221.8,14.75,2.88902022768930665193716770,4.024930096254734707761837992,2.424108070625650504425005792,3.741915519845699834586961567,5.301765048886160308795287267,3.097759348017071924293362658,17.42416666666666666666666667,-0.6216666666666666666666666667,0.8654385347118748717878719233,0.7833333333333333333333333333,0.7971666666666666666666666667,6.110833333333333333333333333,-0.2091666666666666666666666667,-0.69,0.01264745560852091278403577282,-0.9166666666666666666666666667,2.333333333333333333333333333,2.333333333333333333333333333,0,0,0.25,0.08333333333333333333333333333,2,2.333333333333333333333333333,2.333333333333333333333333333,0,0,0.25,0.08333333333333333333333333333,2,0.002025778818278592666077276442,0.001200761038817196798995462008,12,12,12,12,0,0,12,12,12,12,12,12,12,12,12,12,12,0,0,12,12,12,5,4,12,12,12,12,12,12,12,12,12,12,12,12,12,12,12,12,12,12,12,12,12,12,12,12,12,12,12,12,12,12,12,12
cluster_2010-09-13,对照组,2010-09-13|2010-09-14|2010-09-15|2010-09-16|2010-09-17|2010-09-20|2010-09-21|2010-09-22|2010-09-24|2010-09-27|2010-09-28|2010-09-29|2010-09-30|2010-10-01|2010-10-05|2010-10-06|2010-10-07|2010-10-08|2010-10-11|2010-10-12|2010-10-13|2010-10-14|2010-10-15|2010-10-18|2010-10-20|2010-10-21|2010-10-22|2010-10-25|2010-10-26|2010-10-27|2010-10-28|2010-10-29|2010-11-01|2010-11-02|2010-11-03|2010-11-04|2010-11-05|2010-11-08|2010-11-10,39,,,85.76487179487179487179487179,81.06897435897435897435897436,80.60564102564102564102564103,75.04769230769230769230769231,,,83.76923076923076923076923077,2.932564102564102564102564103,8.250512820512820512820512821,3.020512820512820512820512821,7.230256410256410256410256410,18.74769230769230769230769231,0.7179487179487179487179487179,6.128205128205128205128205128,17.12820512820512820512820513,5.144358974358974358974358974,2.723846153846153846153846154,,,-13.86461538461538461538461538,0.1432558821684495814063176046,3142.358974358974358974358974,166.8684210526315789473684211,52.45945945945945945945945946,2.357740389177841494983207272,4.540379222440210154911221213,1.799526993980695036285513315,3.608517567230997742264089015,7.180544320197926957141156608,2.806053459964240719121395813,20.74205128205128205128205128,-0.5869230769230769230769230769,0.8780050960102860664751220403,0.7863846153846153846153846154,0.8199487179487179487179487179,6.091794871794871794871794872,-0.09794871794871794871794871795,-0.4253846153846153846153846154,0.01144644415859961077307068156,0.02702702702702702702702702703,3.076923076923076923076923077,3.128205128205128205128205128,0,0,1,0.1052631578947368421052631579,1.974358974358974358974358974,3.102564102564102564102564103,3.153846153846153846153846154,0,0,1,0.1052631578947368421052631579,2,0.002076249341594802458558252105,0.002052268313380313100730657254,39,39,39,39,0,0,39,39,39,39,39,39,39,39,39,39,39,0,0,39,39,39,38,37,39,39,39,39,39,39,39,39,39,39,39,39,39,39,39,37,39,39,39,39,39,38,39,39,39,39,39,39,38,39,39,39
cluster_2010-12-02,对照组,2010-12-02|2010-12-03|2010-12-06|2010-12-07|2010-12-08|2010-12-09|2010-12-10|2010-12-13|2010-12-14|2010-12-15|2010-12-16|2010-12-17|2010-12-20|2010-12-21|2010-12-22|2010-12-23|2010-12-27|2010-12-28|2010-12-29|2010-12-30|2010-12-31|2011-01-03|2011-01-04|2011-01-05|2011-01-06|2011-01-07|2011-01-10|2011-01-11|2011-01-12|2011-01-13|2011-01-14|2011-01-18,32,,,81.008125,76.5259375,68.846875,67.35375,,,75.03125,2.9165625,5.5940625,3.5928125,7.0503125,11.0184375,2.625,5.40625,6.4375,3.8996875,7.22625,,,-13.6215625,0.252314256723037274606296220,1808.6875,200.40625,33.6875,1.890747636028387255148878238,3.849942179199758877690676822,1.40868624716104375690683681,1.841861698820426821539523978,3.911316610447703443220019466,1.354929199700245971138678578,17.1909375,-0.855000,0.8454477149439413070223212828,0.748375,0.76115,5.448125,-0.1309375,-0.353125,0.0143654515283829623590867093,36.38709677419354838709677419,2.5,2.53125,0,0,0.09375,0.3870967741935483870967741935,2,2.5,2.53125,0,0,0.09375,0.3870967741935483870967741935,2,0.001116789769334721617153163409,0.001180941568607897826932244706,32,32,32,32,0,0,32,32,32,32,32,32,32,32,32,32,32,0,0,32,32,32,32,32,32,32,32,32,32,32,32,32,32,32,32,32,32,32,32,31,32,32,32,32,32,31,32,32,32,32,32,32,31,32,32,32
cluster_2012-01-03,对照组,2012-01-03|2012-01-04|2012-01-05|2012-01-06|2012-01-09|2012-01-10|2012-01-11|2012-01-12|2012-01-13|2012-01-17|2012-01-18|2012-01-19|2012-01-20|2012-01-23|2012-01-24|2012-01-25|2012-01-26|2012-01-27|2012-01-30|2012-02-01|2012-02-02|2012-02-03|2012-02-06|2012-02-07|2012-02-08|2012-02-09|2012-02-10|2012-02-13|2012-02-14|2012-02-15|2012-02-16|2012-02-17|2012-02-21|2012-02-22|2012-02-23|2012-02-24|2012-02-27|2012-02-28|2012-02-29|2012-03-01|2012-03-02,41,,,81.12048780487804878048780488,73.84170731707317073170731707,78.36146341463414634146341463,71.16390243902439024390243902,,,77.94414634146341463414634146,1.851951219512195121951219512,5.626097560975609756097560976,-0.7370731707317073170731707317,0.9558536585365853658536585366,3.388048780487804878048780488,1.07,3.721463414634146341463414634,8.643414634146341463414634146,5.473170731707317073170731707,-0.3131707317073170731707317073,,,-16.18487804878048780487804878,0.2660713259195481946311187327,4110.292682926829268292682927,69.29729729729729729729729730,12.21621621621621621621621622,2.134692389487175980875395910,4.712459723813342368959593329,1.68177041291101451363784590,3.159380699282878412887078749,6.121170321675749655147727637,2.425088463568973203614608080,19.22146341463414634146341463,-0.5758536585365853658536585366,0.8522447421515790109591440566,0.8253414634146341463414634146,0.8269414634146341463414634146,6.540487804878048780487804878,-0.1704878048780487804878048780,-0.6273170731707317073170731707,0.00007314462180126732251431204146,0.6585365853658536585365853659,2.804878048780487804878048780,2.804878048780487804878048780,0,0,0.7560975609756097560975609756,0.04878048780487804878048780488,2,2.804878048780487804878048780,2.804878048780487804878048780,0,0,0.7560975609756097560975609756,0.04878048780487804878048780488,2,0.002024703266259655751235176776,0.005412437968759407283195205041,41,41,41,41,0,0,41,41,41,41,41,41,41,41,41,41,41,0,0,41,41,41,37,37,41,41,41,41,41,41,41,41,41,41,41,41,41,41,41,41,41,41,41,41,41,41,41,41,41,41,41,41,41,41,41,41
cluster_2012-07-27,对照组,2012-07-27|2012-07-30|2012-07-31|2012-08-01|2012-08-03|2012-08-06|2012-08-07|2012-08-08|2012-08-09|2012-08-10|2012-08-13|2012-08-14|2012-08-15,13,,,75.49615384615384615384615385,71.66615384615384615384615385,63.07076923076923076923076923,57.59846153846153846153846154,,,75.15384615384615384615384615,8.376923076923076923076923077,13.09230769230769230769230769,12.07692307692307692307692308,15.13384615384615384615384615,7.110769230769230769230769231,17.46153846153846153846153846,29.92307692307692307692307692,26.92307692307692307692307692,5.111538461538461538461538462,9.821538461538461538461538462,,,-16.30384615384615384615384615,0.1221340124093806350828283631,2116.076923076923076923076923,61.0,24.0,2.066914935493102044986009015,3.76775504647792291097288410,1.332095723579738827307859713,2.696562138095393919352102662,4.166670309266054376051409077,1.688074623175288759940570648,16.05538461538461538461538462,-1.466923076923076923076923077,0.8402507174255933449552441923,0.8288461538461538461538461538,0.8593,6.049230769230769230769230769,-0.1346153846153846153846153846,-0.3715384615384615384615384615,-0.003537977431382420822972591338,7.384615384615384615384615385,2.769230769230769230769230769,2.769230769230769230769230769,0,0,0.2307692307692307692307692308,0.5384615384615384615384615385,2,2.769230769230769230769230769,2.769230769230769230769230769,0,0,0.2307692307692307692307692308,0.5384615384615384615384615385,2,0.004589372113353494370155474262,0.009725852839578451193836141592,13,13,13,13,0,0,13,13,13,13,13,13,13,13,13,13,13,0,0,13,13,13,13,13,13,13,13,13,13,13,13,13,13,13,13,13,13,13,13,13,13,13,13,13,13,13,13,13,13,13,13,13,13,13,13,13
cluster_2012-12-18,对照组,2012-12-18,1,,,79.15,86.17,67.19,75.81,,,89.0,13.02,27.25,1.21,13.83,44.38,2.0,9.0,53.0,18.46,5.78,,,0.00,0.696816990844335061453355100,2986.0,160.0,122.0,2.410020500320537657891214500,2.549306485360075961404157300,1.075738469450295528675792000,1.955617517062820286946463700,1.801683284331871957804693700,0.478754777972684167387990500,15.570000,0.000000,0.9262343842950624628197501487,0.869,0.8272,5.310000,-0.10,-0.67,0.0232249315059247960145260016,23.000000,3,3,0,0,0,1,2,3,3,0,0,0,1,2,0.0099972628985903927740522786,0.0546875,1,1,1,1,0,0,1,1,1,1,1,1,1,1,1,1,1,0,0,1,1,1,1,1,1,1,1,1,1,1,1,1,1,1,1,1,1,1,1,1,1,1,1,1,1,1,1,1,1,1,1,1,1,1,1,1
cluster_2013-01-02,对照组,2013-01-02|2013-01-03|2013-01-04|2013-01-07|2013-01-08|2013-01-09|2013-01-10|2013-01-11|2013-01-14|2013-01-15|2013-01-16|2013-01-17|2013-01-18|2013-01-22|2013-01-23|2013-01-24|2013-01-25|2013-01-28|2013-01-29|2013-01-30|2013-01-31|2013-02-01|2013-02-05|2013-02-06|2013-02-07|2013-02-08|2013-02-11|2013-02-12|2013-02-13|2013-02-14|2013-02-15|2013-02-19,32,,,88.006875,81.200625,82.283125,74.6521875,,,77.2171875,3.4984375,5.499375,3.465,2.971875,4.733125,3.6875,2.713125,3.375,5.1496875,0.915,,,-9.685,0.5102244933937232575785813125,4097.40625,235.6875,54.21875,1.776316038805478134397199444,3.842233880687929690266724612,1.282293279981411559089187239,1.122311359014046942532232389,2.442828894927653090573293912,0.7653033205316157414440801447,13.3171875,-1.111875,0.8658263266011260327882383441,0.88809375,0.900840625,4.965000,-0.0478125,-0.259375,0.009481522665232867700450183203,16.781250,2.46875,2.46875,0,0,0,0.46875,2,2.46875,2.46875,0,0,0,0.46875,2,0.001081065598424079035824404534,0.01235591382357743328565243578,32,32,32,32,0,0,32,32,32,32,32,32,32,32,32,32,32,0,0,32,32,32,32,32,32,32,32,32,32,32,32,32,32,32,32,32,32,32,32,32,32,32,32,32,32,32,32,32,32,32,32,32,32,32,32,32
cluster_2013-02-27,对照组,2013-02-27|2013-03-01|2013-03-04|2013-03-05|2013-03-06|2013-03-07|2013-03-08|2013-03-11|2013-03-12|2013-03-13|2013-03-14|2013-03-15|2013-03-18|2013-03-19|2013-03-20|2013-03-22|2013-03-25|2013-03-26|2013-03-27|2013-03-28|2013-04-01|2013-04-02|2013-04-04|2013-04-08|2013-04-09|2013-04-10|2013-04-11|2013-04-12,28,,,76.71607142857142857142857143,70.32571428571428571428571429,65.58,59.63178571428571428571428571,,,65.78571428571428571428571429,2.413928571428571428571428571,-0.9364285714285714285714285714,6.794642857142857142857142857,3.336785714285714285714285714,0.7439285714285714285714285714,7.821428571428571428571428571,4.678571428571428571428571429,0.6428571428571428571428571429,-3.716785714285714285714285714,-0.8410714285714285714285714286,,,-20.46,0.06945947078932182972036364393,2415.821428571428571428571429,204.0357142857142857142857143,3.107142857142857142857142857,1.224938093203173427518863386,2.994049188291558723268204125,0.7888694718114986386958554718,0.8776850281949275540490470439,1.737123588049888455973378896,0.4778124175048904000983114793,13.01107142857142857142857143,-0.8171428571428571428571428571,0.8746267079111860638213478764,0.970,0.9881785714285714285714285714,4.830000,-0.02785714285714285714285714286,-0.1075,0.002460569664520456065610812332,-7.535714285714285714285714286,2.142857142857142857142857143,2.142857142857142857142857143,0.03571428571428571428571428571,0,0.03571428571428571428571428571,0.07142857142857142857142857143,2,2.142857142857142857142857143,2.142857142857142857142857143,0.03571428571428571428571428571,0,0.03571428571428571428571428571,0.07142857142857142857142857143,2,0.002785025067188939582643509114,0.004760424535181545067435695675,28,28,28,28,0,0,28,28,28,28,28,28,28,28,28,28,28,0,0,28,28,28,28,28,28,28,28,28,28,28,28,28,28,28,28,28,28,28,28,28,28,28,28,28,28,28,28,28,28,28,28,28,28,28,28,28
cluster_2013-07-10,对照组,2013-07-10|2013-07-11|2013-07-12|2013-07-15|2013-07-16|2013-07-17|2013-07-18|2013-07-19|2013-07-22|2013-07-23|2013-07-24|2013-07-25|2013-07-26|2013-07-29|2013-07-30|2013-07-31|2013-08-01|2013-08-02|2013-08-05|2013-08-06|2013-08-08|2013-08-13,22,,,78.95,79.88681818181818181818181818,74.345,73.30,,,80.40909090909090909090909091,5.171818181818181818181818182,13.21545454545454545454545455,-0.31,6.808636363636363636363636364,32.81636363636363636363636364,-1.318181818181818181818181818,4.927727272727272727272727273,30.37590909090909090909090909,8.343181818181818181818181818,2.604545454545454545454545455,,,-14.20363636363636363636363636,0.259213066337770659494002270,2434.5,197.2727272727272727272727273,22.59090909090909090909090909,2.033273577353177555774994227,2.71474657097587531745899050,1.680458492600005011177025105,2.473976597011085423968725141,3.233524548940242795127754523,1.947368116453853643388435564,13.13318181818181818181818182,-0.6522727272727272727272727273,0.8729622817822788950355028114,0.8690454545454545454545454545,0.9020954545454545454545454545,4.714545454545454545454545455,-0.09090909090909090909090909091,-0.3686363636363636363636363636,0.01009273137199407184345003035,15.63636363636363636363636364,2.045454545454545454545454545,2.045454545454545454545454545,0,0,0,0.04545454545454545454545454545,2,2.045454545454545454545454545,2.045454545454545454545454545,0,0,0,0.04545454545454545454545454545,2,0.003172250112688142390235790227,0.004181280459426419390150864986,22,22,22,22,0,0,22,22,22,22,22,22,22,22,22,22,22,0,0,22,22,22,22,22,22,22,22,22,22,22,22,22,22,22,22,22,22,22,22,22,22,22,22,22,22,22,22,22,22,22,22,22,22,22,22,22
cluster_2013-09-16,对照组,2013-09-16|2013-09-17|2013-09-18|2013-09-19|2013-09-20,5,,,73.342,88.412,63.652,76.248,,,92.314,11.898,32.306,11.112,55.936,68.182,3.956,41.714,69.514,19.198,37.822,,,-5.778,0.383810957103377710839246240,6350.2,223.2,184.0,2.77421589643419132473747286,2.23684312261278697241722778,2.13877225577116272986138838,2.39626231112519367616448930,3.45201023757698217004525860,1.833124242701071490353207120,13.756000,-0.730000,0.8957277417815161907254163402,0.8464,0.79886,4.582000,-0.044,-0.162,0.0065806603369523892781725412,-7.400000,2,2,0,0,0,0,2,2,2,0,0,0,0,2,0.00416424244265258969848643496,0.00220361725687734763445296046,5,5,5,5,0,0,5,5,5,5,5,5,5,5,5,5,5,0,0,5,5,5,5,5,5,5,5,5,5,5,5,5,5,5,5,5,5,5,5,5,5,5,5,5,5,5,5,5,5,5,5,5,5,5,5,5
cluster_2013-10-14,对照组,2013-10-14|2013-10-16|2013-10-17|2013-10-18|2013-10-21|2013-10-22|2013-10-23|2013-10-24|2013-10-25|2013-10-28|2013-10-29|2013-10-30|2013-10-31|2013-11-01|2013-11-04|2013-11-05|2013-11-06|2013-11-08|2013-11-11|2013-11-12|2013-11-13|2013-11-14|2013-11-15|2013-11-18|2013-11-19|2013-11-20|2013-11-21|2013-11-22|2013-11-25|2013-11-26|2013-11-27|2013-11-29|2013-12-02|2013-12-03|2013-12-04|2013-12-06|2013-12-09|2013-12-10,38,,,77.575,69.96184210526315789473684211,67.31763157894736842105263158,61.49342105263157894736842105,66.83,62.17763157894736842105263158,64.03868421052631578947368421,2.056842105263157894736842105,4.801842105263157894736842105,2.844736842105263157894736842,5.623421052631578947368421053,2.531052631578947368421052632,3.67,5.85,-1.159736842105263157894736842,1.523157894736842105263157895,3.150526315789473684210526316,-3.226551724137931034482758621,-2.499655172413793103448275862,-22.41815789473684210526315789,-0.2168414451556305307045784387,1481.842105263157894736842105,165.5789473684210526315789474,9.342105263157894736842105263,1.695670903140634188042575018,3.609605747352484840031769568,1.293591643004631972441528044,1.937834265597859270752792216,4.363962165334770690353700205,1.41318563199736692660004878,13.33842105263157894736842105,-0.5568421052631578947368421053,0.8875856067581904800526872697,0.7847105263157894736842105263,0.8242894736842105263157894737,4.355526315789473684210526316,-0.06078947368421052631578947368,-0.1992105263157894736842105263,0.002258382102988791028487678729,4.742857142857142857142857143,2.210526315789473684210526316,2.315789473684210526315789474,0,0.02631578947368421052631578947,0,0.2222222222222222222222222222,1.973684210526315789473684211,2.236842105263157894736842105,2.342105263157894736842105263,0,0.02631578947368421052631578947,0,0.2222222222222222222222222222,2,0.002472111545510705918359932918,0.002385422409166547559514119129,38,38,38,38,38,38,38,38,38,38,38,38,38,38,38,38,38,29,29,38,38,38,38,38,38,38,38,38,38,38,38,38,38,38,38,38,38,38,38,35,38,38,38,38,38,36,38,38,38,38,38,38,36,38,38,38
cluster_2014-04-22,对照组,2014-04-22|2014-04-23|2014-04-24|2014-04-29|2014-04-30|2014-05-01|2014-05-02|2014-05-05|2014-05-07|2014-05-08|2014-05-09|2014-05-12|2014-05-13|2014-05-14|2014-05-19|2014-05-21|2014-05-22|2014-05-23|2014-05-27|2014-05-28|2014-05-29|2014-05-30|2014-06-02|2014-06-03|2014-06-04|2014-06-05|2014-06-06|2014-06-09|2014-06-10|2014-06-11|2014-06-13|2014-06-16|2014-06-17|2014-06-18|2014-06-19|2014-06-20|2014-06-23|2014-06-24|2014-06-25|2014-06-26|2014-06-27|2014-06-30|2014-07-01|2014-07-02|2014-07-03|2014-07-07|2014-07-09|2014-07-11|2014-07-14|2014-07-15|2014-07-16|2014-07-18|2014-07-21|2014-07-22|2014-07-23|2014-07-24|2014-07-25|2014-07-28|2014-07-29|2014-07-30,60,,,70.678,65.34016666666666666666666667,55.2875,54.93516666666666666666666667,49.68716666666666666666666667,51.32466666666666666666666667,67.1,2.100166666666666666666666667,2.4665,2.54,2.613166666666666666666666667,3.4175,3.833333333333333333333333333,6.3,11.66666666666666666666666667,2.014833333333333333333333333,2.286333333333333333333333333,1.888333333333333333333333333,2.509833333333333333333333333,-24.48583333333333333333333333,-0.0530941359242729080724763645,2539.366666666666666666666667,99.16666666666666666666666667,12.71666666666666666666666667,0.9799728532537231728157052102,2.139305167479141912264341353,0.7026958945271149018039867567,1.667204505578740304509219803,3.012875651032880922668031108,1.189203865573266275810686976,12.013000,-0.257000,0.8803206943532075534773580992,0.82555,0.8479266666666666666666666667,3.624333333333333333333333333,0.00,-0.0315,-0.00287719767827765232346314918,-4.250000,0.7,0.7,0.2666666666666666666666666667,0.1,0,0.05,0.2833333333333333333333333333,0.6666666666666666666666666667,0.6666666666666666666666666667,0.2333333333333333333333333333,0.1,0,0.05,0.2833333333333333333333333333,0.003192996643628383536480725852,0.01201869676028246331876135059,60,60,60,60,60,60,60,60,60,60,60,60,60,60,60,60,60,60,60,60,60,60,60,60,60,60,60,60,60,60,60,60,60,60,60,60,60,60,60,60,60,60,60,60,60,60,60,60,60,60,60,60,60,60,60,60
cluster_2014-08-18,对照组,2014-08-18|2014-08-19,2,,,56.6,75.0,49.815,67.28,47.885,70.89,83.5,21.205,24.01,43.1,52.805,23.105,42.0,50.5,19.5,18.815,40.22,22.365,43.84,-15.8,0.119457121756385964041414350,6926.5,118.5,145.5,1.373628809712579976161594050,1.062558020794426722842917200,0.376158708623837454205620950,2.412568988006369543705672750,3.724460103075353905639379200,1.131664594872756970689130800,12.265000,-1.915000,0.885558982978215389620105214,0.8895,0.9540,3.930000,-0.23,0.14,0.00287102191813284151506454345,-9.000000,0,0,0,0,0,0,0,0,0,0,0,0,0,0,0.00568919204418555518667189815,0,2,2,2,2,2,2,2,2,2,2,2,2,2,2,2,2,2,2,2,2,2,2,2,2,2,2,2,2,2,2,2,2,2,2,2,2,2,2,2,2,2,2,2,2,2,2,2,2,2,2,2,2,2,2,2,2
cluster_2014-10-30,对照组,2014-10-30|2014-10-31|2014-11-03|2014-11-04|2014-11-05|2014-11-06|2014-11-07|2014-11-10|2014-11-11|2014-11-12|2014-11-13|2014-11-14|2014-11-17|2014-11-18|2014-11-19|2014-11-20|2014-11-21|2014-11-24|2014-11-25|2014-11-26|2014-11-28|2014-12-01|2014-12-02|2014-12-03|2014-12-04|2014-12-05|2014-12-08|2014-12-09,28,,,80.045,80.55607142857142857142857143,63.65285714285714285714285714,63.18321428571428571428571429,68.36892857142857142857142857,62.74392857142857142857142857,84.335,4.942857142857142857142857143,15.1275,-2.154642857142857142857142857,4.195357142857142857142857143,26.36678571428571428571428571,-1.226428571428571428571428571,7.430714285714285714285714286,31.085,9.686428571428571428571428571,-2.405714285714285714285714286,8.111071428571428571428571429,-6.450714285714285714285714286,-12.94821428571428571428571429,0.0743759961895683790789281125,2999.142857142857142857142857,77.35714285714285714285714286,-3.964285714285714285714285714,2.311064631219158779611138793,3.554967350779345478053293579,1.97365989543383599569557085,2.798098527343732424720370236,4.481850848881463126604942257,2.409174427549281969207052118,13.43964285714285714285714286,-0.4446428571428571428571428571,0.8386612988102889033959591125,0.8383571428571428571428571429,0.83735,4.509642857142857142857142857,0.07607142857142857142857142857,0.02785714285714285714285714286,0.00009160428330981214410786476071,-0.9230769230769230769230769231,2.071428571428571428571428571,2.142857142857142857142857143,0,0,0,0.1111111111111111111111111111,1.964285714285714285714285714,2.107142857142857142857142857,2.178571428571428571428571429,0,0,0,0.1111111111111111111111111111,2,0.001633445486133693365759065129,0.002751451573432530416709071632,28,28,28,28,28,28,28,28,28,28,28,28,28,28,28,28,28,28,28,28,28,28,28,28,28,28,28,28,28,28,28,28,28,28,28,28,28,28,28,26,28,28,28,28,28,27,28,28,28,28,28,28,27,28,28,28
cluster_2014-12-18,对照组,2014-12-18|2014-12-19|2014-12-22|2014-12-23|2014-12-24|2014-12-26|2014-12-29|2014-12-30,8,,,80.90625,79.355,64.32125,67.1875,72.08625,76.5775,70.9525,12.00,7.59,35.5225,29.335,2.38375,28.91125,16.53875,-11.11,6.78375,24.7925,10.36,29.94375,-14.235,0.3489206220675188498238445875,2485.0,179.25,252.375,1.082732214654089825552783500,2.80899557019103214324216970,0.103631831683398459308068470,0.3959209915929332130760673875,2.71939250281813069764010740,-0.4130200272996110404144660688,15.400000,-3.742500,0.8659271989345009971875988165,0.751125,0.923425,5.063750,-0.29625,0.4975,-0.01292927459608929768423087459,-5.750000,2,2,0,0,0,0,2,2,2,0,0,0,0,2,0.00176442910806059423474870055,0.01419677388925573059145363644,8,8,8,8,8,8,8,8,8,8,8,8,8,8,8,8,8,8,8,8,8,8,8,8,8,8,8,8,8,8,8,8,8,8,8,8,8,8,8,8,8,8,8,8,8,8,8,8,8,8,8,8,8,8,8,8
cluster_2015-02-12,对照组,2015-02-12|2015-02-13|2015-02-17|2015-02-18|2015-02-19|2015-02-20|2015-02-23|2015-02-24|2015-02-25|2015-02-26|2015-02-27|2015-03-02|2015-03-03|2015-03-04|2015-03-05,15,,,71.30333333333333333333333333,72.872,64.778,65.61666666666666666666666667,60.00,64.128,81.116,2.376666666666666666666666667,11.41533333333333333333333333,-2.616,6.209333333333333333333333333,26.89066666666666666666666667,3.613333333333333333333333333,17.94333333333333333333333333,38.816,7.457333333333333333333333333,3.702666666666666666666666667,6.169333333333333333333333333,4.768666666666666666666666667,-13.098,0.01100950943200657524651513267,2892.2,104.6666666666666666666666667,35.66666666666666666666666667,1.952022635441342880693178627,2.732445099504428976379780587,1.665968475793273296363218853,3.117641539400359254395123393,4.345420690694566585395938413,2.525908962253937794123677707,14.35866666666666666666666667,-1.224666666666666666666666667,0.8265931604633338001155828927,0.8166666666666666666666666667,0.8356733333333333333333333333,4.550000,-0.154,-0.7578571428571428571428571429,0.01938120657890338020024159763,26.33333333333333333333333333,2.266666666666666666666666667,2.266666666666666666666666667,0,0,0,0.2666666666666666666666666667,2,2.266666666666666666666666667,2.266666666666666666666666667,0,0,0,0.2666666666666666666666666667,2,0.002157166341393467264475839473,0.001794637278375060266910572007,15,15,15,15,15,15,15,15,15,15,15,15,15,15,15,15,15,15,15,15,15,15,15,15,15,15,15,15,15,15,15,15,15,15,15,15,15,14,15,15,15,15,15,15,15,15,15,15,15,15,15,15,15,15,15,15
cluster_2015-03-18,对照组,2015-03-18|2015-03-20|2015-03-23,3,,,66.86333333333333333333333333,64.25666666666666666666666667,64.57,62.88,67.85,68.83333333333333333333333333,65.10333333333333333333333333,16.46666666666666666666666667,7.373333333333333333333333333,36.25666666666666666666666667,25.41666666666666666666666667,-16.44666666666666666666666667,32.40,11.84,-23.05,8.213333333333333333333333333,17.50333333333333333333333333,15.77333333333333333333333333,23.83333333333333333333333333,-21.71333333333333333333333333,0.1959313792144177141667334333,2271.0,179.6666666666666666666666667,182.0,0.4801106437852241038473599667,1.840434899902222127139407567,-0.1307549252025910893871916667,0.5619758843858801494134908333,3.068094730498921311753945133,-0.2678829420179390195385180933,13.46666666666666666666666667,-2.693333333333333333333333333,0.8135667683489332534739838037,0.7803333333333333333333333333,0.9308666666666666666666666667,4.796666666666666666666666667,0.1433333333333333333333333333,0.2366666666666666666666666667,-0.0123648057843505495335923961,-16.000000,2,2,0,0,0,0,2,2,2,0,0,0,0,2,0.006320674667082272672173446233,0.0102700067044554153714877796,3,3,3,3,3,3,3,3,3,3,3,3,3,3,3,3,3,3,3,3,3,3,3,3,3,3,3,3,3,3,3,3,3,3,3,3,3,3,3,3,3,3,3,3,3,3,3,3,3,3,3,3,3,3,3,3
cluster_2015-04-10,对照组,2015-04-10|2015-04-15|2015-04-16|2015-04-20|2015-04-21|2015-04-22,6,,,57.07666666666666666666666667,59.64666666666666666666666667,62.42666666666666666666666667,60.79,62.955,57.76333333333333333333333333,62.92166666666666666666666667,-0.70,2.473333333333333333333333333,1.501666666666666666666666667,8.448333333333333333333333333,6.335,9.81,28.035,8.565,3.47,3.428333333333333333333333333,0.785,-2.25,-21.91333333333333333333333333,-0.0435316801964157737546612200,2769.5,62.5,4.0,0.992349802315884255190853300,0.804870582518453086035598000,0.6637334261027054355065303167,1.196472361864668492290954117,1.092069891521220841324012617,0.6503164113340280256958855333,12.880000,-0.8183333333333333333333333333,0.8305839183543659959211683348,0.7841666666666666666666666667,0.8599166666666666666666666667,4.608333333333333333333333333,-0.06333333333333333333333333333,-0.185,0.004706807697857751126007951083,-4.000000,2,2,0,0,0,0,2,2,2,0,0,0,0,2,0.006691414115176388541238663317,0.01324129944535868836472237458,6,6,6,6,6,6,6,6,6,6,6,6,6,6,6,6,6,6,6,6,6,6,6,6,6,6,6,6,6,6,6,6,6,6,6,6,6,6,6,6,6,6,6,6,6,6,6,6,6,6,6,6,6,6,6,6
cluster_2016-06-30,对照组,2016-06-30|2016-07-01|2016-07-06|2016-07-08|2016-07-11|2016-07-12|2016-07-13|2016-07-14|2016-07-15|2016-07-18|2016-07-19|2016-07-20|2016-07-21|2016-07-22|2016-07-25|2016-07-26|2016-07-27|2016-07-28|2016-07-29|2016-08-01|2016-08-02|2016-08-03|2016-08-04|2016-08-05|2016-08-08|2016-08-09|2016-08-10|2016-08-11|2016-08-12|2016-08-15|2016-08-16|2016-08-17|2016-08-18|2016-08-19|2016-08-22|2016-08-23|2016-08-24|2016-08-25|2016-08-26|2016-08-29|2016-08-30|2016-08-31|2016-09-01|2016-09-02|2016-09-06|2016-09-07|2016-09-08,47,,,69.81191489361702127659574468,63.71936170212765957446808511,68.49063829787234042553191489,64.54893617021276595744680851,69.95276595744680851063829787,66.41446808510638297872340426,68.15851063829787234042553191,1.020212765957446808510638298,2.632127659574468085106382979,0.8461702127659574468085106383,2.130851063829787234042553191,1.294255319148936170212765957,1.127446808510638297872340426,3.377021276595744680851063830,4.659148936170212765957446809,4.011063829787234042553191489,4.064042553191489361702127660,4.839787234042553191489361702,5.331276595744680851063829787,-29.22276595744680851063829787,0.1099069212295392031518611564,3198.659574468085106382978723,109.7021276595744680851063830,8.595744680851063829787234043,1.072646444947100018422201668,2.434488670728552669449114496,0.7808047979927062986562566466,1.874092825738077662863255797,4.059567678883940572535635743,1.401533828752599261310569378,12.67191489361702127659574468,-0.6419148936170212765957446809,0.7952211365261013122138723551,0.8216170212765957446808510638,0.8388361702127659574468085106,5.424468085106382978723404255,-0.1095744680851063829787234043,-0.4006382978723404255319148936,0.004626542834802432651621634979,-1.787234042553191489361702128,2.276595744680851063829787234,2.276595744680851063829787234,0.08510638297872340425531914894,0.1489361702127659574468085106,0.02127659574468085106382978723,0.02127659574468085106382978723,2,2.276595744680851063829787234,2.276595744680851063829787234,0.08510638297872340425531914894,0.1489361702127659574468085106,0.02127659574468085106382978723,0.02127659574468085106382978723,2,0.003279441351760759117838480228,0.004618533824147012613350775940,47,47,47,47,47,47,47,47,47,47,47,47,47,47,47,47,47,47,47,47,47,47,47,47,47,47,47,47,47,47,47,47,47,47,47,47,47,47,47,47,47,47,47,47,47,47,47,47,47,47,47,47,47,47,47,47
cluster_2016-09-22,对照组,2016-09-22|2016-09-28|2016-09-30,3,,,50.79333333333333333333333333,61.10,59.65,61.84666666666666666666666667,63.66333333333333333333333333,65.51333333333333333333333333,66.02666666666666666666666667,7.906666666666666666666666667,12.61666666666666666666666667,20.33333333333333333333333333,32.81666666666666666666666667,11.76666666666666666666666667,16.19,31.11,17.46333333333333333333333333,7.79,19.42333333333333333333333333,8.04,19.69333333333333333333333333,-32.74,0.1952741503633435809814654333,3643.333333333333333333333333,64.0,59.0,0.3662159259768692638084459667,-0.0863037954451072174019901000,-0.2616661788181265365591862233,1.440547240818572816694578800,2.097797287824334023790918400,0.8037251757867386975586987667,12.56666666666666666666666667,-1.396666666666666666666666667,0.7799400188330811114617647363,0.841,0.9388666666666666666666666667,5.163333333333333333333333333,-0.03333333333333333333333333333,0.05,0.0069381693561777885221273921,3.333333333333333333333333333,3.333333333333333333333333333,3.333333333333333333333333333,0.6666666666666666666666666667,0.6666666666666666666666666667,0,0,2,3.333333333333333333333333333,3.333333333333333333333333333,0.6666666666666666666666666667,0.6666666666666666666666666667,0,0,2,0.0081623024298183533852323661,0.002127242701598231029753407767,3,3,3,3,3,3,3,3,3,3,3,3,3,3,3,3,3,3,3,3,3,3,2,2,3,3,3,3,3,3,3,3,3,3,3,3,3,3,3,3,3,3,3,3,3,3,3,3,3,3,3,3,3,3,3,3
cluster_2016-11-10,对照组,2016-11-10|2016-11-15|2016-11-16|2016-11-17|2016-11-18|2016-11-21|2016-11-22|2016-11-23|2016-11-25|2016-11-28|2016-11-29|2016-11-30,12,,,61.38416666666666666666666667,71.32916666666666666666666667,64.3425,74.5525,75.58,86.17,66.97833333333333333333333333,7.084166666666666666666666667,19.26416666666666666666666667,7.510833333333333333333333333,21.6125,34.565,7.300833333333333333333333333,20.31666666666666666666666667,25.63416666666666666666666667,22.9825,29.50583333333333333333333333,30.92083333333333333333333333,36.17083333333333333333333333,-1.165833333333333333333333333,0.83912694373055223863803635,3541.166666666666666666666667,158.5833333333333333333333333,100.1666666666666666666666667,2.188400176871429489776461275,2.247775635667748054096460225,1.749391407098175375834202125,0.9079031994859916706855577542,0.3274193211805931138108752533,0.5384514072272525997371073475,13.08416666666666666666666667,-1.641666666666666666666666667,0.8287234548556977285374210527,0.8326666666666666666666666667,0.9549916666666666666666666667,4.812500,-0.1633333333333333333333333333,0.1325,0.01443751864806407772806104065,50.91666666666666666666666667,3.583333333333333333333333333,3.583333333333333333333333333,0.4166666666666666666666666667,0,0,1.166666666666666666666666667,2,3.5,3.5,0.3333333333333333333333333333,0,0,1.166666666666666666666666667,2,0.003006115444626768006370437867,0.01481001366005965821973181678,12,12,12,12,12,12,12,12,12,12,12,12,12,12,12,12,12,12,12,12,12,12,12,12,12,12,12,12,12,12,12,12,12,12,12,12,12,12,12,12,12,12,12,12,12,12,12,12,12,12,12,12,12,12,12,12
