object,scope,intervals,cumulative_return,annualized_return,max_drawdown,drawdown_peak_date,drawdown_trough_date,worst_20_return,worst_20_start,worst_20_end,worst_60_return,worst_60_start,worst_60_end,worst_120_return,worst_120_start,worst_120_end,annualized_volatility,switches,exposure_change
选定的 v1.4,双资产,1762,0.185455388379925292220161756,0.024629868079612343722706899,0.2606234271276560875123539424,2014-11-28,2016-06-17,-0.0617973638150034800366413978,2015-07-30,2015-08-27,-0.1256493293105358717878453481,2015-05-28,2015-08-21,-0.1780187824201566920877577404,2015-03-03,2015-08-21,0.08240361220876781538163392259,194,116.0
选定的 v1.4,SPX,1762,0.104047119210171608905381508,0.014257102418029552198267440,0.2425841135085247589366369783,2014-12-05,2016-03-15,-0.0601191573084412312131292375,2014-12-05,2015-01-06,-0.1126518549776066995257262451,2015-05-28,2015-08-21,-0.1652271108653579128932875680,2015-03-03,2015-08-21,0.07795765129620386935258561908,194,116.0
选定的 v1.4,QQQ,1762,0.268952596212366507665834031,0.034652920847382043567886310,0.2832482884950682271981057090,2014-11-28,2016-06-17,-0.0705150367145918033117646598,2015-08-05,2015-09-02,-0.1385457299059037112994149094,2015-05-28,2015-08-21,-0.1907901410077742235156283272,2015-03-03,2015-08-21,0.09155326303027364374173211659,194,116.0
v1.4 去掉 MR（同参数）,双资产,1762,0.319072181487716804794780540,0.040400913900154038063791965,0.2143130721743205252470887701,2014-11-28,2016-02-23,-0.0617973638150034800366414002,2015-07-30,2015-08-27,-0.1256493293105358717878453496,2015-05-28,2015-08-21,-0.1780187824201566920877577415,2015-03-03,2015-08-21,0.08754874353870203970582065997,196,117.0
v1.4 去掉 MR（同参数）,SPX,1762,0.221768262743579220874040168,0.029060912941710888448648002,0.2217956771499425762426113322,2014-12-05,2016-02-23,-0.0601191573084412312131292373,2014-12-05,2015-01-06,-0.1126518549776066995257262474,2015-05-28,2015-08-21,-0.1652271108653579128932875695,2015-03-03,2015-08-21,0.08297955464442259279748762762,196,117.0
v1.4 去掉 MR（同参数）,QQQ,1762,0.419379913817531611786943655,0.051363855840780037468916449,0.2175668384041816995298585960,2014-11-28,2015-08-21,-0.0705150367145918033117646594,2015-08-05,2015-09-02,-0.1385457299059037112994149094,2015-05-28,2015-08-21,-0.1907901410077742235156283280,2015-03-03,2015-08-21,0.09694123971758605263750072013,196,117.0
200日均线,双资产,1762,0.582726740945402175008902415,0.067871257214339967890014976,0.1945054963607416463599661386,2015-05-21,2016-06-27,-0.1159055747493915261255248020,2010-04-22,2010-05-20,-0.1264873313520015187521529678,2010-04-23,2010-07-20,-0.1597438196257658447887735199,2015-07-20,2016-01-08,0.1218220763953510531644223614,44,44
200日均线,SPX,1762,0.422054580355475328278724932,0.051646974353127067318692493,0.1773063228686103081957682668,2015-05-21,2016-06-27,-0.1134139177773916784564852270,2010-04-22,2010-05-20,-0.1245521906131157653319413248,2010-04-23,2010-07-20,-0.1432718775375577655193558690,2015-07-20,2016-01-08,0.1150900428975195195867734523,44,44
200日均线,QQQ,1762,0.752171737031685764310818897,0.083518083784896170285822515,0.2145137235775905433866599182,2015-05-27,2016-06-27,-0.1184655138143510236533492341,2010-04-22,2010-05-20,-0.1285167309026634725929227288,2010-04-23,2010-07-20,-0.1760810217971306181739057663,2015-07-20,2016-01-08,0.1340084906192552230903146374,44,44
满仓,双资产,1762,1.288467950919350745904798909,0.125697882683103616711002573,0.1645387642870156617583996808,2011-04-29,2011-08-19,-0.1625844801514000165445379210,2011-07-22,2011-08-19,-0.1579721105025368354142752264,2011-07-08,2011-10-03,-0.1497754462239962163354516821,2011-02-17,2011-08-10,0.1612094041031692281434939603,0,0
满仓,SPX,1762,1.007739216213792484978925676,0.104823708663546511444441952,0.1938824150600244938068802634,2011-04-29,2011-10-03,-0.1646741312396841682651559072,2011-07-22,2011-08-19,-0.1819988093466289626432504809,2011-07-08,2011-10-03,-0.1638802473833023731190737271,2011-02-17,2011-08-10,0.1554010587839983033337823666,0,0
满仓,QQQ,1762,1.589726775956284153005464465,0.145785412331366964682337627,0.1635984716915595692948940623,2015-12-01,2016-02-09,-0.1605704697986577181208053708,2011-07-22,2011-08-19,-0.1486653703376347887572918532,2015-11-11,2016-02-09,-0.1359157322460074753652735299,2011-02-17,2011-08-10,0.1728674099967812300496785702,0,0
现金,双资产,1762,0E-27,0E-27,0,2009-12-31,2009-12-31,0E-27,2009-12-31,2010-02-01,0E-27,2009-12-31,2010-03-30,0E-27,2009-12-31,2010-06-24,0E-26,0,0
现金,SPX,1762,0E-27,0E-27,0,2009-12-31,2009-12-31,0E-27,2009-12-31,2010-02-01,0E-27,2009-12-31,2010-03-30,0E-27,2009-12-31,2010-06-24,0E-26,0,0
现金,QQQ,1762,0E-27,0E-27,0,2009-12-31,2009-12-31,0E-27,2009-12-31,2010-02-01,0E-27,2009-12-31,2010-03-30,0E-27,2009-12-31,2010-06-24,0E-26,0,0
恒定暴露 ē（取选定的 v1.4的 ē）,双资产,1762,0.608521641953140996965450985,0.070343143053699522344417293,0.0911181844208277612084759688,2011-04-29,2011-08-19,-0.0905492324953928764840987812,2011-07-22,2011-08-19,-0.0877013635414134001522574522,2011-05-12,2011-08-08,-0.0824683490287775019460715053,2011-02-17,2011-08-10,0.08815281546731189064486744086,0,0
恒定暴露 ē（取选定的 v1.4的 ē）,SPX,1762,0.495036996555764771291061249,0.059201525399651237993334933,0.1075868981914415842698455079,2011-04-29,2011-10-03,-0.0917348303269150724210004790,2011-07-22,2011-08-19,-0.1008193458380667502782496682,2011-07-08,2011-10-03,-0.0909004769209018137417260171,2011-02-17,2011-08-10,0.08497668566310009379233786048,0,0
恒定暴露 ē（取选定的 v1.4的 ē）,QQQ,1762,0.726899830351422523266976918,0.081269070773399590461076448,0.0917001547275898446901515413,2015-12-04,2016-02-09,-0.0893880292158901004508795732,2011-07-22,2011-08-19,-0.0827185401327145262397996292,2015-11-11,2016-02-09,-0.0741512527547481980591546562,2011-02-15,2011-08-08,0.09452766715771777250446384953,0,0
恒定暴露 ē（取200日均线的 ē）,双资产,1762,1.016908278430343858998914127,0.105543915028180142518544178,0.1375750907658586145992430128,2011-04-29,2011-08-19,-0.1362146974643850046527514288,2011-07-22,2011-08-19,-0.1316723855385205657003731207,2011-05-12,2011-08-08,-0.1249667748930497467627267723,2011-02-17,2011-08-10,0.1341276880903780297720557012,0,0
恒定暴露 ē（取200日均线的 ē）,SPX,1762,0.807195664036051692795137709,0.088320223383441742979670700,0.1622539835997793001079660374,2011-04-29,2011-10-03,-0.1379780113702506451453806567,2011-07-22,2011-08-19,-0.1522055921001609521829756987,2011-07-08,2011-10-03,-0.1371020464635847498417345259,2011-02-17,2011-08-10,0.1292950920416240140109676221,0,0
恒定暴露 ē（取200日均线的 ē）,QQQ,1762,1.239763536215315508761148943,0.122239802822008009377776336,0.1373760363651197438860277855,2015-12-01,2016-02-09,-0.1345052518956104845189019435,2011-07-22,2011-08-19,-0.1245066382368102179072295008,2015-11-11,2016-02-09,-0.1130039291867800265406450338,2011-02-17,2011-08-10,0.1438272548554377316985407405,0,0
