model,exit_version,k,theta_p,q,median_setting,symbol,condition,bottleneck_candidate,found,not_found_or_not_applicable,first_days_median,first_days_p75,first_days_max,bottleneck_events
P1,E2,3,0.015,,否,SPX,(1) 两指数 Q≥K,是,27,0,3,3.00,6,0
P1,E2,3,0.015,,否,SPX,(2) 价格通道有效且未激活,否（只列天数）,27,0,3,3.00,6,0
P1,E2,3,0.015,,否,SPX,全部通道连续5天有效且未激活（E2、P0）,是,25,2,7,9,14,7
P1,E2,3,0.015,,否,SPX,(4) S5TW 广度修复（不低于60日中位数连续3天）,是,25,2,6,8,19,6
P1,E2,3,0.015,,否,SPX,(5) NDTW 广度修复（不低于60日中位数连续3天）,是,24,3,7.0,8.00,19,3
P1,E2,3,0.015,,否,SPX,(6) 两指数收盘高于 MA50,是,21,6,8,9,17,10
P1,E2,3,0.015,,否,SPX,(7) 系统已由红转黄,是,26,1,5.0,5.75,10,0
P1,E2,3,0.015,,否,SPX,(8) 首个绿灯信号日,—,19,8,10,11.50,21,
P1,E2,3,0.015,,否,SPX,(8) 首个绿灯执行日,—,19,8,11,12.50,22,
P1,E2,3,0.015,,否,QQQ,(1) 两指数 Q≥K,是,23,0,3,3.00,5,0
P1,E2,3,0.015,,否,QQQ,(2) 价格通道有效且未激活,否（只列天数）,23,0,3,3.00,5,0
P1,E2,3,0.015,,否,QQQ,全部通道连续5天有效且未激活（E2、P0）,是,23,0,7,8.00,14,6
P1,E2,3,0.015,,否,QQQ,(4) S5TW 广度修复（不低于60日中位数连续3天）,是,21,2,6,8,19,6
P1,E2,3,0.015,,否,QQQ,(5) NDTW 广度修复（不低于60日中位数连续3天）,是,21,2,7,8,19,3
P1,E2,3,0.015,,否,QQQ,(6) 两指数收盘高于 MA50,是,18,5,8.0,9.75,20,9
P1,E2,3,0.015,,否,QQQ,(7) 系统已由红转黄,是,23,0,5,5.00,8,0
P1,E2,3,0.015,,否,QQQ,(8) 首个绿灯信号日,—,17,6,10,12,31,
P1,E2,3,0.015,,否,QQQ,(8) 首个绿灯执行日,—,17,6,11,13,32,
P1,E2,3,0.02,,否,SPX,(1) 两指数 Q≥K,是,27,0,3,3.00,6,0
P1,E2,3,0.02,,否,SPX,(2) 价格通道有效且未激活,否（只列天数）,27,0,3,3.00,6,0
P1,E2,3,0.02,,否,SPX,全部通道连续5天有效且未激活（E2、P0）,是,26,1,7.0,8.75,21,9
P1,E2,3,0.02,,否,SPX,(4) S5TW 广度修复（不低于60日中位数连续3天）,是,25,2,6,8,19,9
P1,E2,3,0.02,,否,SPX,(5) NDTW 广度修复（不低于60日中位数连续3天）,是,24,3,7.0,8.00,19,5
P1,E2,3,0.02,,否,SPX,(6) 两指数收盘高于 MA50,是,21,6,8,9,17,9
P1,E2,3,0.02,,否,SPX,(7) 系统已由红转黄,是,26,1,5.0,5.00,8,0
P1,E2,3,0.02,,否,SPX,(8) 首个绿灯信号日,—,20,7,10.0,11.00,21,
P1,E2,3,0.02,,否,SPX,(8) 首个绿灯执行日,—,20,7,11.0,12.00,22,
P1,E2,3,0.02,,否,QQQ,(1) 两指数 Q≥K,是,23,0,3,3.00,5,0
P1,E2,3,0.02,,否,QQQ,(2) 价格通道有效且未激活,否（只列天数）,23,0,3,3.00,5,0
P1,E2,3,0.02,,否,QQQ,全部通道连续5天有效且未激活（E2、P0）,是,23,0,7,8.00,21,7
P1,E2,3,0.02,,否,QQQ,(4) S5TW 广度修复（不低于60日中位数连续3天）,是,21,2,6,8,19,8
P1,E2,3,0.02,,否,QQQ,(5) NDTW 广度修复（不低于60日中位数连续3天）,是,21,2,7,8,19,4
P1,E2,3,0.02,,否,QQQ,(6) 两指数收盘高于 MA50,是,18,5,8.0,9.75,20,8
P1,E2,3,0.02,,否,QQQ,(7) 系统已由红转黄,是,23,0,5,5.00,7,0
P1,E2,3,0.02,,否,QQQ,(8) 首个绿灯信号日,—,18,5,9.0,11.75,31,
P1,E2,3,0.02,,否,QQQ,(8) 首个绿灯执行日,—,18,5,10.0,12.75,32,
P1,E2,3,0.025,,否,SPX,(1) 两指数 Q≥K,是,27,0,3,3.00,6,0
P1,E2,3,0.025,,否,SPX,(2) 价格通道有效且未激活,否（只列天数）,27,0,3,3.00,6,0
P1,E2,3,0.025,,否,SPX,全部通道连续5天有效且未激活（E2、P0）,是,26,1,7.0,7.75,12,7
P1,E2,3,0.025,,否,SPX,(4) S5TW 广度修复（不低于60日中位数连续3天）,是,25,2,6,8,19,8
P1,E2,3,0.025,,否,SPX,(5) NDTW 广度修复（不低于60日中位数连续3天）,是,24,3,7.0,8.00,19,5
P1,E2,3,0.025,,否,SPX,(6) 两指数收盘高于 MA50,是,21,6,8,9,17,10
P1,E2,3,0.025,,否,SPX,(7) 系统已由红转黄,是,22,5,5.0,5.00,8,0
P1,E2,3,0.025,,否,SPX,(8) 首个绿灯信号日,—,20,7,9.0,11.25,20,
P1,E2,3,0.025,,否,SPX,(8) 首个绿灯执行日,—,20,7,10.0,12.25,21,
P1,E2,3,0.025,,否,QQQ,(1) 两指数 Q≥K,是,23,0,3,3.00,5,0
P1,E2,3,0.025,,否,QQQ,(2) 价格通道有效且未激活,否（只列天数）,23,0,3,3.00,5,0
P1,E2,3,0.025,,否,QQQ,全部通道连续5天有效且未激活（E2、P0）,是,22,1,7.0,7.00,12,6
P1,E2,3,0.025,,否,QQQ,(4) S5TW 广度修复（不低于60日中位数连续3天）,是,21,2,6,8,19,7
P1,E2,3,0.025,,否,QQQ,(5) NDTW 广度修复（不低于60日中位数连续3天）,是,21,2,7,8,19,4
P1,E2,3,0.025,,否,QQQ,(6) 两指数收盘高于 MA50,是,18,5,8.0,9.75,20,9
P1,E2,3,0.025,,否,QQQ,(7) 系统已由红转黄,是,22,1,5.0,5.00,7,0
P1,E2,3,0.025,,否,QQQ,(8) 首个绿灯信号日,—,18,5,9.0,11.75,31,
P1,E2,3,0.025,,否,QQQ,(8) 首个绿灯执行日,—,18,5,10.0,12.75,32,
P1,E2,5,0.015,,否,SPX,(1) 两指数 Q≥K,是,27,0,5,5.00,8,0
P1,E2,5,0.015,,否,SPX,(2) 价格通道有效且未激活,否（只列天数）,27,0,5,5.00,8,0
P1,E2,5,0.015,,否,SPX,全部通道连续5天有效且未激活（E2、P0）,是,24,3,9.0,10.00,14,11
P1,E2,5,0.015,,否,SPX,(4) S5TW 广度修复（不低于60日中位数连续3天）,是,25,2,6,8,19,4
P1,E2,5,0.015,,否,SPX,(5) NDTW 广度修复（不低于60日中位数连续3天）,是,24,3,7.0,8.00,19,2
P1,E2,5,0.015,,否,SPX,(6) 两指数收盘高于 MA50,是,21,6,8,9,17,8
P1,E2,5,0.015,,否,SPX,(7) 系统已由红转黄,是,25,2,7,8,12,0
P1,E2,5,0.015,,否,SPX,(8) 首个绿灯信号日,—,19,8,10,12.00,21,
P1,E2,5,0.015,,否,SPX,(8) 首个绿灯执行日,—,19,8,11,13.00,22,
P1,E2,5,0.015,,否,QQQ,(1) 两指数 Q≥K,是,23,0,5,5.00,7,0
P1,E2,5,0.015,,否,QQQ,(2) 价格通道有效且未激活,否（只列天数）,23,0,5,5.00,7,0
P1,E2,5,0.015,,否,QQQ,全部通道连续5天有效且未激活（E2、P0）,是,21,2,9,9,14,9
P1,E2,5,0.015,,否,QQQ,(4) S5TW 广度修复（不低于60日中位数连续3天）,是,21,2,6,8,19,4
P1,E2,5,0.015,,否,QQQ,(5) NDTW 广度修复（不低于60日中位数连续3天）,是,21,2,7,8,19,2
P1,E2,5,0.015,,否,QQQ,(6) 两指数收盘高于 MA50,是,18,5,8.0,9.75,20,7
P1,E2,5,0.015,,否,QQQ,(7) 系统已由红转黄,是,23,0,7,7.00,12,0
P1,E2,5,0.015,,否,QQQ,(8) 首个绿灯信号日,—,17,6,10,14,31,
P1,E2,5,0.015,,否,QQQ,(8) 首个绿灯执行日,—,17,6,11,15,32,
P1,E2,5,0.02,,是,SPX,(1) 两指数 Q≥K,是,27,0,5,5.00,8,0
P1,E2,5,0.02,,是,SPX,(2) 价格通道有效且未激活,否（只列天数）,27,0,5,5.00,8,0
P1,E2,5,0.02,,是,SPX,全部通道连续5天有效且未激活（E2、P0）,是,24,3,9.0,10.00,21,14
P1,E2,5,0.02,,是,SPX,(4) S5TW 广度修复（不低于60日中位数连续3天）,是,25,2,6,8,19,4
P1,E2,5,0.02,,是,SPX,(5) NDTW 广度修复（不低于60日中位数连续3天）,是,24,3,7.0,8.00,19,2
P1,E2,5,0.02,,是,SPX,(6) 两指数收盘高于 MA50,是,21,6,8,9,17,7
P1,E2,5,0.02,,是,SPX,(7) 系统已由红转黄,是,25,2,7,7,13,0
P1,E2,5,0.02,,是,SPX,(8) 首个绿灯信号日,—,19,8,10,12.00,21,
P1,E2,5,0.02,,是,SPX,(8) 首个绿灯执行日,—,19,8,11,13.00,22,
P1,E2,5,0.02,,是,QQQ,(1) 两指数 Q≥K,是,23,0,5,5.00,7,0
P1,E2,5,0.02,,是,QQQ,(2) 价格通道有效且未激活,否（只列天数）,23,0,5,5.00,7,0
P1,E2,5,0.02,,是,QQQ,全部通道连续5天有效且未激活（E2、P0）,是,20,3,9.0,9.00,21,12
P1,E2,5,0.02,,是,QQQ,(4) S5TW 广度修复（不低于60日中位数连续3天）,是,21,2,6,8,19,4
P1,E2,5,0.02,,是,QQQ,(5) NDTW 广度修复（不低于60日中位数连续3天）,是,21,2,7,8,19,2
P1,E2,5,0.02,,是,QQQ,(6) 两指数收盘高于 MA50,是,18,5,8.0,9.75,20,6
P1,E2,5,0.02,,是,QQQ,(7) 系统已由红转黄,是,23,0,7,7.00,13,0
P1,E2,5,0.02,,是,QQQ,(8) 首个绿灯信号日,—,17,6,10,14,31,
P1,E2,5,0.02,,是,QQQ,(8) 首个绿灯执行日,—,17,6,11,15,32,
P1,E2,5,0.025,,否,SPX,(1) 两指数 Q≥K,是,27,0,5,5.00,8,0
P1,E2,5,0.025,,否,SPX,(2) 价格通道有效且未激活,否（只列天数）,27,0,5,5.00,8,0
P1,E2,5,0.025,,否,SPX,全部通道连续5天有效且未激活（E2、P0）,是,24,3,9.0,10.00,12,13
P1,E2,5,0.025,,否,SPX,(4) S5TW 广度修复（不低于60日中位数连续3天）,是,25,2,6,8,19,4
P1,E2,5,0.025,,否,SPX,(5) NDTW 广度修复（不低于60日中位数连续3天）,是,24,3,7.0,8.00,19,2
P1,E2,5,0.025,,否,SPX,(6) 两指数收盘高于 MA50,是,21,6,8,9,17,7
P1,E2,5,0.025,,否,SPX,(7) 系统已由红转黄,是,22,5,7.0,7.00,10,0
P1,E2,5,0.025,,否,SPX,(8) 首个绿灯信号日,—,19,8,10,12.00,20,
P1,E2,5,0.025,,否,SPX,(8) 首个绿灯执行日,—,19,8,11,13.00,21,
P1,E2,5,0.025,,否,QQQ,(1) 两指数 Q≥K,是,23,0,5,5.00,7,0
P1,E2,5,0.025,,否,QQQ,(2) 价格通道有效且未激活,否（只列天数）,23,0,5,5.00,7,0
P1,E2,5,0.025,,否,QQQ,全部通道连续5天有效且未激活（E2、P0）,是,20,3,9.0,9.00,14,11
P1,E2,5,0.025,,否,QQQ,(4) S5TW 广度修复（不低于60日中位数连续3天）,是,21,2,6,8,19,4
P1,E2,5,0.025,,否,QQQ,(5) NDTW 广度修复（不低于60日中位数连续3天）,是,21,2,7,8,19,2
P1,E2,5,0.025,,否,QQQ,(6) 两指数收盘高于 MA50,是,18,5,8.0,9.75,20,6
P1,E2,5,0.025,,否,QQQ,(7) 系统已由红转黄,是,23,0,7,7.00,9,0
P1,E2,5,0.025,,否,QQQ,(8) 首个绿灯信号日,—,17,6,10,14,31,
P1,E2,5,0.025,,否,QQQ,(8) 首个绿灯执行日,—,17,6,11,15,32,
P1,E2,10,0.015,,否,SPX,(1) 两指数 Q≥K,是,25,2,10,10,13,0
P1,E2,10,0.015,,否,SPX,(2) 价格通道有效且未激活,否（只列天数）,25,2,10,10,13,0
P1,E2,10,0.015,,否,SPX,全部通道连续5天有效且未激活（E2、P0）,是,21,6,14,14,17,15
P1,E2,10,0.015,,否,SPX,(4) S5TW 广度修复（不低于60日中位数连续3天）,是,25,2,6,8,19,1
P1,E2,10,0.015,,否,SPX,(5) NDTW 广度修复（不低于60日中位数连续3天）,是,24,3,7.0,8.00,19,1
P1,E2,10,0.015,,否,SPX,(6) 两指数收盘高于 MA50,是,21,6,8,9,17,3
P1,E2,10,0.015,,否,SPX,(7) 系统已由红转黄,是,23,4,12,13.00,15,0
P1,E2,10,0.015,,否,SPX,(8) 首个绿灯信号日,—,18,9,14.0,15.75,21,
P1,E2,10,0.015,,否,SPX,(8) 首个绿灯执行日,—,18,9,15.0,16.75,22,
P1,E2,10,0.015,,否,QQQ,(1) 两指数 Q≥K,是,21,2,10,10,12,0
P1,E2,10,0.015,,否,QQQ,(2) 价格通道有效且未激活,否（只列天数）,21,2,10,10,12,0
P1,E2,10,0.015,,否,QQQ,全部通道连续5天有效且未激活（E2、P0）,是,19,4,14,14.00,16,12
P1,E2,10,0.015,,否,QQQ,(4) S5TW 广度修复（不低于60日中位数连续3天）,是,21,2,6,8,19,2
P1,E2,10,0.015,,否,QQQ,(5) NDTW 广度修复（不低于60日中位数连续3天）,是,21,2,7,8,19,1
P1,E2,10,0.015,,否,QQQ,(6) 两指数收盘高于 MA50,是,18,5,8.0,9.75,20,3
P1,E2,10,0.015,,否,QQQ,(7) 系统已由红转黄,是,21,2,12,12,15,0
P1,E2,10,0.015,,否,QQQ,(8) 首个绿灯信号日,—,16,7,14.0,16.25,31,
P1,E2,10,0.015,,否,QQQ,(8) 首个绿灯执行日,—,16,7,15.0,17.25,32,
P1,E2,10,0.02,,否,SPX,(1) 两指数 Q≥K,是,25,2,10,10,13,0
P1,E2,10,0.02,,否,SPX,(2) 价格通道有效且未激活,否（只列天数）,25,2,10,11,13,0
P1,E2,10,0.02,,否,SPX,全部通道连续5天有效且未激活（E2、P0）,是,20,7,14.0,15.25,21,17
P1,E2,10,0.02,,否,SPX,(4) S5TW 广度修复（不低于60日中位数连续3天）,是,25,2,6,8,19,1
P1,E2,10,0.02,,否,SPX,(5) NDTW 广度修复（不低于60日中位数连续3天）,是,24,3,7.0,8.00,19,1
P1,E2,10,0.02,,否,SPX,(6) 两指数收盘高于 MA50,是,21,6,8,9,17,2
P1,E2,10,0.02,,否,SPX,(7) 系统已由红转黄,是,23,4,12,14.00,15,0
P1,E2,10,0.02,,否,SPX,(8) 首个绿灯信号日,—,18,9,14.5,16.75,21,
P1,E2,10,0.02,,否,SPX,(8) 首个绿灯执行日,—,18,9,15.5,17.75,22,
P1,E2,10,0.02,,否,QQQ,(1) 两指数 Q≥K,是,21,2,10,10,12,0
P1,E2,10,0.02,,否,QQQ,(2) 价格通道有效且未激活,否（只列天数）,21,2,10,10,13,0
P1,E2,10,0.02,,否,QQQ,全部通道连续5天有效且未激活（E2、P0）,是,18,5,14.0,14.00,21,14
P1,E2,10,0.02,,否,QQQ,(4) S5TW 广度修复（不低于60日中位数连续3天）,是,21,2,6,8,19,2
P1,E2,10,0.02,,否,QQQ,(5) NDTW 广度修复（不低于60日中位数连续3天）,是,21,2,7,8,19,1
P1,E2,10,0.02,,否,QQQ,(6) 两指数收盘高于 MA50,是,18,5,8.0,9.75,20,2
P1,E2,10,0.02,,否,QQQ,(7) 系统已由红转黄,是,21,2,12,12,17,0
P1,E2,10,0.02,,否,QQQ,(8) 首个绿灯信号日,—,16,7,14.0,17.50,31,
P1,E2,10,0.02,,否,QQQ,(8) 首个绿灯执行日,—,16,7,15.0,18.50,32,
P1,E2,10,0.025,,否,SPX,(1) 两指数 Q≥K,是,25,2,10,10,13,0
P1,E2,10,0.025,,否,SPX,(2) 价格通道有效且未激活,否（只列天数）,25,2,10,11,13,0
P1,E2,10,0.025,,否,SPX,全部通道连续5天有效且未激活（E2、P0）,是,20,7,14.0,15.00,19,16
P1,E2,10,0.025,,否,SPX,(4) S5TW 广度修复（不低于60日中位数连续3天）,是,25,2,6,8,19,1
P1,E2,10,0.025,,否,SPX,(5) NDTW 广度修复（不低于60日中位数连续3天）,是,24,3,7.0,8.00,19,1
P1,E2,10,0.025,,否,SPX,(6) 两指数收盘高于 MA50,是,21,6,8,9,17,2
P1,E2,10,0.025,,否,SPX,(7) 系统已由红转黄,是,20,7,12.0,13.00,15,0
P1,E2,10,0.025,,否,SPX,(8) 首个绿灯信号日,—,18,9,15.0,16.75,28,
P1,E2,10,0.025,,否,SPX,(8) 首个绿灯执行日,—,18,9,16.0,17.75,29,
P1,E2,10,0.025,,否,QQQ,(1) 两指数 Q≥K,是,21,2,10,10,12,0
P1,E2,10,0.025,,否,QQQ,(2) 价格通道有效且未激活,否（只列天数）,21,2,10,10,13,0
P1,E2,10,0.025,,否,QQQ,全部通道连续5天有效且未激活（E2、P0）,是,19,4,14,15.00,26,14
P1,E2,10,0.025,,否,QQQ,(4) S5TW 广度修复（不低于60日中位数连续3天）,是,21,2,6,8,19,2
P1,E2,10,0.025,,否,QQQ,(5) NDTW 广度修复（不低于60日中位数连续3天）,是,21,2,7,8,19,1
P1,E2,10,0.025,,否,QQQ,(6) 两指数收盘高于 MA50,是,18,5,8.0,9.75,20,2
P1,E2,10,0.025,,否,QQQ,(7) 系统已由红转黄,是,20,3,12.0,12.00,15,0
P1,E2,10,0.025,,否,QQQ,(8) 首个绿灯信号日,—,17,6,14,20,31,
P1,E2,10,0.025,,否,QQQ,(8) 首个绿灯执行日,—,17,6,15,21,32,
P1,X2,3,0.015,,否,SPX,(1) 两指数 Q≥K,是,27,0,3,3.00,6,0
P1,X2,3,0.015,,否,SPX,(2) 价格通道有效且未激活,是,27,0,3,3.00,6,0
P1,X2,3,0.015,,否,SPX,(4) S5TW 广度修复（不低于60日中位数连续3天）,是,25,2,6,8,19,15
P1,X2,3,0.015,,否,SPX,(5) NDTW 广度修复（不低于60日中位数连续3天）,是,24,3,7.0,8.00,19,11
P1,X2,3,0.015,,否,SPX,(6) 两指数收盘高于 MA50,否（只列天数）,21,6,8,9,17,0
P1,X2,3,0.015,,否,SPX,(7) 系统已由红转黄,是,26,1,5.0,5.75,10,8
P1,X2,3,0.015,,否,SPX,(8) 首个绿灯信号日,—,21,6,8,10,20,
P1,X2,3,0.015,,否,SPX,(8) 首个绿灯执行日,—,21,6,9,11,21,
P1,X2,3,0.015,,否,QQQ,(1) 两指数 Q≥K,是,23,0,3,3.00,5,0
P1,X2,3,0.015,,否,QQQ,(2) 价格通道有效且未激活,是,23,0,3,3.00,5,0
P1,X2,3,0.015,,否,QQQ,(4) S5TW 广度修复（不低于60日中位数连续3天）,是,21,2,6,8,19,13
P1,X2,3,0.015,,否,QQQ,(5) NDTW 广度修复（不低于60日中位数连续3天）,是,21,2,7,8,19,11
P1,X2,3,0.015,,否,QQQ,(6) 两指数收盘高于 MA50,否（只列天数）,18,5,8.0,9.75,20,0
P1,X2,3,0.015,,否,QQQ,(7) 系统已由红转黄,是,23,0,5,5.00,8,7
P1,X2,3,0.015,,否,QQQ,(8) 首个绿灯信号日,—,19,4,8,9.50,20,
P1,X2,3,0.015,,否,QQQ,(8) 首个绿灯执行日,—,19,4,9,10.50,21,
P1,X2,3,0.02,,否,SPX,(1) 两指数 Q≥K,是,27,0,3,3.00,6,0
P1,X2,3,0.02,,否,SPX,(2) 价格通道有效且未激活,是,27,0,3,3.00,6,0
P1,X2,3,0.02,,否,SPX,(4) S5TW 广度修复（不低于60日中位数连续3天）,是,25,2,6,8,19,14
P1,X2,3,0.02,,否,SPX,(5) NDTW 广度修复（不低于60日中位数连续3天）,是,24,3,7.0,8.00,19,10
P1,X2,3,0.02,,否,SPX,(6) 两指数收盘高于 MA50,否（只列天数）,21,6,8,9,17,0
P1,X2,3,0.02,,否,SPX,(7) 系统已由红转黄,是,26,1,5.0,5.00,8,7
P1,X2,3,0.02,,否,SPX,(8) 首个绿灯信号日,—,22,5,8.0,10.00,19,
P1,X2,3,0.02,,否,SPX,(8) 首个绿灯执行日,—,22,5,9.0,11.00,20,
P1,X2,3,0.02,,否,QQQ,(1) 两指数 Q≥K,是,23,0,3,3.00,5,0
P1,X2,3,0.02,,否,QQQ,(2) 价格通道有效且未激活,是,23,0,3,3.00,5,0
P1,X2,3,0.02,,否,QQQ,(4) S5TW 广度修复（不低于60日中位数连续3天）,是,21,2,6,8,19,13
P1,X2,3,0.02,,否,QQQ,(5) NDTW 广度修复（不低于60日中位数连续3天）,是,21,2,7,8,19,10
P1,X2,3,0.02,,否,QQQ,(6) 两指数收盘高于 MA50,否（只列天数）,18,5,8.0,9.75,20,0
P1,X2,3,0.02,,否,QQQ,(7) 系统已由红转黄,是,23,0,5,5.00,7,6
P1,X2,3,0.02,,否,QQQ,(8) 首个绿灯信号日,—,20,3,8.0,10.00,19,
P1,X2,3,0.02,,否,QQQ,(8) 首个绿灯执行日,—,20,3,9.0,11.00,20,
P1,X2,3,0.025,,否,SPX,(1) 两指数 Q≥K,是,27,0,3,3.00,6,1
P1,X2,3,0.025,,否,SPX,(2) 价格通道有效且未激活,是,27,0,3,3.00,6,1
P1,X2,3,0.025,,否,SPX,(4) S5TW 广度修复（不低于60日中位数连续3天）,是,25,2,6,8,19,16
P1,X2,3,0.025,,否,SPX,(5) NDTW 广度修复（不低于60日中位数连续3天）,是,24,3,7.0,8.00,19,13
P1,X2,3,0.025,,否,SPX,(6) 两指数收盘高于 MA50,否（只列天数）,21,6,8,9,17,0
P1,X2,3,0.025,,否,SPX,(7) 系统已由红转黄,是,22,5,5.0,5.00,8,5
P1,X2,3,0.025,,否,SPX,(8) 首个绿灯信号日,—,22,5,8.0,10.00,19,
P1,X2,3,0.025,,否,SPX,(8) 首个绿灯执行日,—,22,5,9.0,11.00,20,
P1,X2,3,0.025,,否,QQQ,(1) 两指数 Q≥K,是,23,0,3,3.00,5,0
P1,X2,3,0.025,,否,QQQ,(2) 价格通道有效且未激活,是,23,0,3,3.00,5,0
P1,X2,3,0.025,,否,QQQ,(4) S5TW 广度修复（不低于60日中位数连续3天）,是,21,2,6,8,19,13
P1,X2,3,0.025,,否,QQQ,(5) NDTW 广度修复（不低于60日中位数连续3天）,是,21,2,7,8,19,12
P1,X2,3,0.025,,否,QQQ,(6) 两指数收盘高于 MA50,否（只列天数）,18,5,8.0,9.75,20,0
P1,X2,3,0.025,,否,QQQ,(7) 系统已由红转黄,是,22,1,5.0,5.00,7,5
P1,X2,3,0.025,,否,QQQ,(8) 首个绿灯信号日,—,20,3,8.0,9.25,19,
P1,X2,3,0.025,,否,QQQ,(8) 首个绿灯执行日,—,20,3,9.0,10.25,20,
P1,X2,5,0.015,,否,SPX,(1) 两指数 Q≥K,是,27,0,5,5.00,8,0
P1,X2,5,0.015,,否,SPX,(2) 价格通道有效且未激活,是,27,0,5,5.00,8,0
P1,X2,5,0.015,,否,SPX,(4) S5TW 广度修复（不低于60日中位数连续3天）,是,25,2,6,8,19,12
P1,X2,5,0.015,,否,SPX,(5) NDTW 广度修复（不低于60日中位数连续3天）,是,24,3,7.0,8.00,19,8
P1,X2,5,0.015,,否,SPX,(6) 两指数收盘高于 MA50,否（只列天数）,21,6,8,9,17,0
P1,X2,5,0.015,,否,SPX,(7) 系统已由红转黄,是,25,2,7,8,12,11
P1,X2,5,0.015,,否,SPX,(8) 首个绿灯信号日,—,21,6,8,10,20,
P1,X2,5,0.015,,否,SPX,(8) 首个绿灯执行日,—,21,6,9,11,21,
P1,X2,5,0.015,,否,QQQ,(1) 两指数 Q≥K,是,23,0,5,5.00,7,0
P1,X2,5,0.015,,否,QQQ,(2) 价格通道有效且未激活,是,23,0,5,5.00,7,0
P1,X2,5,0.015,,否,QQQ,(4) S5TW 广度修复（不低于60日中位数连续3天）,是,21,2,6,8,19,10
P1,X2,5,0.015,,否,QQQ,(5) NDTW 广度修复（不低于60日中位数连续3天）,是,21,2,7,8,19,8
P1,X2,5,0.015,,否,QQQ,(6) 两指数收盘高于 MA50,否（只列天数）,18,5,8.0,9.75,20,0
P1,X2,5,0.015,,否,QQQ,(7) 系统已由红转黄,是,23,0,7,7.00,12,10
P1,X2,5,0.015,,否,QQQ,(8) 首个绿灯信号日,—,19,4,8,10.00,20,
P1,X2,5,0.015,,否,QQQ,(8) 首个绿灯执行日,—,19,4,9,11.00,21,
P1,X2,5,0.02,,是,SPX,(1) 两指数 Q≥K,是,27,0,5,5.00,8,0
P1,X2,5,0.02,,是,SPX,(2) 价格通道有效且未激活,是,27,0,5,5.00,8,0
P1,X2,5,0.02,,是,SPX,(4) S5TW 广度修复（不低于60日中位数连续3天）,是,25,2,6,8,19,12
P1,X2,5,0.02,,是,SPX,(5) NDTW 广度修复（不低于60日中位数连续3天）,是,24,3,7.0,8.00,19,9
P1,X2,5,0.02,,是,SPX,(6) 两指数收盘高于 MA50,否（只列天数）,21,6,8,9,17,0
P1,X2,5,0.02,,是,SPX,(7) 系统已由红转黄,是,25,2,7,7,13,9
P1,X2,5,0.02,,是,SPX,(8) 首个绿灯信号日,—,22,5,8.0,10.00,19,
P1,X2,5,0.02,,是,SPX,(8) 首个绿灯执行日,—,22,5,9.0,11.00,20,
P1,X2,5,0.02,,是,QQQ,(1) 两指数 Q≥K,是,23,0,5,5.00,7,0
P1,X2,5,0.02,,是,QQQ,(2) 价格通道有效且未激活,是,23,0,5,5.00,7,0
P1,X2,5,0.02,,是,QQQ,(4) S5TW 广度修复（不低于60日中位数连续3天）,是,21,2,6,8,19,11
P1,X2,5,0.02,,是,QQQ,(5) NDTW 广度修复（不低于60日中位数连续3天）,是,21,2,7,8,19,9
P1,X2,5,0.02,,是,QQQ,(6) 两指数收盘高于 MA50,否（只列天数）,18,5,8.0,9.75,20,0
P1,X2,5,0.02,,是,QQQ,(7) 系统已由红转黄,是,23,0,7,7.00,13,8
P1,X2,5,0.02,,是,QQQ,(8) 首个绿灯信号日,—,20,3,8.0,10.00,19,
P1,X2,5,0.02,,是,QQQ,(8) 首个绿灯执行日,—,20,3,9.0,11.00,20,
P1,X2,5,0.025,,否,SPX,(1) 两指数 Q≥K,是,27,0,5,5.00,8,1
P1,X2,5,0.025,,否,SPX,(2) 价格通道有效且未激活,是,27,0,5,5.00,8,1
P1,X2,5,0.025,,否,SPX,(4) S5TW 广度修复（不低于60日中位数连续3天）,是,25,2,6,8,19,12
P1,X2,5,0.025,,否,SPX,(5) NDTW 广度修复（不低于60日中位数连续3天）,是,24,3,7.0,8.00,19,9
P1,X2,5,0.025,,否,SPX,(6) 两指数收盘高于 MA50,否（只列天数）,21,6,8,9,17,0
P1,X2,5,0.025,,否,SPX,(7) 系统已由红转黄,是,22,5,7.0,7.00,10,8
P1,X2,5,0.025,,否,SPX,(8) 首个绿灯信号日,—,22,5,8.0,10.00,19,
P1,X2,5,0.025,,否,SPX,(8) 首个绿灯执行日,—,22,5,9.0,11.00,20,
P1,X2,5,0.025,,否,QQQ,(1) 两指数 Q≥K,是,23,0,5,5.00,7,0
P1,X2,5,0.025,,否,QQQ,(2) 价格通道有效且未激活,是,23,0,5,5.00,7,0
P1,X2,5,0.025,,否,QQQ,(4) S5TW 广度修复（不低于60日中位数连续3天）,是,21,2,6,8,19,10
P1,X2,5,0.025,,否,QQQ,(5) NDTW 广度修复（不低于60日中位数连续3天）,是,21,2,7,8,19,9
P1,X2,5,0.025,,否,QQQ,(6) 两指数收盘高于 MA50,否（只列天数）,18,5,8.0,9.75,20,0
P1,X2,5,0.025,,否,QQQ,(7) 系统已由红转黄,是,23,0,7,7.00,9,9
P1,X2,5,0.025,,否,QQQ,(8) 首个绿灯信号日,—,20,3,8.0,10.00,19,
P1,X2,5,0.025,,否,QQQ,(8) 首个绿灯执行日,—,20,3,9.0,11.00,20,
P1,X2,10,0.015,,否,SPX,(1) 两指数 Q≥K,是,25,2,10,10,13,0
P1,X2,10,0.015,,否,SPX,(2) 价格通道有效且未激活,是,25,2,10,10,13,1
P1,X2,10,0.015,,否,SPX,(4) S5TW 广度修复（不低于60日中位数连续3天）,是,25,2,6,8,19,3
P1,X2,10,0.015,,否,SPX,(5) NDTW 广度修复（不低于60日中位数连续3天）,是,24,3,7.0,8.00,19,2
P1,X2,10,0.015,,否,SPX,(6) 两指数收盘高于 MA50,否（只列天数）,21,6,8,9,17,0
P1,X2,10,0.015,,否,SPX,(7) 系统已由红转黄,是,23,4,12,13.00,15,16
P1,X2,10,0.015,,否,SPX,(8) 首个绿灯信号日,—,20,7,13.0,14.25,20,
P1,X2,10,0.015,,否,SPX,(8) 首个绿灯执行日,—,20,7,14.0,15.25,21,
P1,X2,10,0.015,,否,QQQ,(1) 两指数 Q≥K,是,21,2,10,10,12,0
P1,X2,10,0.015,,否,QQQ,(2) 价格通道有效且未激活,是,21,2,10,10,12,1
P1,X2,10,0.015,,否,QQQ,(4) S5TW 广度修复（不低于60日中位数连续3天）,是,21,2,6,8,19,4
P1,X2,10,0.015,,否,QQQ,(5) NDTW 广度修复（不低于60日中位数连续3天）,是,21,2,7,8,19,3
P1,X2,10,0.015,,否,QQQ,(6) 两指数收盘高于 MA50,否（只列天数）,18,5,8.0,9.75,20,0
P1,X2,10,0.015,,否,QQQ,(7) 系统已由红转黄,是,21,2,12,12,15,14
P1,X2,10,0.015,,否,QQQ,(8) 首个绿灯信号日,—,18,5,13.0,14.75,20,
P1,X2,10,0.015,,否,QQQ,(8) 首个绿灯执行日,—,18,5,14.0,15.75,21,
P1,X2,10,0.02,,否,SPX,(1) 两指数 Q≥K,是,25,2,10,10,13,0
P1,X2,10,0.02,,否,SPX,(2) 价格通道有效且未激活,是,25,2,10,11,13,0
P1,X2,10,0.02,,否,SPX,(4) S5TW 广度修复（不低于60日中位数连续3天）,是,25,2,6,8,19,3
P1,X2,10,0.02,,否,SPX,(5) NDTW 广度修复（不低于60日中位数连续3天）,是,24,3,7.0,8.00,19,2
P1,X2,10,0.02,,否,SPX,(6) 两指数收盘高于 MA50,否（只列天数）,21,6,8,9,17,0
P1,X2,10,0.02,,否,SPX,(7) 系统已由红转黄,是,23,4,12,14.00,15,15
P1,X2,10,0.02,,否,SPX,(8) 首个绿灯信号日,—,19,8,13,15.50,19,
P1,X2,10,0.02,,否,SPX,(8) 首个绿灯执行日,—,19,8,14,16.50,20,
P1,X2,10,0.02,,否,QQQ,(1) 两指数 Q≥K,是,21,2,10,10,12,0
P1,X2,10,0.02,,否,QQQ,(2) 价格通道有效且未激活,是,21,2,10,10,13,1
P1,X2,10,0.02,,否,QQQ,(4) S5TW 广度修复（不低于60日中位数连续3天）,是,21,2,6,8,19,4
P1,X2,10,0.02,,否,QQQ,(5) NDTW 广度修复（不低于60日中位数连续3天）,是,21,2,7,8,19,4
P1,X2,10,0.02,,否,QQQ,(6) 两指数收盘高于 MA50,否（只列天数）,18,5,8.0,9.75,20,0
P1,X2,10,0.02,,否,QQQ,(7) 系统已由红转黄,是,21,2,12,12,17,13
P1,X2,10,0.02,,否,QQQ,(8) 首个绿灯信号日,—,18,5,13.0,15.75,25,
P1,X2,10,0.02,,否,QQQ,(8) 首个绿灯执行日,—,18,5,14.0,16.75,26,
P1,X2,10,0.025,,否,SPX,(1) 两指数 Q≥K,是,25,2,10,10,13,3
P1,X2,10,0.025,,否,SPX,(2) 价格通道有效且未激活,是,25,2,10,11,13,4
P1,X2,10,0.025,,否,SPX,(4) S5TW 广度修复（不低于60日中位数连续3天）,是,25,2,6,8,19,4
P1,X2,10,0.025,,否,SPX,(5) NDTW 广度修复（不低于60日中位数连续3天）,是,24,3,7.0,8.00,19,2
P1,X2,10,0.025,,否,SPX,(6) 两指数收盘高于 MA50,否（只列天数）,21,6,8,9,17,0
P1,X2,10,0.025,,否,SPX,(7) 系统已由红转黄,是,20,7,12.0,13.00,15,11
P1,X2,10,0.025,,否,SPX,(8) 首个绿灯信号日,—,19,8,13,14.00,19,
P1,X2,10,0.025,,否,SPX,(8) 首个绿灯执行日,—,19,8,14,15.00,20,
P1,X2,10,0.025,,否,QQQ,(1) 两指数 Q≥K,是,21,2,10,10,12,0
P1,X2,10,0.025,,否,QQQ,(2) 价格通道有效且未激活,是,21,2,10,10,13,1
P1,X2,10,0.025,,否,QQQ,(4) S5TW 广度修复（不低于60日中位数连续3天）,是,21,2,6,8,19,4
P1,X2,10,0.025,,否,QQQ,(5) NDTW 广度修复（不低于60日中位数连续3天）,是,21,2,7,8,19,3
P1,X2,10,0.025,,否,QQQ,(6) 两指数收盘高于 MA50,否（只列天数）,18,5,8.0,9.75,20,0
P1,X2,10,0.025,,否,QQQ,(7) 系统已由红转黄,是,20,3,12.0,12.00,15,13
P1,X2,10,0.025,,否,QQQ,(8) 首个绿灯信号日,—,18,5,13.0,14.75,20,
P1,X2,10,0.025,,否,QQQ,(8) 首个绿灯执行日,—,18,5,14.0,15.75,21,
N,X2,3,0.015,0.10,否,SPX,(1) 两指数 Q≥K,是,27,0,3,3.00,6,0
N,X2,3,0.015,0.10,否,SPX,(2) 价格通道有效且未激活,是,27,0,3,3.00,6,0
N,X2,3,0.015,0.10,否,SPX,(3) 非价格通道连续5天有效且未激活,是,20,7,11.0,12.00,23,18
N,X2,3,0.015,0.10,否,SPX,(4) S5TW 广度修复（不低于60日中位数连续3天）,是,25,2,6,8,19,2
N,X2,3,0.015,0.10,否,SPX,(5) NDTW 广度修复（不低于60日中位数连续3天）,是,24,3,7.0,8.00,19,1
N,X2,3,0.015,0.10,否,SPX,(6) 两指数收盘高于 MA50,否（只列天数）,21,6,8,9,17,0
N,X2,3,0.015,0.10,否,SPX,(7) 系统已由红转黄,是,21,6,8,10,19,0
N,X2,3,0.015,0.10,否,SPX,(8) 首个绿灯信号日,—,19,8,11,12.00,23,
N,X2,3,0.015,0.10,否,SPX,(8) 首个绿灯执行日,—,19,8,12,13.00,24,
N,X2,3,0.015,0.10,否,QQQ,(1) 两指数 Q≥K,是,23,0,3,3.00,5,0
N,X2,3,0.015,0.10,否,QQQ,(2) 价格通道有效且未激活,是,23,0,3,3.00,5,0
N,X2,3,0.015,0.10,否,QQQ,(3) 非价格通道连续5天有效且未激活,是,18,5,11.0,12.75,23,16
N,X2,3,0.015,0.10,否,QQQ,(4) S5TW 广度修复（不低于60日中位数连续3天）,是,21,2,6,8,19,2
N,X2,3,0.015,0.10,否,QQQ,(5) NDTW 广度修复（不低于60日中位数连续3天）,是,21,2,7,8,19,1
N,X2,3,0.015,0.10,否,QQQ,(6) 两指数收盘高于 MA50,否（只列天数）,18,5,8.0,9.75,20,0
N,X2,3,0.015,0.10,否,QQQ,(7) 系统已由红转黄,是,18,5,8.0,9.75,19,0
N,X2,3,0.015,0.10,否,QQQ,(8) 首个绿灯信号日,—,17,6,11,13,35,
N,X2,3,0.015,0.10,否,QQQ,(8) 首个绿灯执行日,—,17,6,12,14,36,
N,X2,3,0.015,0.20,否,SPX,(1) 两指数 Q≥K,是,27,0,3,3.00,6,0
N,X2,3,0.015,0.20,否,SPX,(2) 价格通道有效且未激活,是,27,0,3,3.00,6,0
N,X2,3,0.015,0.20,否,SPX,(3) 非价格通道连续5天有效且未激活,是,20,7,11.5,12.50,23,18
N,X2,3,0.015,0.20,否,SPX,(4) S5TW 广度修复（不低于60日中位数连续3天）,是,25,2,6,8,19,2
N,X2,3,0.015,0.20,否,SPX,(5) NDTW 广度修复（不低于60日中位数连续3天）,是,24,3,7.0,8.00,19,1
N,X2,3,0.015,0.20,否,SPX,(6) 两指数收盘高于 MA50,否（只列天数）,21,6,8,9,17,0
N,X2,3,0.015,0.20,否,SPX,(7) 系统已由红转黄,是,21,6,8,10,19,0
N,X2,3,0.015,0.20,否,SPX,(8) 首个绿灯信号日,—,19,8,11,13.00,23,
N,X2,3,0.015,0.20,否,SPX,(8) 首个绿灯执行日,—,19,8,12,14.00,24,
N,X2,3,0.015,0.20,否,QQQ,(1) 两指数 Q≥K,是,23,0,3,3.00,5,0
N,X2,3,0.015,0.20,否,QQQ,(2) 价格通道有效且未激活,是,23,0,3,3.00,5,0
N,X2,3,0.015,0.20,否,QQQ,(3) 非价格通道连续5天有效且未激活,是,18,5,11.5,13.75,23,16
N,X2,3,0.015,0.20,否,QQQ,(4) S5TW 广度修复（不低于60日中位数连续3天）,是,21,2,6,8,19,2
N,X2,3,0.015,0.20,否,QQQ,(5) NDTW 广度修复（不低于60日中位数连续3天）,是,21,2,7,8,19,1
N,X2,3,0.015,0.20,否,QQQ,(6) 两指数收盘高于 MA50,否（只列天数）,18,5,8.0,9.75,20,0
N,X2,3,0.015,0.20,否,QQQ,(7) 系统已由红转黄,是,18,5,8.0,9.75,19,0
N,X2,3,0.015,0.20,否,QQQ,(8) 首个绿灯信号日,—,17,6,11,14,35,
N,X2,3,0.015,0.20,否,QQQ,(8) 首个绿灯执行日,—,17,6,12,15,36,
N,X2,3,0.02,0.10,否,SPX,(1) 两指数 Q≥K,是,27,0,3,3.00,6,0
N,X2,3,0.02,0.10,否,SPX,(2) 价格通道有效且未激活,是,27,0,3,3.00,6,0
N,X2,3,0.02,0.10,否,SPX,(3) 非价格通道连续5天有效且未激活,是,20,7,11.0,12.00,23,17
N,X2,3,0.02,0.10,否,SPX,(4) S5TW 广度修复（不低于60日中位数连续3天）,是,25,2,6,8,19,2
N,X2,3,0.02,0.10,否,SPX,(5) NDTW 广度修复（不低于60日中位数连续3天）,是,24,3,7.0,8.00,19,1
N,X2,3,0.02,0.10,否,SPX,(6) 两指数收盘高于 MA50,否（只列天数）,21,6,8,9,17,0
N,X2,3,0.02,0.10,否,SPX,(7) 系统已由红转黄,是,22,5,8.0,9.75,16,2
N,X2,3,0.02,0.10,否,SPX,(8) 首个绿灯信号日,—,19,8,11,13.00,23,
N,X2,3,0.02,0.10,否,SPX,(8) 首个绿灯执行日,—,19,8,12,14.00,24,
N,X2,3,0.02,0.10,否,QQQ,(1) 两指数 Q≥K,是,23,0,3,3.00,5,0
N,X2,3,0.02,0.10,否,QQQ,(2) 价格通道有效且未激活,是,23,0,3,3.00,5,0
N,X2,3,0.02,0.10,否,QQQ,(3) 非价格通道连续5天有效且未激活,是,18,5,11.0,12.75,23,15
N,X2,3,0.02,0.10,否,QQQ,(4) S5TW 广度修复（不低于60日中位数连续3天）,是,21,2,6,8,19,2
N,X2,3,0.02,0.10,否,QQQ,(5) NDTW 广度修复（不低于60日中位数连续3天）,是,21,2,7,8,19,1
N,X2,3,0.02,0.10,否,QQQ,(6) 两指数收盘高于 MA50,否（只列天数）,18,5,8.0,9.75,20,0
N,X2,3,0.02,0.10,否,QQQ,(7) 系统已由红转黄,是,19,4,8,10.00,19,1
N,X2,3,0.02,0.10,否,QQQ,(8) 首个绿灯信号日,—,17,6,11,13,35,
N,X2,3,0.02,0.10,否,QQQ,(8) 首个绿灯执行日,—,17,6,12,14,36,
N,X2,3,0.02,0.20,否,SPX,(1) 两指数 Q≥K,是,27,0,3,3.00,6,0
N,X2,3,0.02,0.20,否,SPX,(2) 价格通道有效且未激活,是,27,0,3,3.00,6,0
N,X2,3,0.02,0.20,否,SPX,(3) 非价格通道连续5天有效且未激活,是,20,7,11.5,12.50,23,17
N,X2,3,0.02,0.20,否,SPX,(4) S5TW 广度修复（不低于60日中位数连续3天）,是,25,2,6,8,19,2
N,X2,3,0.02,0.20,否,SPX,(5) NDTW 广度修复（不低于60日中位数连续3天）,是,24,3,7.0,8.00,19,1
N,X2,3,0.02,0.20,否,SPX,(6) 两指数收盘高于 MA50,否（只列天数）,21,6,8,9,17,0
N,X2,3,0.02,0.20,否,SPX,(7) 系统已由红转黄,是,22,5,8.0,9.75,16,2
N,X2,3,0.02,0.20,否,SPX,(8) 首个绿灯信号日,—,19,8,11,14.00,23,
N,X2,3,0.02,0.20,否,SPX,(8) 首个绿灯执行日,—,19,8,12,15.00,24,
N,X2,3,0.02,0.20,否,QQQ,(1) 两指数 Q≥K,是,23,0,3,3.00,5,0
N,X2,3,0.02,0.20,否,QQQ,(2) 价格通道有效且未激活,是,23,0,3,3.00,5,0
N,X2,3,0.02,0.20,否,QQQ,(3) 非价格通道连续5天有效且未激活,是,18,5,11.5,13.75,23,15
N,X2,3,0.02,0.20,否,QQQ,(4) S5TW 广度修复（不低于60日中位数连续3天）,是,21,2,6,8,19,2
N,X2,3,0.02,0.20,否,QQQ,(5) NDTW 广度修复（不低于60日中位数连续3天）,是,21,2,7,8,19,1
N,X2,3,0.02,0.20,否,QQQ,(6) 两指数收盘高于 MA50,否（只列天数）,18,5,8.0,9.75,20,0
N,X2,3,0.02,0.20,否,QQQ,(7) 系统已由红转黄,是,19,4,8,10.00,19,1
N,X2,3,0.02,0.20,否,QQQ,(8) 首个绿灯信号日,—,17,6,11,14,35,
N,X2,3,0.02,0.20,否,QQQ,(8) 首个绿灯执行日,—,17,6,12,15,36,
N,X2,3,0.025,0.10,否,SPX,(1) 两指数 Q≥K,是,27,0,3,3.00,6,0
N,X2,3,0.025,0.10,否,SPX,(2) 价格通道有效且未激活,是,27,0,3,3.00,6,0
N,X2,3,0.025,0.10,否,SPX,(3) 非价格通道连续5天有效且未激活,是,20,7,11.0,12.00,23,17
N,X2,3,0.025,0.10,否,SPX,(4) S5TW 广度修复（不低于60日中位数连续3天）,是,25,2,6,8,19,2
N,X2,3,0.025,0.10,否,SPX,(5) NDTW 广度修复（不低于60日中位数连续3天）,是,24,3,7.0,8.00,19,1
N,X2,3,0.025,0.10,否,SPX,(6) 两指数收盘高于 MA50,否（只列天数）,21,6,8,9,17,0
N,X2,3,0.025,0.10,否,SPX,(7) 系统已由红转黄,是,22,5,8.0,9.00,12,1
N,X2,3,0.025,0.10,否,SPX,(8) 首个绿灯信号日,—,19,8,11,13.00,23,
N,X2,3,0.025,0.10,否,SPX,(8) 首个绿灯执行日,—,19,8,12,14.00,24,
N,X2,3,0.025,0.10,否,QQQ,(1) 两指数 Q≥K,是,23,0,3,3.00,5,0
N,X2,3,0.025,0.10,否,QQQ,(2) 价格通道有效且未激活,是,23,0,3,3.00,5,0
N,X2,3,0.025,0.10,否,QQQ,(3) 非价格通道连续5天有效且未激活,是,18,5,11.0,12.75,23,15
N,X2,3,0.025,0.10,否,QQQ,(4) S5TW 广度修复（不低于60日中位数连续3天）,是,21,2,6,8,19,2
N,X2,3,0.025,0.10,否,QQQ,(5) NDTW 广度修复（不低于60日中位数连续3天）,是,21,2,7,8,19,1
N,X2,3,0.025,0.10,否,QQQ,(6) 两指数收盘高于 MA50,否（只列天数）,18,5,8.0,9.75,20,0
N,X2,3,0.025,0.10,否,QQQ,(7) 系统已由红转黄,是,19,4,8,9.50,16,1
N,X2,3,0.025,0.10,否,QQQ,(8) 首个绿灯信号日,—,17,6,11,13,35,
N,X2,3,0.025,0.10,否,QQQ,(8) 首个绿灯执行日,—,17,6,12,14,36,
N,X2,3,0.025,0.20,否,SPX,(1) 两指数 Q≥K,是,27,0,3,3.00,6,0
N,X2,3,0.025,0.20,否,SPX,(2) 价格通道有效且未激活,是,27,0,3,3.00,6,0
N,X2,3,0.025,0.20,否,SPX,(3) 非价格通道连续5天有效且未激活,是,20,7,11.5,12.50,23,17
N,X2,3,0.025,0.20,否,SPX,(4) S5TW 广度修复（不低于60日中位数连续3天）,是,25,2,6,8,19,2
N,X2,3,0.025,0.20,否,SPX,(5) NDTW 广度修复（不低于60日中位数连续3天）,是,24,3,7.0,8.00,19,1
N,X2,3,0.025,0.20,否,SPX,(6) 两指数收盘高于 MA50,否（只列天数）,21,6,8,9,17,0
N,X2,3,0.025,0.20,否,SPX,(7) 系统已由红转黄,是,22,5,8.0,9.00,12,1
N,X2,3,0.025,0.20,否,SPX,(8) 首个绿灯信号日,—,19,8,11,14.00,23,
N,X2,3,0.025,0.20,否,SPX,(8) 首个绿灯执行日,—,19,8,12,15.00,24,
N,X2,3,0.025,0.20,否,QQQ,(1) 两指数 Q≥K,是,23,0,3,3.00,5,0
N,X2,3,0.025,0.20,否,QQQ,(2) 价格通道有效且未激活,是,23,0,3,3.00,5,0
N,X2,3,0.025,0.20,否,QQQ,(3) 非价格通道连续5天有效且未激活,是,18,5,11.5,13.75,23,15
N,X2,3,0.025,0.20,否,QQQ,(4) S5TW 广度修复（不低于60日中位数连续3天）,是,21,2,6,8,19,2
N,X2,3,0.025,0.20,否,QQQ,(5) NDTW 广度修复（不低于60日中位数连续3天）,是,21,2,7,8,19,1
N,X2,3,0.025,0.20,否,QQQ,(6) 两指数收盘高于 MA50,否（只列天数）,18,5,8.0,9.75,20,0
N,X2,3,0.025,0.20,否,QQQ,(7) 系统已由红转黄,是,19,4,8,9.50,16,1
N,X2,3,0.025,0.20,否,QQQ,(8) 首个绿灯信号日,—,17,6,11,14,35,
N,X2,3,0.025,0.20,否,QQQ,(8) 首个绿灯执行日,—,17,6,12,15,36,
N,X2,5,0.015,0.10,否,SPX,(1) 两指数 Q≥K,是,27,0,5,5.00,8,0
N,X2,5,0.015,0.10,否,SPX,(2) 价格通道有效且未激活,是,27,0,5,5.00,8,0
N,X2,5,0.015,0.10,否,SPX,(3) 非价格通道连续5天有效且未激活,是,20,7,11.0,12.00,23,18
N,X2,5,0.015,0.10,否,SPX,(4) S5TW 广度修复（不低于60日中位数连续3天）,是,25,2,6,8,19,2
N,X2,5,0.015,0.10,否,SPX,(5) NDTW 广度修复（不低于60日中位数连续3天）,是,24,3,7.0,8.00,19,1
N,X2,5,0.015,0.10,否,SPX,(6) 两指数收盘高于 MA50,否（只列天数）,21,6,8,9,17,0
N,X2,5,0.015,0.10,否,SPX,(7) 系统已由红转黄,是,21,6,8,10,19,0
N,X2,5,0.015,0.10,否,SPX,(8) 首个绿灯信号日,—,19,8,11,12.00,23,
N,X2,5,0.015,0.10,否,SPX,(8) 首个绿灯执行日,—,19,8,12,13.00,24,
N,X2,5,0.015,0.10,否,QQQ,(1) 两指数 Q≥K,是,23,0,5,5.00,7,0
N,X2,5,0.015,0.10,否,QQQ,(2) 价格通道有效且未激活,是,23,0,5,5.00,7,0
N,X2,5,0.015,0.10,否,QQQ,(3) 非价格通道连续5天有效且未激活,是,18,5,11.0,12.75,23,16
N,X2,5,0.015,0.10,否,QQQ,(4) S5TW 广度修复（不低于60日中位数连续3天）,是,21,2,6,8,19,2
N,X2,5,0.015,0.10,否,QQQ,(5) NDTW 广度修复（不低于60日中位数连续3天）,是,21,2,7,8,19,1
N,X2,5,0.015,0.10,否,QQQ,(6) 两指数收盘高于 MA50,否（只列天数）,18,5,8.0,9.75,20,0
N,X2,5,0.015,0.10,否,QQQ,(7) 系统已由红转黄,是,18,5,8.0,9.75,19,0
N,X2,5,0.015,0.10,否,QQQ,(8) 首个绿灯信号日,—,17,6,11,13,35,
N,X2,5,0.015,0.10,否,QQQ,(8) 首个绿灯执行日,—,17,6,12,14,36,
N,X2,5,0.015,0.20,否,SPX,(1) 两指数 Q≥K,是,27,0,5,5.00,8,0
N,X2,5,0.015,0.20,否,SPX,(2) 价格通道有效且未激活,是,27,0,5,5.00,8,0
N,X2,5,0.015,0.20,否,SPX,(3) 非价格通道连续5天有效且未激活,是,20,7,11.5,12.50,23,18
N,X2,5,0.015,0.20,否,SPX,(4) S5TW 广度修复（不低于60日中位数连续3天）,是,25,2,6,8,19,2
N,X2,5,0.015,0.20,否,SPX,(5) NDTW 广度修复（不低于60日中位数连续3天）,是,24,3,7.0,8.00,19,1
N,X2,5,0.015,0.20,否,SPX,(6) 两指数收盘高于 MA50,否（只列天数）,21,6,8,9,17,0
N,X2,5,0.015,0.20,否,SPX,(7) 系统已由红转黄,是,21,6,8,10,19,0
N,X2,5,0.015,0.20,否,SPX,(8) 首个绿灯信号日,—,19,8,11,13.00,23,
N,X2,5,0.015,0.20,否,SPX,(8) 首个绿灯执行日,—,19,8,12,14.00,24,
N,X2,5,0.015,0.20,否,QQQ,(1) 两指数 Q≥K,是,23,0,5,5.00,7,0
N,X2,5,0.015,0.20,否,QQQ,(2) 价格通道有效且未激活,是,23,0,5,5.00,7,0
N,X2,5,0.015,0.20,否,QQQ,(3) 非价格通道连续5天有效且未激活,是,18,5,11.5,13.75,23,16
N,X2,5,0.015,0.20,否,QQQ,(4) S5TW 广度修复（不低于60日中位数连续3天）,是,21,2,6,8,19,2
N,X2,5,0.015,0.20,否,QQQ,(5) NDTW 广度修复（不低于60日中位数连续3天）,是,21,2,7,8,19,1
N,X2,5,0.015,0.20,否,QQQ,(6) 两指数收盘高于 MA50,否（只列天数）,18,5,8.0,9.75,20,0
N,X2,5,0.015,0.20,否,QQQ,(7) 系统已由红转黄,是,18,5,8.0,9.75,19,0
N,X2,5,0.015,0.20,否,QQQ,(8) 首个绿灯信号日,—,17,6,11,14,35,
N,X2,5,0.015,0.20,否,QQQ,(8) 首个绿灯执行日,—,17,6,12,15,36,
N,X2,5,0.02,0.10,是,SPX,(1) 两指数 Q≥K,是,27,0,5,5.00,8,0
N,X2,5,0.02,0.10,是,SPX,(2) 价格通道有效且未激活,是,27,0,5,5.00,8,0
N,X2,5,0.02,0.10,是,SPX,(3) 非价格通道连续5天有效且未激活,是,20,7,11.0,12.00,23,17
N,X2,5,0.02,0.10,是,SPX,(4) S5TW 广度修复（不低于60日中位数连续3天）,是,25,2,6,8,19,2
N,X2,5,0.02,0.10,是,SPX,(5) NDTW 广度修复（不低于60日中位数连续3天）,是,24,3,7.0,8.00,19,1
N,X2,5,0.02,0.10,是,SPX,(6) 两指数收盘高于 MA50,否（只列天数）,21,6,8,9,17,0
N,X2,5,0.02,0.10,是,SPX,(7) 系统已由红转黄,是,22,5,8.0,10.00,16,1
N,X2,5,0.02,0.10,是,SPX,(8) 首个绿灯信号日,—,19,8,11,13.00,23,
N,X2,5,0.02,0.10,是,SPX,(8) 首个绿灯执行日,—,19,8,12,14.00,24,
N,X2,5,0.02,0.10,是,QQQ,(1) 两指数 Q≥K,是,23,0,5,5.00,7,0
N,X2,5,0.02,0.10,是,QQQ,(2) 价格通道有效且未激活,是,23,0,5,5.00,7,0
N,X2,5,0.02,0.10,是,QQQ,(3) 非价格通道连续5天有效且未激活,是,18,5,11.0,12.75,23,15
N,X2,5,0.02,0.10,是,QQQ,(4) S5TW 广度修复（不低于60日中位数连续3天）,是,21,2,6,8,19,2
N,X2,5,0.02,0.10,是,QQQ,(5) NDTW 广度修复（不低于60日中位数连续3天）,是,21,2,7,8,19,1
N,X2,5,0.02,0.10,是,QQQ,(6) 两指数收盘高于 MA50,否（只列天数）,18,5,8.0,9.75,20,0
N,X2,5,0.02,0.10,是,QQQ,(7) 系统已由红转黄,是,19,4,8,10.00,19,1
N,X2,5,0.02,0.10,是,QQQ,(8) 首个绿灯信号日,—,17,6,11,13,35,
N,X2,5,0.02,0.10,是,QQQ,(8) 首个绿灯执行日,—,17,6,12,14,36,
N,X2,5,0.02,0.20,否,SPX,(1) 两指数 Q≥K,是,27,0,5,5.00,8,0
N,X2,5,0.02,0.20,否,SPX,(2) 价格通道有效且未激活,是,27,0,5,5.00,8,0
N,X2,5,0.02,0.20,否,SPX,(3) 非价格通道连续5天有效且未激活,是,20,7,11.5,12.50,23,17
N,X2,5,0.02,0.20,否,SPX,(4) S5TW 广度修复（不低于60日中位数连续3天）,是,25,2,6,8,19,2
N,X2,5,0.02,0.20,否,SPX,(5) NDTW 广度修复（不低于60日中位数连续3天）,是,24,3,7.0,8.00,19,1
N,X2,5,0.02,0.20,否,SPX,(6) 两指数收盘高于 MA50,否（只列天数）,21,6,8,9,17,0
N,X2,5,0.02,0.20,否,SPX,(7) 系统已由红转黄,是,22,5,8.0,10.00,16,1
N,X2,5,0.02,0.20,否,SPX,(8) 首个绿灯信号日,—,19,8,11,14.00,23,
N,X2,5,0.02,0.20,否,SPX,(8) 首个绿灯执行日,—,19,8,12,15.00,24,
N,X2,5,0.02,0.20,否,QQQ,(1) 两指数 Q≥K,是,23,0,5,5.00,7,0
N,X2,5,0.02,0.20,否,QQQ,(2) 价格通道有效且未激活,是,23,0,5,5.00,7,0
N,X2,5,0.02,0.20,否,QQQ,(3) 非价格通道连续5天有效且未激活,是,18,5,11.5,13.75,23,15
N,X2,5,0.02,0.20,否,QQQ,(4) S5TW 广度修复（不低于60日中位数连续3天）,是,21,2,6,8,19,2
N,X2,5,0.02,0.20,否,QQQ,(5) NDTW 广度修复（不低于60日中位数连续3天）,是,21,2,7,8,19,1
N,X2,5,0.02,0.20,否,QQQ,(6) 两指数收盘高于 MA50,否（只列天数）,18,5,8.0,9.75,20,0
N,X2,5,0.02,0.20,否,QQQ,(7) 系统已由红转黄,是,19,4,8,10.00,19,1
N,X2,5,0.02,0.20,否,QQQ,(8) 首个绿灯信号日,—,17,6,11,14,35,
N,X2,5,0.02,0.20,否,QQQ,(8) 首个绿灯执行日,—,17,6,12,15,36,
N,X2,5,0.025,0.10,否,SPX,(1) 两指数 Q≥K,是,27,0,5,5.00,8,0
N,X2,5,0.025,0.10,否,SPX,(2) 价格通道有效且未激活,是,27,0,5,5.00,8,0
N,X2,5,0.025,0.10,否,SPX,(3) 非价格通道连续5天有效且未激活,是,20,7,11.0,12.00,23,17
N,X2,5,0.025,0.10,否,SPX,(4) S5TW 广度修复（不低于60日中位数连续3天）,是,25,2,6,8,19,2
N,X2,5,0.025,0.10,否,SPX,(5) NDTW 广度修复（不低于60日中位数连续3天）,是,24,3,7.0,8.00,19,1
N,X2,5,0.025,0.10,否,SPX,(6) 两指数收盘高于 MA50,否（只列天数）,21,6,8,9,17,0
N,X2,5,0.025,0.10,否,SPX,(7) 系统已由红转黄,是,22,5,8.0,9.75,12,1
N,X2,5,0.025,0.10,否,SPX,(8) 首个绿灯信号日,—,19,8,11,13.00,23,
N,X2,5,0.025,0.10,否,SPX,(8) 首个绿灯执行日,—,19,8,12,14.00,24,
N,X2,5,0.025,0.10,否,QQQ,(1) 两指数 Q≥K,是,23,0,5,5.00,7,0
N,X2,5,0.025,0.10,否,QQQ,(2) 价格通道有效且未激活,是,23,0,5,5.00,7,0
N,X2,5,0.025,0.10,否,QQQ,(3) 非价格通道连续5天有效且未激活,是,18,5,11.0,12.75,23,15
N,X2,5,0.025,0.10,否,QQQ,(4) S5TW 广度修复（不低于60日中位数连续3天）,是,21,2,6,8,19,2
N,X2,5,0.025,0.10,否,QQQ,(5) NDTW 广度修复（不低于60日中位数连续3天）,是,21,2,7,8,19,1
N,X2,5,0.025,0.10,否,QQQ,(6) 两指数收盘高于 MA50,否（只列天数）,18,5,8.0,9.75,20,0
N,X2,5,0.025,0.10,否,QQQ,(7) 系统已由红转黄,是,19,4,8,9.50,16,1
N,X2,5,0.025,0.10,否,QQQ,(8) 首个绿灯信号日,—,17,6,11,13,35,
N,X2,5,0.025,0.10,否,QQQ,(8) 首个绿灯执行日,—,17,6,12,14,36,
N,X2,5,0.025,0.20,否,SPX,(1) 两指数 Q≥K,是,27,0,5,5.00,8,0
N,X2,5,0.025,0.20,否,SPX,(2) 价格通道有效且未激活,是,27,0,5,5.00,8,0
N,X2,5,0.025,0.20,否,SPX,(3) 非价格通道连续5天有效且未激活,是,20,7,11.5,12.50,23,17
N,X2,5,0.025,0.20,否,SPX,(4) S5TW 广度修复（不低于60日中位数连续3天）,是,25,2,6,8,19,2
N,X2,5,0.025,0.20,否,SPX,(5) NDTW 广度修复（不低于60日中位数连续3天）,是,24,3,7.0,8.00,19,1
N,X2,5,0.025,0.20,否,SPX,(6) 两指数收盘高于 MA50,否（只列天数）,21,6,8,9,17,0
N,X2,5,0.025,0.20,否,SPX,(7) 系统已由红转黄,是,22,5,8.0,9.75,12,1
N,X2,5,0.025,0.20,否,SPX,(8) 首个绿灯信号日,—,19,8,11,14.00,23,
N,X2,5,0.025,0.20,否,SPX,(8) 首个绿灯执行日,—,19,8,12,15.00,24,
N,X2,5,0.025,0.20,否,QQQ,(1) 两指数 Q≥K,是,23,0,5,5.00,7,0
N,X2,5,0.025,0.20,否,QQQ,(2) 价格通道有效且未激活,是,23,0,5,5.00,7,0
N,X2,5,0.025,0.20,否,QQQ,(3) 非价格通道连续5天有效且未激活,是,18,5,11.5,13.75,23,15
N,X2,5,0.025,0.20,否,QQQ,(4) S5TW 广度修复（不低于60日中位数连续3天）,是,21,2,6,8,19,2
N,X2,5,0.025,0.20,否,QQQ,(5) NDTW 广度修复（不低于60日中位数连续3天）,是,21,2,7,8,19,1
N,X2,5,0.025,0.20,否,QQQ,(6) 两指数收盘高于 MA50,否（只列天数）,18,5,8.0,9.75,20,0
N,X2,5,0.025,0.20,否,QQQ,(7) 系统已由红转黄,是,19,4,8,9.50,16,1
N,X2,5,0.025,0.20,否,QQQ,(8) 首个绿灯信号日,—,17,6,11,14,35,
N,X2,5,0.025,0.20,否,QQQ,(8) 首个绿灯执行日,—,17,6,12,15,36,
N,X2,10,0.015,0.10,否,SPX,(1) 两指数 Q≥K,是,25,2,10,10,13,0
N,X2,10,0.015,0.10,否,SPX,(2) 价格通道有效且未激活,是,25,2,10,10,13,0
N,X2,10,0.015,0.10,否,SPX,(3) 非价格通道连续5天有效且未激活,是,20,7,11.0,12.00,23,7
N,X2,10,0.015,0.10,否,SPX,(4) S5TW 广度修复（不低于60日中位数连续3天）,是,25,2,6,8,19,1
N,X2,10,0.015,0.10,否,SPX,(5) NDTW 广度修复（不低于60日中位数连续3天）,是,24,3,7.0,8.00,19,1
N,X2,10,0.015,0.10,否,SPX,(6) 两指数收盘高于 MA50,否（只列天数）,21,6,8,9,17,0
N,X2,10,0.015,0.10,否,SPX,(7) 系统已由红转黄,是,19,8,12,13.00,19,13
N,X2,10,0.015,0.10,否,SPX,(8) 首个绿灯信号日,—,18,9,13.0,14.00,23,
N,X2,10,0.015,0.10,否,SPX,(8) 首个绿灯执行日,—,18,9,14.0,15.00,24,
N,X2,10,0.015,0.10,否,QQQ,(1) 两指数 Q≥K,是,21,2,10,10,12,0
N,X2,10,0.015,0.10,否,QQQ,(2) 价格通道有效且未激活,是,21,2,10,10,12,0
N,X2,10,0.015,0.10,否,QQQ,(3) 非价格通道连续5天有效且未激活,是,18,5,11.0,12.75,23,7
N,X2,10,0.015,0.10,否,QQQ,(4) S5TW 广度修复（不低于60日中位数连续3天）,是,21,2,6,8,19,1
N,X2,10,0.015,0.10,否,QQQ,(5) NDTW 广度修复（不低于60日中位数连续3天）,是,21,2,7,8,19,1
N,X2,10,0.015,0.10,否,QQQ,(6) 两指数收盘高于 MA50,否（只列天数）,18,5,8.0,9.75,20,0
N,X2,10,0.015,0.10,否,QQQ,(7) 系统已由红转黄,是,17,6,12,12,19,11
N,X2,10,0.015,0.10,否,QQQ,(8) 首个绿灯信号日,—,16,7,13.0,14.25,35,
N,X2,10,0.015,0.10,否,QQQ,(8) 首个绿灯执行日,—,16,7,14.0,15.25,36,
N,X2,10,0.015,0.20,否,SPX,(1) 两指数 Q≥K,是,25,2,10,10,13,0
N,X2,10,0.015,0.20,否,SPX,(2) 价格通道有效且未激活,是,25,2,10,10,13,0
N,X2,10,0.015,0.20,否,SPX,(3) 非价格通道连续5天有效且未激活,是,20,7,11.5,12.50,23,8
N,X2,10,0.015,0.20,否,SPX,(4) S5TW 广度修复（不低于60日中位数连续3天）,是,25,2,6,8,19,1
N,X2,10,0.015,0.20,否,SPX,(5) NDTW 广度修复（不低于60日中位数连续3天）,是,24,3,7.0,8.00,19,1
N,X2,10,0.015,0.20,否,SPX,(6) 两指数收盘高于 MA50,否（只列天数）,21,6,8,9,17,0
N,X2,10,0.015,0.20,否,SPX,(7) 系统已由红转黄,是,19,8,12,13.00,19,12
N,X2,10,0.015,0.20,否,SPX,(8) 首个绿灯信号日,—,18,9,13.5,14.00,23,
N,X2,10,0.015,0.20,否,SPX,(8) 首个绿灯执行日,—,18,9,14.5,15.00,24,
N,X2,10,0.015,0.20,否,QQQ,(1) 两指数 Q≥K,是,21,2,10,10,12,0
N,X2,10,0.015,0.20,否,QQQ,(2) 价格通道有效且未激活,是,21,2,10,10,12,0
N,X2,10,0.015,0.20,否,QQQ,(3) 非价格通道连续5天有效且未激活,是,18,5,11.5,13.75,23,8
N,X2,10,0.015,0.20,否,QQQ,(4) S5TW 广度修复（不低于60日中位数连续3天）,是,21,2,6,8,19,1
N,X2,10,0.015,0.20,否,QQQ,(5) NDTW 广度修复（不低于60日中位数连续3天）,是,21,2,7,8,19,1
N,X2,10,0.015,0.20,否,QQQ,(6) 两指数收盘高于 MA50,否（只列天数）,18,5,8.0,9.75,20,0
N,X2,10,0.015,0.20,否,QQQ,(7) 系统已由红转黄,是,17,6,12,12,19,10
N,X2,10,0.015,0.20,否,QQQ,(8) 首个绿灯信号日,—,16,7,13.0,14.25,35,
N,X2,10,0.015,0.20,否,QQQ,(8) 首个绿灯执行日,—,16,7,14.0,15.25,36,
N,X2,10,0.02,0.10,否,SPX,(1) 两指数 Q≥K,是,25,2,10,10,13,0
N,X2,10,0.02,0.10,否,SPX,(2) 价格通道有效且未激活,是,25,2,10,11,13,0
N,X2,10,0.02,0.10,否,SPX,(3) 非价格通道连续5天有效且未激活,是,20,7,11.0,12.00,23,7
N,X2,10,0.02,0.10,否,SPX,(4) S5TW 广度修复（不低于60日中位数连续3天）,是,25,2,6,8,19,1
N,X2,10,0.02,0.10,否,SPX,(5) NDTW 广度修复（不低于60日中位数连续3天）,是,24,3,7.0,8.00,19,1
N,X2,10,0.02,0.10,否,SPX,(6) 两指数收盘高于 MA50,否（只列天数）,21,6,8,9,17,0
N,X2,10,0.02,0.10,否,SPX,(7) 系统已由红转黄,是,18,9,12.0,13.75,16,13
N,X2,10,0.02,0.10,否,SPX,(8) 首个绿灯信号日,—,18,9,13.5,14.75,23,
N,X2,10,0.02,0.10,否,SPX,(8) 首个绿灯执行日,—,18,9,14.5,15.75,24,
N,X2,10,0.02,0.10,否,QQQ,(1) 两指数 Q≥K,是,21,2,10,10,12,0
N,X2,10,0.02,0.10,否,QQQ,(2) 价格通道有效且未激活,是,21,2,10,10,13,0
N,X2,10,0.02,0.10,否,QQQ,(3) 非价格通道连续5天有效且未激活,是,18,5,11.0,12.75,23,6
N,X2,10,0.02,0.10,否,QQQ,(4) S5TW 广度修复（不低于60日中位数连续3天）,是,21,2,6,8,19,1
N,X2,10,0.02,0.10,否,QQQ,(5) NDTW 广度修复（不低于60日中位数连续3天）,是,21,2,7,8,19,1
N,X2,10,0.02,0.10,否,QQQ,(6) 两指数收盘高于 MA50,否（只列天数）,18,5,8.0,9.75,20,0
N,X2,10,0.02,0.10,否,QQQ,(7) 系统已由红转黄,是,16,7,12.0,14.25,19,11
N,X2,10,0.02,0.10,否,QQQ,(8) 首个绿灯信号日,—,16,7,13.0,15.25,35,
N,X2,10,0.02,0.10,否,QQQ,(8) 首个绿灯执行日,—,16,7,14.0,16.25,36,
N,X2,10,0.02,0.20,否,SPX,(1) 两指数 Q≥K,是,25,2,10,10,13,0
N,X2,10,0.02,0.20,否,SPX,(2) 价格通道有效且未激活,是,25,2,10,11,13,0
N,X2,10,0.02,0.20,否,SPX,(3) 非价格通道连续5天有效且未激活,是,20,7,11.5,12.50,23,8
N,X2,10,0.02,0.20,否,SPX,(4) S5TW 广度修复（不低于60日中位数连续3天）,是,25,2,6,8,19,1
N,X2,10,0.02,0.20,否,SPX,(5) NDTW 广度修复（不低于60日中位数连续3天）,是,24,3,7.0,8.00,19,1
N,X2,10,0.02,0.20,否,SPX,(6) 两指数收盘高于 MA50,否（只列天数）,21,6,8,9,17,0
N,X2,10,0.02,0.20,否,SPX,(7) 系统已由红转黄,是,18,9,12.0,13.75,16,12
N,X2,10,0.02,0.20,否,SPX,(8) 首个绿灯信号日,—,18,9,14.0,14.75,23,
N,X2,10,0.02,0.20,否,SPX,(8) 首个绿灯执行日,—,18,9,15.0,15.75,24,
N,X2,10,0.02,0.20,否,QQQ,(1) 两指数 Q≥K,是,21,2,10,10,12,0
N,X2,10,0.02,0.20,否,QQQ,(2) 价格通道有效且未激活,是,21,2,10,10,13,0
N,X2,10,0.02,0.20,否,QQQ,(3) 非价格通道连续5天有效且未激活,是,18,5,11.5,13.75,23,7
N,X2,10,0.02,0.20,否,QQQ,(4) S5TW 广度修复（不低于60日中位数连续3天）,是,21,2,6,8,19,1
N,X2,10,0.02,0.20,否,QQQ,(5) NDTW 广度修复（不低于60日中位数连续3天）,是,21,2,7,8,19,1
N,X2,10,0.02,0.20,否,QQQ,(6) 两指数收盘高于 MA50,否（只列天数）,18,5,8.0,9.75,20,0
N,X2,10,0.02,0.20,否,QQQ,(7) 系统已由红转黄,是,16,7,12.0,14.25,19,10
N,X2,10,0.02,0.20,否,QQQ,(8) 首个绿灯信号日,—,16,7,13.0,15.25,35,
N,X2,10,0.02,0.20,否,QQQ,(8) 首个绿灯执行日,—,16,7,14.0,16.25,36,
N,X2,10,0.025,0.10,否,SPX,(1) 两指数 Q≥K,是,25,2,10,10,13,1
N,X2,10,0.025,0.10,否,SPX,(2) 价格通道有效且未激活,是,25,2,10,11,13,2
N,X2,10,0.025,0.10,否,SPX,(3) 非价格通道连续5天有效且未激活,是,20,7,11.0,12.00,23,6
N,X2,10,0.025,0.10,否,SPX,(4) S5TW 广度修复（不低于60日中位数连续3天）,是,25,2,6,8,19,1
N,X2,10,0.025,0.10,否,SPX,(5) NDTW 广度修复（不低于60日中位数连续3天）,是,24,3,7.0,8.00,19,1
N,X2,10,0.025,0.10,否,SPX,(6) 两指数收盘高于 MA50,否（只列天数）,21,6,8,9,17,0
N,X2,10,0.025,0.10,否,SPX,(7) 系统已由红转黄,是,18,9,12.0,13.00,16,11
N,X2,10,0.025,0.10,否,SPX,(8) 首个绿灯信号日,—,18,9,13.5,14.00,23,
N,X2,10,0.025,0.10,否,SPX,(8) 首个绿灯执行日,—,18,9,14.5,15.00,24,
N,X2,10,0.025,0.10,否,QQQ,(1) 两指数 Q≥K,是,21,2,10,10,12,0
N,X2,10,0.025,0.10,否,QQQ,(2) 价格通道有效且未激活,是,21,2,10,10,13,1
N,X2,10,0.025,0.10,否,QQQ,(3) 非价格通道连续5天有效且未激活,是,18,5,11.0,12.75,23,5
N,X2,10,0.025,0.10,否,QQQ,(4) S5TW 广度修复（不低于60日中位数连续3天）,是,21,2,6,8,19,1
N,X2,10,0.025,0.10,否,QQQ,(5) NDTW 广度修复（不低于60日中位数连续3天）,是,21,2,7,8,19,1
N,X2,10,0.025,0.10,否,QQQ,(6) 两指数收盘高于 MA50,否（只列天数）,18,5,8.0,9.75,20,0
N,X2,10,0.025,0.10,否,QQQ,(7) 系统已由红转黄,是,16,7,12.0,12.50,16,10
N,X2,10,0.025,0.10,否,QQQ,(8) 首个绿灯信号日,—,16,7,13.0,14.25,35,
N,X2,10,0.025,0.10,否,QQQ,(8) 首个绿灯执行日,—,16,7,14.0,15.25,36,
N,X2,10,0.025,0.20,否,SPX,(1) 两指数 Q≥K,是,25,2,10,10,13,1
N,X2,10,0.025,0.20,否,SPX,(2) 价格通道有效且未激活,是,25,2,10,11,13,2
N,X2,10,0.025,0.20,否,SPX,(3) 非价格通道连续5天有效且未激活,是,20,7,11.5,12.50,23,7
N,X2,10,0.025,0.20,否,SPX,(4) S5TW 广度修复（不低于60日中位数连续3天）,是,25,2,6,8,19,1
N,X2,10,0.025,0.20,否,SPX,(5) NDTW 广度修复（不低于60日中位数连续3天）,是,24,3,7.0,8.00,19,1
N,X2,10,0.025,0.20,否,SPX,(6) 两指数收盘高于 MA50,否（只列天数）,21,6,8,9,17,0
N,X2,10,0.025,0.20,否,SPX,(7) 系统已由红转黄,是,18,9,12.0,13.00,16,10
N,X2,10,0.025,0.20,否,SPX,(8) 首个绿灯信号日,—,18,9,14.0,14.00,23,
N,X2,10,0.025,0.20,否,SPX,(8) 首个绿灯执行日,—,18,9,15.0,15.00,24,
N,X2,10,0.025,0.20,否,QQQ,(1) 两指数 Q≥K,是,21,2,10,10,12,0
N,X2,10,0.025,0.20,否,QQQ,(2) 价格通道有效且未激活,是,21,2,10,10,13,1
N,X2,10,0.025,0.20,否,QQQ,(3) 非价格通道连续5天有效且未激活,是,18,5,11.5,13.75,23,6
N,X2,10,0.025,0.20,否,QQQ,(4) S5TW 广度修复（不低于60日中位数连续3天）,是,21,2,6,8,19,1
N,X2,10,0.025,0.20,否,QQQ,(5) NDTW 广度修复（不低于60日中位数连续3天）,是,21,2,7,8,19,1
N,X2,10,0.025,0.20,否,QQQ,(6) 两指数收盘高于 MA50,否（只列天数）,18,5,8.0,9.75,20,0
N,X2,10,0.025,0.20,否,QQQ,(7) 系统已由红转黄,是,16,7,12.0,12.50,16,9
N,X2,10,0.025,0.20,否,QQQ,(8) 首个绿灯信号日,—,16,7,13.0,14.25,35,
N,X2,10,0.025,0.20,否,QQQ,(8) 首个绿灯执行日,—,16,7,14.0,15.25,36,
N′,X2,3,0.015,,否,SPX,(1) 两指数 Q≥K,是,27,0,3,3.00,6,0
N′,X2,3,0.015,,否,SPX,(2) 价格通道有效且未激活,是,27,0,3,3.00,6,1
N′,X2,3,0.015,,否,SPX,(3) 非价格通道连续5天有效且未激活,是,21,6,10,11,14,15
N′,X2,3,0.015,,否,SPX,(4) S5TW 广度修复（不低于60日中位数连续3天）,是,25,2,6,8,19,4
N′,X2,3,0.015,,否,SPX,(5) NDTW 广度修复（不低于60日中位数连续3天）,是,24,3,7.0,8.00,19,2
N′,X2,3,0.015,,否,SPX,(6) 两指数收盘高于 MA50,否（只列天数）,21,6,8,9,17,0
N′,X2,3,0.015,,否,SPX,(7) 系统已由红转黄,是,21,6,8,10,19,1
N′,X2,3,0.015,,否,SPX,(8) 首个绿灯信号日,—,19,8,10,11.50,20,
N′,X2,3,0.015,,否,SPX,(8) 首个绿灯执行日,—,19,8,11,12.50,21,
N′,X2,3,0.015,,否,QQQ,(1) 两指数 Q≥K,是,23,0,3,3.00,5,0
N′,X2,3,0.015,,否,QQQ,(2) 价格通道有效且未激活,是,23,0,3,3.00,5,0
N′,X2,3,0.015,,否,QQQ,(3) 非价格通道连续5天有效且未激活,是,18,5,9.5,11.00,18,12
N′,X2,3,0.015,,否,QQQ,(4) S5TW 广度修复（不低于60日中位数连续3天）,是,21,2,6,8,19,5
N′,X2,3,0.015,,否,QQQ,(5) NDTW 广度修复（不低于60日中位数连续3天）,是,21,2,7,8,19,2
N′,X2,3,0.015,,否,QQQ,(6) 两指数收盘高于 MA50,否（只列天数）,18,5,8.0,9.75,20,0
N′,X2,3,0.015,,否,QQQ,(7) 系统已由红转黄,是,18,5,8.0,9.75,19,1
N′,X2,3,0.015,,否,QQQ,(8) 首个绿灯信号日,—,17,6,10,12,31,
N′,X2,3,0.015,,否,QQQ,(8) 首个绿灯执行日,—,17,6,11,13,32,
N′,X2,3,0.02,,否,SPX,(1) 两指数 Q≥K,是,27,0,3,3.00,6,0
N′,X2,3,0.02,,否,SPX,(2) 价格通道有效且未激活,是,27,0,3,3.00,6,0
N′,X2,3,0.02,,否,SPX,(3) 非价格通道连续5天有效且未激活,是,21,6,10,11,14,14
N′,X2,3,0.02,,否,SPX,(4) S5TW 广度修复（不低于60日中位数连续3天）,是,25,2,6,8,19,4
N′,X2,3,0.02,,否,SPX,(5) NDTW 广度修复（不低于60日中位数连续3天）,是,24,3,7.0,8.00,19,2
N′,X2,3,0.02,,否,SPX,(6) 两指数收盘高于 MA50,否（只列天数）,21,6,8,9,17,0
N′,X2,3,0.02,,否,SPX,(7) 系统已由红转黄,是,22,5,8.0,9.75,16,2
N′,X2,3,0.02,,否,SPX,(8) 首个绿灯信号日,—,19,8,10,12.00,19,
N′,X2,3,0.02,,否,SPX,(8) 首个绿灯执行日,—,19,8,11,13.00,20,
N′,X2,3,0.02,,否,QQQ,(1) 两指数 Q≥K,是,23,0,3,3.00,5,0
N′,X2,3,0.02,,否,QQQ,(2) 价格通道有效且未激活,是,23,0,3,3.00,5,0
N′,X2,3,0.02,,否,QQQ,(3) 非价格通道连续5天有效且未激活,是,18,5,9.5,11.00,18,11
N′,X2,3,0.02,,否,QQQ,(4) S5TW 广度修复（不低于60日中位数连续3天）,是,21,2,6,8,19,5
N′,X2,3,0.02,,否,QQQ,(5) NDTW 广度修复（不低于60日中位数连续3天）,是,21,2,7,8,19,2
N′,X2,3,0.02,,否,QQQ,(6) 两指数收盘高于 MA50,否（只列天数）,18,5,8.0,9.75,20,0
N′,X2,3,0.02,,否,QQQ,(7) 系统已由红转黄,是,19,4,8,10.00,19,1
N′,X2,3,0.02,,否,QQQ,(8) 首个绿灯信号日,—,17,6,10,12,31,
N′,X2,3,0.02,,否,QQQ,(8) 首个绿灯执行日,—,17,6,11,13,32,
N′,X2,3,0.025,,否,SPX,(1) 两指数 Q≥K,是,27,0,3,3.00,6,0
N′,X2,3,0.025,,否,SPX,(2) 价格通道有效且未激活,是,27,0,3,3.00,6,0
N′,X2,3,0.025,,否,SPX,(3) 非价格通道连续5天有效且未激活,是,21,6,10,11,14,14
N′,X2,3,0.025,,否,SPX,(4) S5TW 广度修复（不低于60日中位数连续3天）,是,25,2,6,8,19,4
N′,X2,3,0.025,,否,SPX,(5) NDTW 广度修复（不低于60日中位数连续3天）,是,24,3,7.0,8.00,19,2
N′,X2,3,0.025,,否,SPX,(6) 两指数收盘高于 MA50,否（只列天数）,21,6,8,9,17,0
N′,X2,3,0.025,,否,SPX,(7) 系统已由红转黄,是,22,5,8.0,9.00,12,1
N′,X2,3,0.025,,否,SPX,(8) 首个绿灯信号日,—,19,8,10,12.00,19,
N′,X2,3,0.025,,否,SPX,(8) 首个绿灯执行日,—,19,8,11,13.00,20,
N′,X2,3,0.025,,否,QQQ,(1) 两指数 Q≥K,是,23,0,3,3.00,5,0
N′,X2,3,0.025,,否,QQQ,(2) 价格通道有效且未激活,是,23,0,3,3.00,5,0
N′,X2,3,0.025,,否,QQQ,(3) 非价格通道连续5天有效且未激活,是,18,5,9.5,11.00,18,11
N′,X2,3,0.025,,否,QQQ,(4) S5TW 广度修复（不低于60日中位数连续3天）,是,21,2,6,8,19,5
N′,X2,3,0.025,,否,QQQ,(5) NDTW 广度修复（不低于60日中位数连续3天）,是,21,2,7,8,19,2
N′,X2,3,0.025,,否,QQQ,(6) 两指数收盘高于 MA50,否（只列天数）,18,5,8.0,9.75,20,0
N′,X2,3,0.025,,否,QQQ,(7) 系统已由红转黄,是,19,4,8,9.50,16,1
N′,X2,3,0.025,,否,QQQ,(8) 首个绿灯信号日,—,17,6,10,12,31,
N′,X2,3,0.025,,否,QQQ,(8) 首个绿灯执行日,—,17,6,11,13,32,
N′,X2,5,0.015,,否,SPX,(1) 两指数 Q≥K,是,27,0,5,5.00,8,0
N′,X2,5,0.015,,否,SPX,(2) 价格通道有效且未激活,是,27,0,5,5.00,8,1
N′,X2,5,0.015,,否,SPX,(3) 非价格通道连续5天有效且未激活,是,21,6,10,11,14,15
N′,X2,5,0.015,,否,SPX,(4) S5TW 广度修复（不低于60日中位数连续3天）,是,25,2,6,8,19,4
N′,X2,5,0.015,,否,SPX,(5) NDTW 广度修复（不低于60日中位数连续3天）,是,24,3,7.0,8.00,19,2
N′,X2,5,0.015,,否,SPX,(6) 两指数收盘高于 MA50,否（只列天数）,21,6,8,9,17,0
N′,X2,5,0.015,,否,SPX,(7) 系统已由红转黄,是,21,6,8,10,19,1
N′,X2,5,0.015,,否,SPX,(8) 首个绿灯信号日,—,19,8,10,11.50,20,
N′,X2,5,0.015,,否,SPX,(8) 首个绿灯执行日,—,19,8,11,12.50,21,
N′,X2,5,0.015,,否,QQQ,(1) 两指数 Q≥K,是,23,0,5,5.00,7,0
N′,X2,5,0.015,,否,QQQ,(2) 价格通道有效且未激活,是,23,0,5,5.00,7,0
N′,X2,5,0.015,,否,QQQ,(3) 非价格通道连续5天有效且未激活,是,18,5,9.5,11.00,18,12
N′,X2,5,0.015,,否,QQQ,(4) S5TW 广度修复（不低于60日中位数连续3天）,是,21,2,6,8,19,5
N′,X2,5,0.015,,否,QQQ,(5) NDTW 广度修复（不低于60日中位数连续3天）,是,21,2,7,8,19,2
N′,X2,5,0.015,,否,QQQ,(6) 两指数收盘高于 MA50,否（只列天数）,18,5,8.0,9.75,20,0
N′,X2,5,0.015,,否,QQQ,(7) 系统已由红转黄,是,18,5,8.0,9.75,19,1
N′,X2,5,0.015,,否,QQQ,(8) 首个绿灯信号日,—,17,6,10,12,31,
N′,X2,5,0.015,,否,QQQ,(8) 首个绿灯执行日,—,17,6,11,13,32,
N′,X2,5,0.02,,是,SPX,(1) 两指数 Q≥K,是,27,0,5,5.00,8,0
N′,X2,5,0.02,,是,SPX,(2) 价格通道有效且未激活,是,27,0,5,5.00,8,0
N′,X2,5,0.02,,是,SPX,(3) 非价格通道连续5天有效且未激活,是,21,6,10,11,14,14
N′,X2,5,0.02,,是,SPX,(4) S5TW 广度修复（不低于60日中位数连续3天）,是,25,2,6,8,19,4
N′,X2,5,0.02,,是,SPX,(5) NDTW 广度修复（不低于60日中位数连续3天）,是,24,3,7.0,8.00,19,2
N′,X2,5,0.02,,是,SPX,(6) 两指数收盘高于 MA50,否（只列天数）,21,6,8,9,17,0
N′,X2,5,0.02,,是,SPX,(7) 系统已由红转黄,是,22,5,8.0,10.00,16,1
N′,X2,5,0.02,,是,SPX,(8) 首个绿灯信号日,—,19,8,10,12.00,19,
N′,X2,5,0.02,,是,SPX,(8) 首个绿灯执行日,—,19,8,11,13.00,20,
N′,X2,5,0.02,,是,QQQ,(1) 两指数 Q≥K,是,23,0,5,5.00,7,0
N′,X2,5,0.02,,是,QQQ,(2) 价格通道有效且未激活,是,23,0,5,5.00,7,0
N′,X2,5,0.02,,是,QQQ,(3) 非价格通道连续5天有效且未激活,是,18,5,9.5,11.00,18,11
N′,X2,5,0.02,,是,QQQ,(4) S5TW 广度修复（不低于60日中位数连续3天）,是,21,2,6,8,19,5
N′,X2,5,0.02,,是,QQQ,(5) NDTW 广度修复（不低于60日中位数连续3天）,是,21,2,7,8,19,2
N′,X2,5,0.02,,是,QQQ,(6) 两指数收盘高于 MA50,否（只列天数）,18,5,8.0,9.75,20,0
N′,X2,5,0.02,,是,QQQ,(7) 系统已由红转黄,是,19,4,8,10.00,19,1
N′,X2,5,0.02,,是,QQQ,(8) 首个绿灯信号日,—,17,6,10,12,31,
N′,X2,5,0.02,,是,QQQ,(8) 首个绿灯执行日,—,17,6,11,13,32,
N′,X2,5,0.025,,否,SPX,(1) 两指数 Q≥K,是,27,0,5,5.00,8,0
N′,X2,5,0.025,,否,SPX,(2) 价格通道有效且未激活,是,27,0,5,5.00,8,0
N′,X2,5,0.025,,否,SPX,(3) 非价格通道连续5天有效且未激活,是,21,6,10,11,14,14
N′,X2,5,0.025,,否,SPX,(4) S5TW 广度修复（不低于60日中位数连续3天）,是,25,2,6,8,19,4
N′,X2,5,0.025,,否,SPX,(5) NDTW 广度修复（不低于60日中位数连续3天）,是,24,3,7.0,8.00,19,2
N′,X2,5,0.025,,否,SPX,(6) 两指数收盘高于 MA50,否（只列天数）,21,6,8,9,17,0
N′,X2,5,0.025,,否,SPX,(7) 系统已由红转黄,是,22,5,8.0,9.75,12,1
N′,X2,5,0.025,,否,SPX,(8) 首个绿灯信号日,—,19,8,10,12.00,19,
N′,X2,5,0.025,,否,SPX,(8) 首个绿灯执行日,—,19,8,11,13.00,20,
N′,X2,5,0.025,,否,QQQ,(1) 两指数 Q≥K,是,23,0,5,5.00,7,0
N′,X2,5,0.025,,否,QQQ,(2) 价格通道有效且未激活,是,23,0,5,5.00,7,0
N′,X2,5,0.025,,否,QQQ,(3) 非价格通道连续5天有效且未激活,是,18,5,9.5,11.00,18,11
N′,X2,5,0.025,,否,QQQ,(4) S5TW 广度修复（不低于60日中位数连续3天）,是,21,2,6,8,19,5
N′,X2,5,0.025,,否,QQQ,(5) NDTW 广度修复（不低于60日中位数连续3天）,是,21,2,7,8,19,2
N′,X2,5,0.025,,否,QQQ,(6) 两指数收盘高于 MA50,否（只列天数）,18,5,8.0,9.75,20,0
N′,X2,5,0.025,,否,QQQ,(7) 系统已由红转黄,是,19,4,8,9.50,16,1
N′,X2,5,0.025,,否,QQQ,(8) 首个绿灯信号日,—,17,6,10,12,31,
N′,X2,5,0.025,,否,QQQ,(8) 首个绿灯执行日,—,17,6,11,13,32,
N′,X2,10,0.015,,否,SPX,(1) 两指数 Q≥K,是,25,2,10,10,13,0
N′,X2,10,0.015,,否,SPX,(2) 价格通道有效且未激活,是,25,2,10,10,13,0
N′,X2,10,0.015,,否,SPX,(3) 非价格通道连续5天有效且未激活,是,21,6,10,11,14,3
N′,X2,10,0.015,,否,SPX,(4) S5TW 广度修复（不低于60日中位数连续3天）,是,25,2,6,8,19,2
N′,X2,10,0.015,,否,SPX,(5) NDTW 广度修复（不低于60日中位数连续3天）,是,24,3,7.0,8.00,19,2
N′,X2,10,0.015,,否,SPX,(6) 两指数收盘高于 MA50,否（只列天数）,21,6,8,9,17,0
N′,X2,10,0.015,,否,SPX,(7) 系统已由红转黄,是,19,8,12,13.00,19,17
N′,X2,10,0.015,,否,SPX,(8) 首个绿灯信号日,—,18,9,13.0,14.00,20,
N′,X2,10,0.015,,否,SPX,(8) 首个绿灯执行日,—,18,9,14.0,15.00,21,
N′,X2,10,0.015,,否,QQQ,(1) 两指数 Q≥K,是,21,2,10,10,12,0
N′,X2,10,0.015,,否,QQQ,(2) 价格通道有效且未激活,是,21,2,10,10,12,0
N′,X2,10,0.015,,否,QQQ,(3) 非价格通道连续5天有效且未激活,是,18,5,9.5,11.00,18,2
N′,X2,10,0.015,,否,QQQ,(4) S5TW 广度修复（不低于60日中位数连续3天）,是,21,2,6,8,19,3
N′,X2,10,0.015,,否,QQQ,(5) NDTW 广度修复（不低于60日中位数连续3天）,是,21,2,7,8,19,2
N′,X2,10,0.015,,否,QQQ,(6) 两指数收盘高于 MA50,否（只列天数）,18,5,8.0,9.75,20,0
N′,X2,10,0.015,,否,QQQ,(7) 系统已由红转黄,是,17,6,12,12,19,14
N′,X2,10,0.015,,否,QQQ,(8) 首个绿灯信号日,—,16,7,13.0,13.50,31,
N′,X2,10,0.015,,否,QQQ,(8) 首个绿灯执行日,—,16,7,14.0,14.50,32,
N′,X2,10,0.02,,否,SPX,(1) 两指数 Q≥K,是,25,2,10,10,13,0
N′,X2,10,0.02,,否,SPX,(2) 价格通道有效且未激活,是,25,2,10,11,13,0
N′,X2,10,0.02,,否,SPX,(3) 非价格通道连续5天有效且未激活,是,21,6,10,11,14,4
N′,X2,10,0.02,,否,SPX,(4) S5TW 广度修复（不低于60日中位数连续3天）,是,25,2,6,8,19,2
N′,X2,10,0.02,,否,SPX,(5) NDTW 广度修复（不低于60日中位数连续3天）,是,24,3,7.0,8.00,19,2
N′,X2,10,0.02,,否,SPX,(6) 两指数收盘高于 MA50,否（只列天数）,21,6,8,9,17,0
N′,X2,10,0.02,,否,SPX,(7) 系统已由红转黄,是,18,9,12.0,13.75,16,16
N′,X2,10,0.02,,否,SPX,(8) 首个绿灯信号日,—,18,9,13.0,14.75,19,
N′,X2,10,0.02,,否,SPX,(8) 首个绿灯执行日,—,18,9,14.0,15.75,20,
N′,X2,10,0.02,,否,QQQ,(1) 两指数 Q≥K,是,21,2,10,10,12,0
N′,X2,10,0.02,,否,QQQ,(2) 价格通道有效且未激活,是,21,2,10,10,13,0
N′,X2,10,0.02,,否,QQQ,(3) 非价格通道连续5天有效且未激活,是,18,5,9.5,11.00,18,2
N′,X2,10,0.02,,否,QQQ,(4) S5TW 广度修复（不低于60日中位数连续3天）,是,21,2,6,8,19,3
N′,X2,10,0.02,,否,QQQ,(5) NDTW 广度修复（不低于60日中位数连续3天）,是,21,2,7,8,19,2
N′,X2,10,0.02,,否,QQQ,(6) 两指数收盘高于 MA50,否（只列天数）,18,5,8.0,9.75,20,0
N′,X2,10,0.02,,否,QQQ,(7) 系统已由红转黄,是,16,7,12.0,14.25,19,13
N′,X2,10,0.02,,否,QQQ,(8) 首个绿灯信号日,—,16,7,13.0,15.25,31,
N′,X2,10,0.02,,否,QQQ,(8) 首个绿灯执行日,—,16,7,14.0,16.25,32,
N′,X2,10,0.025,,否,SPX,(1) 两指数 Q≥K,是,25,2,10,10,13,1
N′,X2,10,0.025,,否,SPX,(2) 价格通道有效且未激活,是,25,2,10,11,13,2
N′,X2,10,0.025,,否,SPX,(3) 非价格通道连续5天有效且未激活,是,21,6,10,11,14,3
N′,X2,10,0.025,,否,SPX,(4) S5TW 广度修复（不低于60日中位数连续3天）,是,25,2,6,8,19,2
N′,X2,10,0.025,,否,SPX,(5) NDTW 广度修复（不低于60日中位数连续3天）,是,24,3,7.0,8.00,19,2
N′,X2,10,0.025,,否,SPX,(6) 两指数收盘高于 MA50,否（只列天数）,21,6,8,9,17,0
N′,X2,10,0.025,,否,SPX,(7) 系统已由红转黄,是,18,9,12.0,13.00,16,13
N′,X2,10,0.025,,否,SPX,(8) 首个绿灯信号日,—,18,9,13.0,14.00,19,
N′,X2,10,0.025,,否,SPX,(8) 首个绿灯执行日,—,18,9,14.0,15.00,20,
N′,X2,10,0.025,,否,QQQ,(1) 两指数 Q≥K,是,21,2,10,10,12,0
N′,X2,10,0.025,,否,QQQ,(2) 价格通道有效且未激活,是,21,2,10,10,13,1
N′,X2,10,0.025,,否,QQQ,(3) 非价格通道连续5天有效且未激活,是,18,5,9.5,11.00,18,1
N′,X2,10,0.025,,否,QQQ,(4) S5TW 广度修复（不低于60日中位数连续3天）,是,21,2,6,8,19,3
N′,X2,10,0.025,,否,QQQ,(5) NDTW 广度修复（不低于60日中位数连续3天）,是,21,2,7,8,19,2
N′,X2,10,0.025,,否,QQQ,(6) 两指数收盘高于 MA50,否（只列天数）,18,5,8.0,9.75,20,0
N′,X2,10,0.025,,否,QQQ,(7) 系统已由红转黄,是,16,7,12.0,12.50,16,12
N′,X2,10,0.025,,否,QQQ,(8) 首个绿灯信号日,—,16,7,13.0,14.25,31,
N′,X2,10,0.025,,否,QQQ,(8) 首个绿灯执行日,—,16,7,14.0,15.25,32,
