model,exit_version,k,theta_p,q,median_setting,non_green_days,level,reason,days,share_of_non_green
P1,E2,3,0.015,,否,1190,主分类,A 有通道激活,494,0.4151260504201680672268907563
P1,E2,3,0.015,,否,1190,主分类,B 无通道激活但条件未满足,696,0.5848739495798319327731092437
P1,E2,3,0.015,,否,1190,主分类,C 降级限速（刚由红降黄，黄转绿条件已全部满足）,0,0
P1,E2,3,0.015,,否,1190,细分原因,黄转绿未满足：(4) S5TW 广度修复（不低于60日中位数连续3天）,383,0.3218487394957983193277310924
P1,E2,3,0.015,,否,1190,细分原因,通道激活：P_QQQ,376,0.3159663865546218487394957983
P1,E2,3,0.015,,否,1190,细分原因,黄转绿未满足：(5) NDTW 广度修复（不低于60日中位数连续3天）,364,0.3058823529411764705882352941
P1,E2,3,0.015,,否,1190,细分原因,通道激活：P_SPX,352,0.2957983193277310924369747899
P1,E2,3,0.015,,否,1190,细分原因,通道激活：PR_QQQ,311,0.2613445378151260504201680672
P1,E2,3,0.015,,否,1190,细分原因,黄转绿未满足：全部通道连续5天有效且未激活（E2、P0）,303,0.2546218487394957983193277311
P1,E2,3,0.015,,否,1190,细分原因,通道激活：PR_SPX,262,0.2201680672268907563025210084
P1,E2,3,0.015,,否,1190,细分原因,黄转绿未满足：(6) 两指数收盘高于 MA50,194,0.1630252100840336134453781513
P1,E2,3,0.015,,否,1190,细分原因,红转黄未满足：红通道连续3天有效且未激活,160,0.1344537815126050420168067227
P1,E2,3,0.015,,否,1190,细分原因,黄转绿未满足：(1) 两指数 Q≥K,2,0.001680672268907563025210084034
P1,E2,3,0.02,,否,1031,主分类,A 有通道激活,457,0.4432589718719689621726479146
P1,E2,3,0.02,,否,1031,主分类,B 无通道激活但条件未满足,574,0.5567410281280310378273520854
P1,E2,3,0.02,,否,1031,主分类,C 降级限速（刚由红降黄，黄转绿条件已全部满足）,0,0
P1,E2,3,0.02,,否,1031,细分原因,通道激活：P_QQQ,361,0.3501454898157129000969932105
P1,E2,3,0.02,,否,1031,细分原因,通道激活：P_SPX,337,0.3268671193016488845780795344
P1,E2,3,0.02,,否,1031,细分原因,黄转绿未满足：(4) S5TW 广度修复（不低于60日中位数连续3天）,300,0.2909796314258001939864209505
P1,E2,3,0.02,,否,1031,细分原因,黄转绿未满足：(5) NDTW 广度修复（不低于60日中位数连续3天）,293,0.2841901066925315227934044617
P1,E2,3,0.02,,否,1031,细分原因,黄转绿未满足：全部通道连续5天有效且未激活（E2、P0）,289,0.2803103782735208535402521823
P1,E2,3,0.02,,否,1031,细分原因,通道激活：PR_QQQ,255,0.2473326867119301648884578080
P1,E2,3,0.02,,否,1031,细分原因,通道激活：PR_SPX,198,0.1920465567410281280310378274
P1,E2,3,0.02,,否,1031,细分原因,黄转绿未满足：(6) 两指数收盘高于 MA50,184,0.1784675072744907856450048497
P1,E2,3,0.02,,否,1031,细分原因,红转黄未满足：红通道连续3天有效且未激活,144,0.1396702230843840931134820563
P1,E2,3,0.02,,否,1031,细分原因,黄转绿未满足：(1) 两指数 Q≥K,3,0.002909796314258001939864209505
P1,E2,3,0.025,,否,972,主分类,A 有通道激活,425,0.4372427983539094650205761317
P1,E2,3,0.025,,否,972,主分类,B 无通道激活但条件未满足,547,0.5627572016460905349794238683
P1,E2,3,0.025,,否,972,主分类,C 降级限速（刚由红降黄，黄转绿条件已全部满足）,0,0
P1,E2,3,0.025,,否,972,细分原因,通道激活：P_QQQ,339,0.3487654320987654320987654321
P1,E2,3,0.025,,否,972,细分原因,黄转绿未满足：(4) S5TW 广度修复（不低于60日中位数连续3天）,317,0.3261316872427983539094650206
P1,E2,3,0.025,,否,972,细分原因,黄转绿未满足：(5) NDTW 广度修复（不低于60日中位数连续3天）,316,0.3251028806584362139917695473
P1,E2,3,0.025,,否,972,细分原因,通道激活：P_SPX,306,0.3148148148148148148148148148
P1,E2,3,0.025,,否,972,细分原因,黄转绿未满足：全部通道连续5天有效且未激活（E2、P0）,273,0.2808641975308641975308641975
P1,E2,3,0.025,,否,972,细分原因,黄转绿未满足：(6) 两指数收盘高于 MA50,220,0.2263374485596707818930041152
P1,E2,3,0.025,,否,972,细分原因,通道激活：PR_QQQ,202,0.2078189300411522633744855967
P1,E2,3,0.025,,否,972,细分原因,通道激活：PR_SPX,141,0.1450617283950617283950617284
P1,E2,3,0.025,,否,972,细分原因,红转黄未满足：红通道连续3天有效且未激活,97,0.09979423868312757201646090535
P1,E2,3,0.025,,否,972,细分原因,黄转绿未满足：(1) 两指数 Q≥K,5,0.005144032921810699588477366255
P1,E2,5,0.015,,否,1216,主分类,A 有通道激活,614,0.5049342105263157894736842105
P1,E2,5,0.015,,否,1216,主分类,B 无通道激活但条件未满足,602,0.4950657894736842105263157895
P1,E2,5,0.015,,否,1216,主分类,C 降级限速（刚由红降黄，黄转绿条件已全部满足）,0,0
P1,E2,5,0.015,,否,1216,细分原因,通道激活：P_QQQ,485,0.3988486842105263157894736842
P1,E2,5,0.015,,否,1216,细分原因,通道激活：P_SPX,454,0.3733552631578947368421052632
P1,E2,5,0.015,,否,1216,细分原因,通道激活：PR_QQQ,409,0.3363486842105263157894736842
P1,E2,5,0.015,,否,1216,细分原因,通道激活：PR_SPX,347,0.2853618421052631578947368421
P1,E2,5,0.015,,否,1216,细分原因,黄转绿未满足：(4) S5TW 广度修复（不低于60日中位数连续3天）,326,0.2680921052631578947368421053
P1,E2,5,0.015,,否,1216,细分原因,黄转绿未满足：(5) NDTW 广度修复（不低于60日中位数连续3天）,292,0.2401315789473684210526315789
P1,E2,5,0.015,,否,1216,细分原因,黄转绿未满足：全部通道连续5天有效且未激活（E2、P0）,276,0.2269736842105263157894736842
P1,E2,5,0.015,,否,1216,细分原因,黄转绿未满足：(6) 两指数收盘高于 MA50,148,0.1217105263157894736842105263
P1,E2,5,0.015,,否,1216,细分原因,红转黄未满足：红通道连续3天有效且未激活,131,0.1077302631578947368421052632
P1,E2,5,0.015,,否,1216,细分原因,黄转绿未满足：(1) 两指数 Q≥K,2,0.001644736842105263157894736842
P1,E2,5,0.02,,是,1053,主分类,A 有通道激活,570,0.5413105413105413105413105413
P1,E2,5,0.02,,是,1053,主分类,B 无通道激活但条件未满足,483,0.4586894586894586894586894587
P1,E2,5,0.02,,是,1053,主分类,C 降级限速（刚由红降黄，黄转绿条件已全部满足）,0,0
P1,E2,5,0.02,,是,1053,细分原因,通道激活：P_QQQ,466,0.4425451092117758784425451092
P1,E2,5,0.02,,是,1053,细分原因,通道激活：P_SPX,434,0.4121557454890788224121557455
P1,E2,5,0.02,,是,1053,细分原因,通道激活：PR_QQQ,335,0.3181386514719848053181386515
P1,E2,5,0.02,,是,1053,细分原因,通道激活：PR_SPX,263,0.2497625830959164292497625831
P1,E2,5,0.02,,是,1053,细分原因,黄转绿未满足：全部通道连续5天有效且未激活（E2、P0）,257,0.2440645773979107312440645774
P1,E2,5,0.02,,是,1053,细分原因,黄转绿未满足：(4) S5TW 广度修复（不低于60日中位数连续3天）,240,0.2279202279202279202279202279
P1,E2,5,0.02,,是,1053,细分原因,黄转绿未满足：(5) NDTW 广度修复（不低于60日中位数连续3天）,221,0.2098765432098765432098765432
P1,E2,5,0.02,,是,1053,细分原因,黄转绿未满足：(6) 两指数收盘高于 MA50,138,0.1310541310541310541310541311
P1,E2,5,0.02,,是,1053,细分原因,红转黄未满足：红通道连续3天有效且未激活,119,0.1130104463437796771130104463
P1,E2,5,0.02,,是,1053,细分原因,黄转绿未满足：(1) 两指数 Q≥K,4,0.003798670465337132003798670465
P1,E2,5,0.025,,否,996,主分类,A 有通道激活,537,0.5391566265060240963855421687
P1,E2,5,0.025,,否,996,主分类,B 无通道激活但条件未满足,459,0.4608433734939759036144578313
P1,E2,5,0.025,,否,996,主分类,C 降级限速（刚由红降黄，黄转绿条件已全部满足）,0,0
P1,E2,5,0.025,,否,996,细分原因,通道激活：P_QQQ,443,0.4447791164658634538152610442
P1,E2,5,0.025,,否,996,细分原因,通道激活：P_SPX,403,0.4046184738955823293172690763
P1,E2,5,0.025,,否,996,细分原因,通道激活：PR_QQQ,268,0.2690763052208835341365461847
P1,E2,5,0.025,,否,996,细分原因,黄转绿未满足：(4) S5TW 广度修复（不低于60日中位数连续3天）,251,0.2520080321285140562248995984
P1,E2,5,0.025,,否,996,细分原因,黄转绿未满足：全部通道连续5天有效且未激活（E2、P0）,240,0.2409638554216867469879518072
P1,E2,5,0.025,,否,996,细分原因,黄转绿未满足：(5) NDTW 广度修复（不低于60日中位数连续3天）,239,0.2399598393574297188755020080
P1,E2,5,0.025,,否,996,细分原因,通道激活：PR_SPX,188,0.1887550200803212851405622490
P1,E2,5,0.025,,否,996,细分原因,黄转绿未满足：(6) 两指数收盘高于 MA50,167,0.1676706827309236947791164659
P1,E2,5,0.025,,否,996,细分原因,红转黄未满足：红通道连续3天有效且未激活,84,0.08433734939759036144578313253
P1,E2,5,0.025,,否,996,细分原因,黄转绿未满足：(1) 两指数 Q≥K,9,0.009036144578313253012048192771
P1,E2,10,0.015,,否,1316,主分类,A 有通道激活,815,0.6193009118541033434650455927
P1,E2,10,0.015,,否,1316,主分类,B 无通道激活但条件未满足,501,0.3806990881458966565349544073
P1,E2,10,0.015,,否,1316,主分类,C 降级限速（刚由红降黄，黄转绿条件已全部满足）,0,0
P1,E2,10,0.015,,否,1316,细分原因,通道激活：P_QQQ,681,0.5174772036474164133738601824
P1,E2,10,0.015,,否,1316,细分原因,通道激活：P_SPX,663,0.5037993920972644376899696049
P1,E2,10,0.015,,否,1316,细分原因,通道激活：PR_QQQ,586,0.4452887537993920972644376900
P1,E2,10,0.015,,否,1316,细分原因,通道激活：PR_SPX,522,0.3966565349544072948328267477
P1,E2,10,0.015,,否,1316,细分原因,黄转绿未满足：(4) S5TW 广度修复（不低于60日中位数连续3天）,268,0.2036474164133738601823708207
P1,E2,10,0.015,,否,1316,细分原因,黄转绿未满足：(5) NDTW 广度修复（不低于60日中位数连续3天）,248,0.1884498480243161094224924012
P1,E2,10,0.015,,否,1316,细分原因,黄转绿未满足：全部通道连续5天有效且未激活（E2、P0）,239,0.1816109422492401215805471125
P1,E2,10,0.015,,否,1316,细分原因,红转黄未满足：红通道连续3天有效且未激活,103,0.07826747720364741641337386018
P1,E2,10,0.015,,否,1316,细分原因,黄转绿未满足：(6) 两指数收盘高于 MA50,88,0.06686930091185410334346504559
P1,E2,10,0.015,,否,1316,细分原因,黄转绿未满足：(1) 两指数 Q≥K,2,0.001519756838905775075987841945
P1,E2,10,0.02,,否,1166,主分类,A 有通道激活,761,0.6526586620926243567753001715
P1,E2,10,0.02,,否,1166,主分类,B 无通道激活但条件未满足,405,0.3473413379073756432246998285
P1,E2,10,0.02,,否,1166,主分类,C 降级限速（刚由红降黄，黄转绿条件已全部满足）,0,0
P1,E2,10,0.02,,否,1166,细分原因,通道激活：P_QQQ,655,0.5617495711835334476843910806
P1,E2,10,0.02,,否,1166,细分原因,通道激活：P_SPX,633,0.5428816466552315608919382504
P1,E2,10,0.02,,否,1166,细分原因,通道激活：PR_QQQ,487,0.4176672384219554030874785592
P1,E2,10,0.02,,否,1166,细分原因,通道激活：PR_SPX,407,0.3490566037735849056603773585
P1,E2,10,0.02,,否,1166,细分原因,黄转绿未满足：全部通道连续5天有效且未激活（E2、P0）,214,0.1835334476843910806174957118
P1,E2,10,0.02,,否,1166,细分原因,黄转绿未满足：(4) S5TW 广度修复（不低于60日中位数连续3天）,197,0.1689536878216123499142367067
P1,E2,10,0.02,,否,1166,细分原因,黄转绿未满足：(5) NDTW 广度修复（不低于60日中位数连续3天）,190,0.1629502572898799313893653516
P1,E2,10,0.02,,否,1166,细分原因,红转黄未满足：红通道连续3天有效且未激活,94,0.08061749571183533447684391081
P1,E2,10,0.02,,否,1166,细分原因,黄转绿未满足：(6) 两指数收盘高于 MA50,83,0.07118353344768439108061749571
P1,E2,10,0.02,,否,1166,细分原因,黄转绿未满足：(1) 两指数 Q≥K,15,0.01286449399656946826758147513
P1,E2,10,0.025,,否,1098,主分类,A 有通道激活,725,0.6602914389799635701275045537
P1,E2,10,0.025,,否,1098,主分类,B 无通道激活但条件未满足,373,0.3397085610200364298724954463
P1,E2,10,0.025,,否,1098,主分类,C 降级限速（刚由红降黄，黄转绿条件已全部满足）,0,0
P1,E2,10,0.025,,否,1098,细分原因,通道激活：P_QQQ,627,0.5710382513661202185792349727
P1,E2,10,0.025,,否,1098,细分原因,通道激活：P_SPX,596,0.5428051001821493624772313297
P1,E2,10,0.025,,否,1098,细分原因,通道激活：PR_QQQ,401,0.3652094717668488160291438980
P1,E2,10,0.025,,否,1098,细分原因,通道激活：PR_SPX,294,0.2677595628415300546448087432
P1,E2,10,0.025,,否,1098,细分原因,黄转绿未满足：(4) S5TW 广度修复（不低于60日中位数连续3天）,199,0.1812386156648451730418943534
P1,E2,10,0.025,,否,1098,细分原因,黄转绿未满足：(5) NDTW 广度修复（不低于60日中位数连续3天）,198,0.1803278688524590163934426230
P1,E2,10,0.025,,否,1098,细分原因,黄转绿未满足：全部通道连续5天有效且未激活（E2、P0）,196,0.1785063752276867030965391621
P1,E2,10,0.025,,否,1098,细分原因,黄转绿未满足：(6) 两指数收盘高于 MA50,99,0.09016393442622950819672131148
P1,E2,10,0.025,,否,1098,细分原因,红转黄未满足：红通道连续3天有效且未激活,67,0.06102003642987249544626593807
P1,E2,10,0.025,,否,1098,细分原因,黄转绿未满足：(1) 两指数 Q≥K,26,0.02367941712204007285974499089
N,E2,3,0.015,0.10,否,1496,主分类,A 有通道激活,1138,0.7606951871657754010695187166
N,E2,3,0.015,0.10,否,1496,主分类,B 无通道激活但条件未满足,358,0.2393048128342245989304812834
N,E2,3,0.015,0.10,否,1496,主分类,C 降级限速（刚由红降黄，黄转绿条件已全部满足）,0,0
N,E2,3,0.015,0.10,否,1496,细分原因,通道激活：B_QQQ,565,0.3776737967914438502673796791
N,E2,3,0.015,0.10,否,1496,细分原因,通道激活：DV_SPX,565,0.3776737967914438502673796791
N,E2,3,0.015,0.10,否,1496,细分原因,通道激活：BW_QQQ,551,0.3683155080213903743315508021
N,E2,3,0.015,0.10,否,1496,细分原因,通道激活：BW_SPX,506,0.3382352941176470588235294118
N,E2,3,0.015,0.10,否,1496,细分原因,通道激活：DV_QQQ,505,0.3375668449197860962566844920
N,E2,3,0.015,0.10,否,1496,细分原因,通道激活：P_QQQ,376,0.2513368983957219251336898396
N,E2,3,0.015,0.10,否,1496,细分原因,通道激活：P_SPX,352,0.2352941176470588235294117647
N,E2,3,0.015,0.10,否,1496,细分原因,通道激活：PR_QQQ,311,0.2078877005347593582887700535
N,E2,3,0.015,0.10,否,1496,细分原因,通道激活：V,296,0.1978609625668449197860962567
N,E2,3,0.015,0.10,否,1496,细分原因,通道激活：PR_SPX,262,0.1751336898395721925133689840
N,E2,3,0.015,0.10,否,1496,细分原因,黄转绿未满足：全部通道连续5天有效且未激活（E2、P0）,236,0.1577540106951871657754010695
N,E2,3,0.015,0.10,否,1496,细分原因,黄转绿未满足：(4) S5TW 广度修复（不低于60日中位数连续3天）,93,0.06216577540106951871657754011
N,E2,3,0.015,0.10,否,1496,细分原因,黄转绿未满足：(5) NDTW 广度修复（不低于60日中位数连续3天）,87,0.05815508021390374331550802139
N,E2,3,0.015,0.10,否,1496,细分原因,红转黄未满足：红通道连续3天有效且未激活,74,0.04946524064171122994652406417
N,E2,3,0.015,0.10,否,1496,细分原因,黄转绿未满足：(6) 两指数收盘高于 MA50,59,0.03943850267379679144385026738
N,E2,3,0.015,0.20,否,1499,主分类,A 有通道激活,1147,0.7651767845230153435623749166
N,E2,3,0.015,0.20,否,1499,主分类,B 无通道激活但条件未满足,352,0.2348232154769846564376250834
N,E2,3,0.015,0.20,否,1499,主分类,C 降级限速（刚由红降黄，黄转绿条件已全部满足）,0,0
N,E2,3,0.015,0.20,否,1499,细分原因,通道激活：B_QQQ,712,0.4749833222148098732488325550
N,E2,3,0.015,0.20,否,1499,细分原因,通道激活：DV_SPX,565,0.3769179452968645763842561708
N,E2,3,0.015,0.20,否,1499,细分原因,通道激活：BW_QQQ,551,0.3675783855903935957304869913
N,E2,3,0.015,0.20,否,1499,细分原因,通道激活：BW_SPX,506,0.3375583722481654436290860574
N,E2,3,0.015,0.20,否,1499,细分原因,通道激活：DV_QQQ,505,0.3368912608405603735823882588
N,E2,3,0.015,0.20,否,1499,细分原因,通道激活：P_QQQ,376,0.2508338892595063375583722482
N,E2,3,0.015,0.20,否,1499,细分原因,通道激活：P_SPX,352,0.2348232154769846564376250834
N,E2,3,0.015,0.20,否,1499,细分原因,通道激活：PR_QQQ,311,0.2074716477651767845230153436
N,E2,3,0.015,0.20,否,1499,细分原因,通道激活：V,296,0.1974649766511007338225483656
N,E2,3,0.015,0.20,否,1499,细分原因,通道激活：PR_SPX,262,0.1747831887925283522348232155
N,E2,3,0.015,0.20,否,1499,细分原因,黄转绿未满足：全部通道连续5天有效且未激活（E2、P0）,236,0.1574382921947965310206804536
N,E2,3,0.015,0.20,否,1499,细分原因,黄转绿未满足：(4) S5TW 广度修复（不低于60日中位数连续3天）,90,0.06004002668445630420280186791
N,E2,3,0.015,0.20,否,1499,细分原因,黄转绿未满足：(5) NDTW 广度修复（不低于60日中位数连续3天）,85,0.05670446964643095396931287525
N,E2,3,0.015,0.20,否,1499,细分原因,红转黄未满足：红通道连续3天有效且未激活,70,0.04669779853235490326884589726
N,E2,3,0.015,0.20,否,1499,细分原因,黄转绿未满足：(6) 两指数收盘高于 MA50,58,0.03869246164109406270847231488
N,E2,3,0.02,0.10,否,1465,主分类,A 有通道激活,1123,0.7665529010238907849829351536
N,E2,3,0.02,0.10,否,1465,主分类,B 无通道激活但条件未满足,342,0.2334470989761092150170648464
N,E2,3,0.02,0.10,否,1465,主分类,C 降级限速（刚由红降黄，黄转绿条件已全部满足）,0,0
N,E2,3,0.02,0.10,否,1465,细分原因,通道激活：B_QQQ,565,0.3856655290102389078498293515
N,E2,3,0.02,0.10,否,1465,细分原因,通道激活：DV_SPX,565,0.3856655290102389078498293515
N,E2,3,0.02,0.10,否,1465,细分原因,通道激活：BW_QQQ,551,0.3761092150170648464163822526
N,E2,3,0.02,0.10,否,1465,细分原因,通道激活：BW_SPX,506,0.3453924914675767918088737201
N,E2,3,0.02,0.10,否,1465,细分原因,通道激活：DV_QQQ,505,0.3447098976109215017064846416
N,E2,3,0.02,0.10,否,1465,细分原因,通道激活：P_QQQ,361,0.2464163822525597269624573379
N,E2,3,0.02,0.10,否,1465,细分原因,通道激活：P_SPX,337,0.2300341296928327645051194539
N,E2,3,0.02,0.10,否,1465,细分原因,通道激活：V,296,0.2020477815699658703071672355
N,E2,3,0.02,0.10,否,1465,细分原因,通道激活：PR_QQQ,255,0.1740614334470989761092150171
N,E2,3,0.02,0.10,否,1465,细分原因,黄转绿未满足：全部通道连续5天有效且未激活（E2、P0）,238,0.1624573378839590443686006826
N,E2,3,0.02,0.10,否,1465,细分原因,通道激活：PR_SPX,198,0.1351535836177474402730375427
N,E2,3,0.02,0.10,否,1465,细分原因,黄转绿未满足：(4) S5TW 广度修复（不低于60日中位数连续3天）,90,0.06143344709897610921501706485
N,E2,3,0.02,0.10,否,1465,细分原因,黄转绿未满足：(5) NDTW 广度修复（不低于60日中位数连续3天）,87,0.05938566552901023890784982935
N,E2,3,0.02,0.10,否,1465,细分原因,红转黄未满足：红通道连续3天有效且未激活,68,0.04641638225255972696245733788
N,E2,3,0.02,0.10,否,1465,细分原因,黄转绿未满足：(6) 两指数收盘高于 MA50,48,0.03276450511945392491467576792
N,E2,3,0.02,0.20,否,1468,主分类,A 有通道激活,1133,0.7717983651226158038147138965
N,E2,3,0.02,0.20,否,1468,主分类,B 无通道激活但条件未满足,335,0.2282016348773841961852861035
N,E2,3,0.02,0.20,否,1468,主分类,C 降级限速（刚由红降黄，黄转绿条件已全部满足）,0,0
N,E2,3,0.02,0.20,否,1468,细分原因,通道激活：B_QQQ,712,0.4850136239782016348773841962
N,E2,3,0.02,0.20,否,1468,细分原因,通道激活：DV_SPX,565,0.3848773841961852861035422343
N,E2,3,0.02,0.20,否,1468,细分原因,通道激活：BW_QQQ,551,0.3753405994550408719346049046
N,E2,3,0.02,0.20,否,1468,细分原因,通道激活：BW_SPX,506,0.3446866485013623978201634877
N,E2,3,0.02,0.20,否,1468,细分原因,通道激活：DV_QQQ,505,0.3440054495912806539509536785
N,E2,3,0.02,0.20,否,1468,细分原因,通道激活：P_QQQ,361,0.2459128065395095367847411444
N,E2,3,0.02,0.20,否,1468,细分原因,通道激活：P_SPX,337,0.2295640326975476839237057221
N,E2,3,0.02,0.20,否,1468,细分原因,通道激活：V,296,0.2016348773841961852861035422
N,E2,3,0.02,0.20,否,1468,细分原因,通道激活：PR_QQQ,255,0.1737057220708446866485013624
N,E2,3,0.02,0.20,否,1468,细分原因,黄转绿未满足：全部通道连续5天有效且未激活（E2、P0）,235,0.1600817438692098092643051771
N,E2,3,0.02,0.20,否,1468,细分原因,通道激活：PR_SPX,198,0.1348773841961852861035422343
N,E2,3,0.02,0.20,否,1468,细分原因,黄转绿未满足：(4) S5TW 广度修复（不低于60日中位数连续3天）,84,0.05722070844686648501362397820
N,E2,3,0.02,0.20,否,1468,细分原因,黄转绿未满足：(5) NDTW 广度修复（不低于60日中位数连续3天）,82,0.05585831062670299727520435967
N,E2,3,0.02,0.20,否,1468,细分原因,红转黄未满足：红通道连续3天有效且未激活,66,0.04495912806539509536784741144
N,E2,3,0.02,0.20,否,1468,细分原因,黄转绿未满足：(6) 两指数收盘高于 MA50,47,0.03201634877384196185286103542
N,E2,3,0.025,0.10,否,1449,主分类,A 有通道激活,1111,0.7667356797791580400276052450
N,E2,3,0.025,0.10,否,1449,主分类,B 无通道激活但条件未满足,338,0.2332643202208419599723947550
N,E2,3,0.025,0.10,否,1449,主分类,C 降级限速（刚由红降黄，黄转绿条件已全部满足）,0,0
N,E2,3,0.025,0.10,否,1449,细分原因,通道激活：B_QQQ,565,0.3899240855762594893029675638
N,E2,3,0.025,0.10,否,1449,细分原因,通道激活：DV_SPX,565,0.3899240855762594893029675638
N,E2,3,0.025,0.10,否,1449,细分原因,通道激活：BW_QQQ,551,0.3802622498274672187715665977
N,E2,3,0.025,0.10,否,1449,细分原因,通道激活：BW_SPX,506,0.3492063492063492063492063492
N,E2,3,0.025,0.10,否,1449,细分原因,通道激活：DV_QQQ,505,0.3485162180814354727398205659
N,E2,3,0.025,0.10,否,1449,细分原因,通道激活：P_QQQ,339,0.2339544513457556935817805383
N,E2,3,0.025,0.10,否,1449,细分原因,通道激活：P_SPX,306,0.2111801242236024844720496894
N,E2,3,0.025,0.10,否,1449,细分原因,通道激活：V,296,0.2042788129744651483781918565
N,E2,3,0.025,0.10,否,1449,细分原因,黄转绿未满足：全部通道连续5天有效且未激活（E2、P0）,233,0.1608005521048999309868875086
N,E2,3,0.025,0.10,否,1449,细分原因,通道激活：PR_QQQ,202,0.1394064872325741890959282264
N,E2,3,0.025,0.10,否,1449,细分原因,通道激活：PR_SPX,141,0.09730848861283643892339544513
N,E2,3,0.025,0.10,否,1449,细分原因,黄转绿未满足：(4) S5TW 广度修复（不低于60日中位数连续3天）,102,0.07039337474120082815734989648
N,E2,3,0.025,0.10,否,1449,细分原因,黄转绿未满足：(5) NDTW 广度修复（不低于60日中位数连续3天）,97,0.06694271911663216011042097999
N,E2,3,0.025,0.10,否,1449,细分原因,黄转绿未满足：(6) 两指数收盘高于 MA50,62,0.04278812974465148378191856453
N,E2,3,0.025,0.10,否,1449,细分原因,红转黄未满足：红通道连续3天有效且未激活,53,0.03657694962042788129744651484
N,E2,3,0.025,0.20,否,1456,主分类,A 有通道激活,1122,0.7706043956043956043956043956
N,E2,3,0.025,0.20,否,1456,主分类,B 无通道激活但条件未满足,334,0.2293956043956043956043956044
N,E2,3,0.025,0.20,否,1456,主分类,C 降级限速（刚由红降黄，黄转绿条件已全部满足）,0,0
N,E2,3,0.025,0.20,否,1456,细分原因,通道激活：B_QQQ,712,0.4890109890109890109890109890
N,E2,3,0.025,0.20,否,1456,细分原因,通道激活：DV_SPX,565,0.3880494505494505494505494505
N,E2,3,0.025,0.20,否,1456,细分原因,通道激活：BW_QQQ,551,0.3784340659340659340659340659
N,E2,3,0.025,0.20,否,1456,细分原因,通道激活：BW_SPX,506,0.3475274725274725274725274725
N,E2,3,0.025,0.20,否,1456,细分原因,通道激活：DV_QQQ,505,0.3468406593406593406593406593
N,E2,3,0.025,0.20,否,1456,细分原因,通道激活：P_QQQ,339,0.2328296703296703296703296703
N,E2,3,0.025,0.20,否,1456,细分原因,通道激活：P_SPX,306,0.2101648351648351648351648352
N,E2,3,0.025,0.20,否,1456,细分原因,通道激活：V,296,0.2032967032967032967032967033
N,E2,3,0.025,0.20,否,1456,细分原因,黄转绿未满足：全部通道连续5天有效且未激活（E2、P0）,233,0.1600274725274725274725274725
N,E2,3,0.025,0.20,否,1456,细分原因,通道激活：PR_QQQ,202,0.1387362637362637362637362637
N,E2,3,0.025,0.20,否,1456,细分原因,通道激活：PR_SPX,141,0.09684065934065934065934065934
N,E2,3,0.025,0.20,否,1456,细分原因,黄转绿未满足：(4) S5TW 广度修复（不低于60日中位数连续3天）,95,0.06524725274725274725274725275
N,E2,3,0.025,0.20,否,1456,细分原因,黄转绿未满足：(5) NDTW 广度修复（不低于60日中位数连续3天）,91,0.0625
N,E2,3,0.025,0.20,否,1456,细分原因,黄转绿未满足：(6) 两指数收盘高于 MA50,61,0.04189560439560439560439560440
N,E2,3,0.025,0.20,否,1456,细分原因,红转黄未满足：红通道连续3天有效且未激活,51,0.03502747252747252747252747253
N,E2,5,0.015,0.10,否,1498,主分类,A 有通道激活,1143,0.7630173564753004005340453939
N,E2,5,0.015,0.10,否,1498,主分类,B 无通道激活但条件未满足,355,0.2369826435246995994659546061
N,E2,5,0.015,0.10,否,1498,主分类,C 降级限速（刚由红降黄，黄转绿条件已全部满足）,0,0
N,E2,5,0.015,0.10,否,1498,细分原因,通道激活：B_QQQ,565,0.3771695594125500667556742323
N,E2,5,0.015,0.10,否,1498,细分原因,通道激活：DV_SPX,565,0.3771695594125500667556742323
N,E2,5,0.015,0.10,否,1498,细分原因,通道激活：BW_QQQ,551,0.3678237650200267022696929239
N,E2,5,0.015,0.10,否,1498,细分原因,通道激活：BW_SPX,506,0.3377837116154873164218958611
N,E2,5,0.015,0.10,否,1498,细分原因,通道激活：DV_QQQ,505,0.3371161548731642189586114820
N,E2,5,0.015,0.10,否,1498,细分原因,通道激活：P_QQQ,485,0.3237650200267022696929238985
N,E2,5,0.015,0.10,否,1498,细分原因,通道激活：P_SPX,454,0.3030707610146862483311081442
N,E2,5,0.015,0.10,否,1498,细分原因,通道激活：PR_QQQ,409,0.2730307076101468624833110814
N,E2,5,0.015,0.10,否,1498,细分原因,通道激活：PR_SPX,347,0.2316421895861148197596795728
N,E2,5,0.015,0.10,否,1498,细分原因,通道激活：V,296,0.1975967957276368491321762350
N,E2,5,0.015,0.10,否,1498,细分原因,黄转绿未满足：全部通道连续5天有效且未激活（E2、P0）,236,0.1575433911882510013351134846
N,E2,5,0.015,0.10,否,1498,细分原因,黄转绿未满足：(4) S5TW 广度修复（不低于60日中位数连续3天）,93,0.06208277703604806408544726302
N,E2,5,0.015,0.10,否,1498,细分原因,黄转绿未满足：(5) NDTW 广度修复（不低于60日中位数连续3天）,87,0.05807743658210947930574098798
N,E2,5,0.015,0.10,否,1498,细分原因,红转黄未满足：红通道连续3天有效且未激活,72,0.04806408544726301735647530040
N,E2,5,0.015,0.10,否,1498,细分原因,黄转绿未满足：(6) 两指数收盘高于 MA50,58,0.03871829105473965287049399199
N,E2,5,0.015,0.20,否,1501,主分类,A 有通道激活,1152,0.7674883411059293804130579614
N,E2,5,0.015,0.20,否,1501,主分类,B 无通道激活但条件未满足,349,0.2325116588940706195869420386
N,E2,5,0.015,0.20,否,1501,主分类,C 降级限速（刚由红降黄，黄转绿条件已全部满足）,0,0
N,E2,5,0.015,0.20,否,1501,细分原因,通道激活：B_QQQ,712,0.4743504330446369087275149900
N,E2,5,0.015,0.20,否,1501,细分原因,通道激活：DV_SPX,565,0.3764157228514323784143904064
N,E2,5,0.015,0.20,否,1501,细分原因,通道激活：BW_QQQ,551,0.3670886075949367088607594937
N,E2,5,0.015,0.20,否,1501,细分原因,通道激活：BW_SPX,506,0.3371085942704863424383744171
N,E2,5,0.015,0.20,否,1501,细分原因,通道激活：DV_QQQ,505,0.3364423717521652231845436376
N,E2,5,0.015,0.20,否,1501,细分原因,通道激活：P_QQQ,485,0.3231179213857428381079280480
N,E2,5,0.015,0.20,否,1501,细分原因,通道激活：P_SPX,454,0.3024650233177881412391738841
N,E2,5,0.015,0.20,否,1501,细分原因,通道激活：PR_QQQ,409,0.2724850099933377748167888075
N,E2,5,0.015,0.20,否,1501,细分原因,通道激活：PR_SPX,347,0.2311792138574283810792804797
N,E2,5,0.015,0.20,否,1501,细分原因,通道激活：V,296,0.1972018654230512991339107262
N,E2,5,0.015,0.20,否,1501,细分原因,黄转绿未满足：全部通道连续5天有效且未激活（E2、P0）,236,0.1572285143237841439040639574
N,E2,5,0.015,0.20,否,1501,细分原因,黄转绿未满足：(4) S5TW 广度修复（不低于60日中位数连续3天）,90,0.05996002664890073284477015323
N,E2,5,0.015,0.20,否,1501,细分原因,黄转绿未满足：(5) NDTW 广度修复（不低于60日中位数连续3天）,85,0.05662891405729513657561625583
N,E2,5,0.015,0.20,否,1501,细分原因,红转黄未满足：红通道连续3天有效且未激活,68,0.04530313124583610926049300466
N,E2,5,0.015,0.20,否,1501,细分原因,黄转绿未满足：(6) 两指数收盘高于 MA50,57,0.03797468354430379746835443038
N,E2,5,0.02,0.10,是,1466,主分类,A 有通道激活,1128,0.7694406548431105047748976808
N,E2,5,0.02,0.10,是,1466,主分类,B 无通道激活但条件未满足,338,0.2305593451568894952251023192
N,E2,5,0.02,0.10,是,1466,主分类,C 降级限速（刚由红降黄，黄转绿条件已全部满足）,0,0
N,E2,5,0.02,0.10,是,1466,细分原因,通道激活：B_QQQ,565,0.3854024556616643929058663029
N,E2,5,0.02,0.10,是,1466,细分原因,通道激活：DV_SPX,565,0.3854024556616643929058663029
N,E2,5,0.02,0.10,是,1466,细分原因,通道激活：BW_QQQ,551,0.3758526603001364256480218281
N,E2,5,0.02,0.10,是,1466,细分原因,通道激活：BW_SPX,506,0.3451568894952251023192360164
N,E2,5,0.02,0.10,是,1466,细分原因,通道激活：DV_QQQ,505,0.3444747612551159618008185539
N,E2,5,0.02,0.10,是,1466,细分原因,通道激活：P_QQQ,466,0.3178717598908594815825375171
N,E2,5,0.02,0.10,是,1466,细分原因,通道激活：P_SPX,434,0.2960436562073669849931787176
N,E2,5,0.02,0.10,是,1466,细分原因,通道激活：PR_QQQ,335,0.2285129604365620736698499318
N,E2,5,0.02,0.10,是,1466,细分原因,通道激活：V,296,0.2019099590723055934515688950
N,E2,5,0.02,0.10,是,1466,细分原因,通道激活：PR_SPX,263,0.1793997271487039563437926330
N,E2,5,0.02,0.10,是,1466,细分原因,黄转绿未满足：全部通道连续5天有效且未激活（E2、P0）,236,0.1609822646657571623465211460
N,E2,5,0.02,0.10,是,1466,细分原因,黄转绿未满足：(4) S5TW 广度修复（不低于60日中位数连续3天）,88,0.06002728512960436562073669850
N,E2,5,0.02,0.10,是,1466,细分原因,黄转绿未满足：(5) NDTW 广度修复（不低于60日中位数连续3天）,85,0.05798090040927694406548431105
N,E2,5,0.02,0.10,是,1466,细分原因,红转黄未满足：红通道连续3天有效且未激活,67,0.04570259208731241473396998636
N,E2,5,0.02,0.10,是,1466,细分原因,黄转绿未满足：(6) 两指数收盘高于 MA50,48,0.03274215552523874488403819918
N,E2,5,0.02,0.20,否,1469,主分类,A 有通道激活,1138,0.7746766507828454731109598366
N,E2,5,0.02,0.20,否,1469,主分类,B 无通道激活但条件未满足,331,0.2253233492171545268890401634
N,E2,5,0.02,0.20,否,1469,主分类,C 降级限速（刚由红降黄，黄转绿条件已全部满足）,0,0
N,E2,5,0.02,0.20,否,1469,细分原因,通道激活：B_QQQ,712,0.4846834581347855684138869980
N,E2,5,0.02,0.20,否,1469,细分原因,通道激活：DV_SPX,565,0.3846153846153846153846153846
N,E2,5,0.02,0.20,否,1469,细分原因,通道激活：BW_QQQ,551,0.3750850918992511912865895167
N,E2,5,0.02,0.20,否,1469,细分原因,通道激活：BW_SPX,506,0.3444520081688223281143635126
N,E2,5,0.02,0.20,否,1469,细分原因,通道激活：DV_QQQ,505,0.3437712729748127978216473792
N,E2,5,0.02,0.20,否,1469,细分原因,通道激活：P_QQQ,466,0.3172226004084411164057181756
N,E2,5,0.02,0.20,否,1469,细分原因,通道激活：P_SPX,434,0.2954390742001361470388019061
N,E2,5,0.02,0.20,否,1469,细分原因,通道激活：PR_QQQ,335,0.2280462899931926480599046971
N,E2,5,0.02,0.20,否,1469,细分原因,通道激活：V,296,0.2014976174268209666439754935
N,E2,5,0.02,0.20,否,1469,细分原因,通道激活：PR_SPX,263,0.1790333560245064669843430905
N,E2,5,0.02,0.20,否,1469,细分原因,黄转绿未满足：全部通道连续5天有效且未激活（E2、P0）,233,0.1586113002042205582028590878
N,E2,5,0.02,0.20,否,1469,细分原因,黄转绿未满足：(4) S5TW 广度修复（不低于60日中位数连续3天）,82,0.05582028590878148400272294078
N,E2,5,0.02,0.20,否,1469,细分原因,黄转绿未满足：(5) NDTW 广度修复（不低于60日中位数连续3天）,80,0.05445881552076242341729067393
N,E2,5,0.02,0.20,否,1469,细分原因,红转黄未满足：红通道连续3天有效且未激活,65,0.04424778761061946902654867257
N,E2,5,0.02,0.20,否,1469,细分原因,黄转绿未满足：(6) 两指数收盘高于 MA50,47,0.03199455411844792375765827093
N,E2,5,0.025,0.10,否,1451,主分类,A 有通道激活,1115,0.7684355616815988973121984838
N,E2,5,0.025,0.10,否,1451,主分类,B 无通道激活但条件未满足,336,0.2315644383184011026878015162
N,E2,5,0.025,0.10,否,1451,主分类,C 降级限速（刚由红降黄，黄转绿条件已全部满足）,0,0
N,E2,5,0.025,0.10,否,1451,细分原因,通道激活：B_QQQ,565,0.3893866299104066161268090972
N,E2,5,0.025,0.10,否,1451,细分原因,通道激活：DV_SPX,565,0.3893866299104066161268090972
N,E2,5,0.025,0.10,否,1451,细分原因,通道激活：BW_QQQ,551,0.3797381116471399035148173673
N,E2,5,0.025,0.10,否,1451,细分原因,通道激活：BW_SPX,506,0.3487250172294968986905582357
N,E2,5,0.025,0.10,否,1451,细分原因,通道激活：DV_QQQ,505,0.3480358373535492763611302550
N,E2,5,0.025,0.10,否,1451,细分原因,通道激活：P_QQQ,443,0.3053066850447966919365954514
N,E2,5,0.025,0.10,否,1451,细分原因,通道激活：P_SPX,403,0.2777394900068917987594762233
N,E2,5,0.025,0.10,否,1451,细分原因,通道激活：V,296,0.2039972432804962095106822881
N,E2,5,0.025,0.10,否,1451,细分原因,通道激活：PR_QQQ,268,0.1847002067539627842866988284
N,E2,5,0.025,0.10,否,1451,细分原因,黄转绿未满足：全部通道连续5天有效且未激活（E2、P0）,231,0.1592005513439007580978635424
N,E2,5,0.025,0.10,否,1451,细分原因,通道激活：PR_SPX,188,0.1295658166781529979324603722
N,E2,5,0.025,0.10,否,1451,细分原因,黄转绿未满足：(4) S5TW 广度修复（不低于60日中位数连续3天）,100,0.06891798759476223294279807030
N,E2,5,0.025,0.10,否,1451,细分原因,黄转绿未满足：(5) NDTW 广度修复（不低于60日中位数连续3天）,96,0.06616126809097174362508614748
N,E2,5,0.025,0.10,否,1451,细分原因,黄转绿未满足：(6) 两指数收盘高于 MA50,60,0.04135079255685733976567884218
N,E2,5,0.025,0.10,否,1451,细分原因,红转黄未满足：红通道连续3天有效且未激活,54,0.03721571330117160578911095796
N,E2,5,0.025,0.20,否,1458,主分类,A 有通道激活,1126,0.7722908093278463648834019204
N,E2,5,0.025,0.20,否,1458,主分类,B 无通道激活但条件未满足,332,0.2277091906721536351165980796
N,E2,5,0.025,0.20,否,1458,主分类,C 降级限速（刚由红降黄，黄转绿条件已全部满足）,0,0
N,E2,5,0.025,0.20,否,1458,细分原因,通道激活：B_QQQ,712,0.4883401920438957475994513032
N,E2,5,0.025,0.20,否,1458,细分原因,通道激活：DV_SPX,565,0.3875171467764060356652949246
N,E2,5,0.025,0.20,否,1458,细分原因,通道激活：BW_QQQ,551,0.3779149519890260631001371742
N,E2,5,0.025,0.20,否,1458,细分原因,通道激活：BW_SPX,506,0.3470507544581618655692729767
N,E2,5,0.025,0.20,否,1458,细分原因,通道激活：DV_QQQ,505,0.3463648834019204389574759945
N,E2,5,0.025,0.20,否,1458,细分原因,通道激活：P_QQQ,443,0.3038408779149519890260631001
N,E2,5,0.025,0.20,否,1458,细分原因,通道激活：P_SPX,403,0.2764060356652949245541838134
N,E2,5,0.025,0.20,否,1458,细分原因,通道激活：V,296,0.2030178326474622770919067215
N,E2,5,0.025,0.20,否,1458,细分原因,通道激活：PR_QQQ,268,0.1838134430727023319615912209
N,E2,5,0.025,0.20,否,1458,细分原因,黄转绿未满足：全部通道连续5天有效且未激活（E2、P0）,231,0.1584362139917695473251028807
N,E2,5,0.025,0.20,否,1458,细分原因,通道激活：PR_SPX,188,0.1289437585733882030178326475
N,E2,5,0.025,0.20,否,1458,细分原因,黄转绿未满足：(4) S5TW 广度修复（不低于60日中位数连续3天）,93,0.06378600823045267489711934156
N,E2,5,0.025,0.20,否,1458,细分原因,黄转绿未满足：(5) NDTW 广度修复（不低于60日中位数连续3天）,90,0.06172839506172839506172839506
N,E2,5,0.025,0.20,否,1458,细分原因,黄转绿未满足：(6) 两指数收盘高于 MA50,59,0.04046639231824417009602194787
N,E2,5,0.025,0.20,否,1458,细分原因,红转黄未满足：红通道连续3天有效且未激活,52,0.03566529492455418381344307270
N,E2,10,0.015,0.10,否,1555,主分类,A 有通道激活,1221,0.7852090032154340836012861736
N,E2,10,0.015,0.10,否,1555,主分类,B 无通道激活但条件未满足,334,0.2147909967845659163987138264
N,E2,10,0.015,0.10,否,1555,主分类,C 降级限速（刚由红降黄，黄转绿条件已全部满足）,0,0
N,E2,10,0.015,0.10,否,1555,细分原因,通道激活：P_QQQ,681,0.4379421221864951768488745981
N,E2,10,0.015,0.10,否,1555,细分原因,通道激活：P_SPX,663,0.4263665594855305466237942122
N,E2,10,0.015,0.10,否,1555,细分原因,通道激活：PR_QQQ,586,0.3768488745980707395498392283
N,E2,10,0.015,0.10,否,1555,细分原因,通道激活：B_QQQ,565,0.3633440514469453376205787781
N,E2,10,0.015,0.10,否,1555,细分原因,通道激活：DV_SPX,565,0.3633440514469453376205787781
N,E2,10,0.015,0.10,否,1555,细分原因,通道激活：BW_QQQ,551,0.3543408360128617363344051447
N,E2,10,0.015,0.10,否,1555,细分原因,通道激活：PR_SPX,522,0.3356913183279742765273311897
N,E2,10,0.015,0.10,否,1555,细分原因,通道激活：BW_SPX,506,0.3254019292604501607717041801
N,E2,10,0.015,0.10,否,1555,细分原因,通道激活：DV_QQQ,505,0.3247588424437299035369774920
N,E2,10,0.015,0.10,否,1555,细分原因,通道激活：V,296,0.1903536977491961414790996785
N,E2,10,0.015,0.10,否,1555,细分原因,黄转绿未满足：全部通道连续5天有效且未激活（E2、P0）,217,0.1395498392282958199356913183
N,E2,10,0.015,0.10,否,1555,细分原因,黄转绿未满足：(4) S5TW 广度修复（不低于60日中位数连续3天）,98,0.06302250803858520900321543408
N,E2,10,0.015,0.10,否,1555,细分原因,黄转绿未满足：(5) NDTW 广度修复（不低于60日中位数连续3天）,91,0.05852090032154340836012861736
N,E2,10,0.015,0.10,否,1555,细分原因,红转黄未满足：红通道连续3天有效且未激活,73,0.04694533762057877813504823151
N,E2,10,0.015,0.10,否,1555,细分原因,黄转绿未满足：(6) 两指数收盘高于 MA50,36,0.02315112540192926045016077170
N,E2,10,0.015,0.20,否,1557,主分类,A 有通道激活,1229,0.7893384714193962748876043674
N,E2,10,0.015,0.20,否,1557,主分类,B 无通道激活但条件未满足,328,0.2106615285806037251123956326
N,E2,10,0.015,0.20,否,1557,主分类,C 降级限速（刚由红降黄，黄转绿条件已全部满足）,0,0
N,E2,10,0.015,0.20,否,1557,细分原因,通道激活：B_QQQ,712,0.4572896596017983301220295440
N,E2,10,0.015,0.20,否,1557,细分原因,通道激活：P_QQQ,681,0.4373795761078998073217726397
N,E2,10,0.015,0.20,否,1557,细分原因,通道激活：P_SPX,663,0.4258188824662813102119460501
N,E2,10,0.015,0.20,否,1557,细分原因,通道激活：PR_QQQ,586,0.3763648041104688503532434168
N,E2,10,0.015,0.20,否,1557,细分原因,通道激活：DV_SPX,565,0.3628773281952472703917790623
N,E2,10,0.015,0.20,否,1557,细分原因,通道激活：BW_QQQ,551,0.3538856775850995504174694926
N,E2,10,0.015,0.20,否,1557,细分原因,通道激活：PR_SPX,522,0.3352601156069364161849710983
N,E2,10,0.015,0.20,否,1557,细分原因,通道激活：BW_SPX,506,0.3249839434810533076429030186
N,E2,10,0.015,0.20,否,1557,细分原因,通道激活：DV_QQQ,505,0.3243416827231856133590237636
N,E2,10,0.015,0.20,否,1557,细分原因,通道激活：V,296,0.1901091843288375080282594733
N,E2,10,0.015,0.20,否,1557,细分原因,黄转绿未满足：全部通道连续5天有效且未激活（E2、P0）,215,0.1380860629415542710340398202
N,E2,10,0.015,0.20,否,1557,细分原因,黄转绿未满足：(4) S5TW 广度修复（不低于60日中位数连续3天）,95,0.06101477199743095696852922286
N,E2,10,0.015,0.20,否,1557,细分原因,黄转绿未满足：(5) NDTW 广度修复（不低于60日中位数连续3天）,89,0.05716120745022479126525369300
N,E2,10,0.015,0.20,否,1557,细分原因,红转黄未满足：红通道连续3天有效且未激活,69,0.04431599229287090558766859345
N,E2,10,0.015,0.20,否,1557,细分原因,黄转绿未满足：(6) 两指数收盘高于 MA50,36,0.02312138728323699421965317919
N,E2,10,0.02,0.10,否,1518,主分类,A 有通道激活,1205,0.7938076416337285902503293808
N,E2,10,0.02,0.10,否,1518,主分类,B 无通道激活但条件未满足,313,0.2061923583662714097496706192
N,E2,10,0.02,0.10,否,1518,主分类,C 降级限速（刚由红降黄，黄转绿条件已全部满足）,0,0
N,E2,10,0.02,0.10,否,1518,细分原因,通道激活：P_QQQ,655,0.4314888010540184453227931489
N,E2,10,0.02,0.10,否,1518,细分原因,通道激活：P_SPX,633,0.4169960474308300395256916996
N,E2,10,0.02,0.10,否,1518,细分原因,通道激活：B_QQQ,565,0.3722002635046113306982872200
N,E2,10,0.02,0.10,否,1518,细分原因,通道激活：DV_SPX,565,0.3722002635046113306982872200
N,E2,10,0.02,0.10,否,1518,细分原因,通道激活：BW_QQQ,551,0.3629776021080368906455862978
N,E2,10,0.02,0.10,否,1518,细分原因,通道激活：BW_SPX,506,0.3333333333333333333333333333
N,E2,10,0.02,0.10,否,1518,细分原因,通道激活：DV_QQQ,505,0.3326745718050065876152832675
N,E2,10,0.02,0.10,否,1518,细分原因,通道激活：PR_QQQ,487,0.3208168642951251646903820817
N,E2,10,0.02,0.10,否,1518,细分原因,通道激活：PR_SPX,407,0.2681159420289855072463768116
N,E2,10,0.02,0.10,否,1518,细分原因,通道激活：V,296,0.1949934123847167325428194993
N,E2,10,0.02,0.10,否,1518,细分原因,黄转绿未满足：全部通道连续5天有效且未激活（E2、P0）,214,0.1409749670619235836627140975
N,E2,10,0.02,0.10,否,1518,细分原因,黄转绿未满足：(4) S5TW 广度修复（不低于60日中位数连续3天）,87,0.05731225296442687747035573123
N,E2,10,0.02,0.10,否,1518,细分原因,黄转绿未满足：(5) NDTW 广度修复（不低于60日中位数连续3天）,85,0.05599472990777338603425559947
N,E2,10,0.02,0.10,否,1518,细分原因,红转黄未满足：红通道连续3天有效且未激活,67,0.04413702239789196310935441370
N,E2,10,0.02,0.10,否,1518,细分原因,黄转绿未满足：(6) 两指数收盘高于 MA50,29,0.01910408432147562582345191041
N,E2,10,0.02,0.10,否,1518,细分原因,黄转绿未满足：(1) 两指数 Q≥K,3,0.001976284584980237154150197628
N,E2,10,0.02,0.10,否,1518,细分原因,红转黄未满足：(1) 两指数 Q≥K,2,0.001317523056653491436100131752
N,E2,10,0.02,0.20,否,1520,主分类,A 有通道激活,1214,0.7986842105263157894736842105
N,E2,10,0.02,0.20,否,1520,主分类,B 无通道激活但条件未满足,306,0.2013157894736842105263157895
N,E2,10,0.02,0.20,否,1520,主分类,C 降级限速（刚由红降黄，黄转绿条件已全部满足）,0,0
N,E2,10,0.02,0.20,否,1520,细分原因,通道激活：B_QQQ,712,0.4684210526315789473684210526
N,E2,10,0.02,0.20,否,1520,细分原因,通道激活：P_QQQ,655,0.4309210526315789473684210526
N,E2,10,0.02,0.20,否,1520,细分原因,通道激活：P_SPX,633,0.4164473684210526315789473684
N,E2,10,0.02,0.20,否,1520,细分原因,通道激活：DV_SPX,565,0.3717105263157894736842105263
N,E2,10,0.02,0.20,否,1520,细分原因,通道激活：BW_QQQ,551,0.3625
N,E2,10,0.02,0.20,否,1520,细分原因,通道激活：BW_SPX,506,0.3328947368421052631578947368
N,E2,10,0.02,0.20,否,1520,细分原因,通道激活：DV_QQQ,505,0.3322368421052631578947368421
N,E2,10,0.02,0.20,否,1520,细分原因,通道激活：PR_QQQ,487,0.3203947368421052631578947368
N,E2,10,0.02,0.20,否,1520,细分原因,通道激活：PR_SPX,407,0.2677631578947368421052631579
N,E2,10,0.02,0.20,否,1520,细分原因,通道激活：V,296,0.1947368421052631578947368421
N,E2,10,0.02,0.20,否,1520,细分原因,黄转绿未满足：全部通道连续5天有效且未激活（E2、P0）,209,0.1375
N,E2,10,0.02,0.20,否,1520,细分原因,黄转绿未满足：(4) S5TW 广度修复（不低于60日中位数连续3天）,81,0.05328947368421052631578947368
N,E2,10,0.02,0.20,否,1520,细分原因,黄转绿未满足：(5) NDTW 广度修复（不低于60日中位数连续3天）,80,0.05263157894736842105263157895
N,E2,10,0.02,0.20,否,1520,细分原因,红转黄未满足：红通道连续3天有效且未激活,65,0.04276315789473684210526315789
N,E2,10,0.02,0.20,否,1520,细分原因,黄转绿未满足：(6) 两指数收盘高于 MA50,29,0.01907894736842105263157894737
N,E2,10,0.02,0.20,否,1520,细分原因,黄转绿未满足：(1) 两指数 Q≥K,3,0.001973684210526315789473684211
N,E2,10,0.02,0.20,否,1520,细分原因,红转黄未满足：(1) 两指数 Q≥K,2,0.001315789473684210526315789474
N,E2,10,0.025,0.10,否,1499,主分类,A 有通道激活,1191,0.7945296864576384256170780520
N,E2,10,0.025,0.10,否,1499,主分类,B 无通道激活但条件未满足,308,0.2054703135423615743829219480
N,E2,10,0.025,0.10,否,1499,主分类,C 降级限速（刚由红降黄，黄转绿条件已全部满足）,0,0
N,E2,10,0.025,0.10,否,1499,细分原因,通道激活：P_QQQ,627,0.4182788525683789192795196798
N,E2,10,0.025,0.10,否,1499,细分原因,通道激活：P_SPX,596,0.3975983989326217478318879253
N,E2,10,0.025,0.10,否,1499,细分原因,通道激活：B_QQQ,565,0.3769179452968645763842561708
N,E2,10,0.025,0.10,否,1499,细分原因,通道激活：DV_SPX,565,0.3769179452968645763842561708
N,E2,10,0.025,0.10,否,1499,细分原因,通道激活：BW_QQQ,551,0.3675783855903935957304869913
N,E2,10,0.025,0.10,否,1499,细分原因,通道激活：BW_SPX,506,0.3375583722481654436290860574
N,E2,10,0.025,0.10,否,1499,细分原因,通道激活：DV_QQQ,505,0.3368912608405603735823882588
N,E2,10,0.025,0.10,否,1499,细分原因,通道激活：PR_QQQ,401,0.2675116744496330887258172115
N,E2,10,0.025,0.10,否,1499,细分原因,通道激活：V,296,0.1974649766511007338225483656
N,E2,10,0.025,0.10,否,1499,细分原因,通道激活：PR_SPX,294,0.1961307538358905937291527685
N,E2,10,0.025,0.10,否,1499,细分原因,黄转绿未满足：全部通道连续5天有效且未激活（E2、P0）,218,0.1454302868579052701801200801
N,E2,10,0.025,0.10,否,1499,细分原因,黄转绿未满足：(4) S5TW 广度修复（不低于60日中位数连续3天）,97,0.06470980653769179452968645764
N,E2,10,0.025,0.10,否,1499,细分原因,黄转绿未满足：(5) NDTW 广度修复（不低于60日中位数连续3天）,95,0.06337558372248165443629086057
N,E2,10,0.025,0.10,否,1499,细分原因,红转黄未满足：红通道连续3天有效且未激活,51,0.03402268178785857238158772515
N,E2,10,0.025,0.10,否,1499,细分原因,黄转绿未满足：(6) 两指数收盘高于 MA50,38,0.02535023348899266177451634423
N,E2,10,0.025,0.10,否,1499,细分原因,黄转绿未满足：(1) 两指数 Q≥K,3,0.002001334222815210140093395597
N,E2,10,0.025,0.10,否,1499,细分原因,红转黄未满足：(1) 两指数 Q≥K,2,0.001334222815210140093395597065
N,E2,10,0.025,0.20,否,1505,主分类,A 有通道激活,1201,0.7980066445182724252491694352
N,E2,10,0.025,0.20,否,1505,主分类,B 无通道激活但条件未满足,304,0.2019933554817275747508305648
N,E2,10,0.025,0.20,否,1505,主分类,C 降级限速（刚由红降黄，黄转绿条件已全部满足）,0,0
N,E2,10,0.025,0.20,否,1505,细分原因,通道激活：B_QQQ,712,0.4730897009966777408637873754
N,E2,10,0.025,0.20,否,1505,细分原因,通道激活：P_QQQ,627,0.4166112956810631229235880399
N,E2,10,0.025,0.20,否,1505,细分原因,通道激活：P_SPX,596,0.3960132890365448504983388704
N,E2,10,0.025,0.20,否,1505,细分原因,通道激活：DV_SPX,565,0.3754152823920265780730897010
N,E2,10,0.025,0.20,否,1505,细分原因,通道激活：BW_QQQ,551,0.3661129568106312292358803987
N,E2,10,0.025,0.20,否,1505,细分原因,通道激活：BW_SPX,506,0.3362126245847176079734219269
N,E2,10,0.025,0.20,否,1505,细分原因,通道激活：DV_QQQ,505,0.3355481727574750830564784053
N,E2,10,0.025,0.20,否,1505,细分原因,通道激活：PR_QQQ,401,0.2664451827242524916943521595
N,E2,10,0.025,0.20,否,1505,细分原因,通道激活：V,296,0.1966777408637873754152823920
N,E2,10,0.025,0.20,否,1505,细分原因,通道激活：PR_SPX,294,0.1953488372093023255813953488
N,E2,10,0.025,0.20,否,1505,细分原因,黄转绿未满足：全部通道连续5天有效且未激活（E2、P0）,216,0.1435215946843853820598006645
N,E2,10,0.025,0.20,否,1505,细分原因,黄转绿未满足：(4) S5TW 广度修复（不低于60日中位数连续3天）,90,0.05980066445182724252491694352
N,E2,10,0.025,0.20,否,1505,细分原因,黄转绿未满足：(5) NDTW 广度修复（不低于60日中位数连续3天）,89,0.05913621262458471760797342193
N,E2,10,0.025,0.20,否,1505,细分原因,红转黄未满足：红通道连续3天有效且未激活,49,0.03255813953488372093023255814
N,E2,10,0.025,0.20,否,1505,细分原因,黄转绿未满足：(6) 两指数收盘高于 MA50,38,0.02524916943521594684385382060
N,E2,10,0.025,0.20,否,1505,细分原因,黄转绿未满足：(1) 两指数 Q≥K,3,0.001993355481727574750830564784
N,E2,10,0.025,0.20,否,1505,细分原因,红转黄未满足：(1) 两指数 Q≥K,2,0.001328903654485049833887043189
P1,X2,3,0.015,,否,1049,主分类,A 有通道激活,494,0.4709246901811248808388941849
P1,X2,3,0.015,,否,1049,主分类,B 无通道激活但条件未满足,540,0.5147759771210676835081029552
P1,X2,3,0.015,,否,1049,主分类,C 降级限速（刚由红降黄，黄转绿条件已全部满足）,15,0.01429933269780743565300285987
P1,X2,3,0.015,,否,1049,细分原因,通道激活：P_QQQ,376,0.3584366062917063870352716873
P1,X2,3,0.015,,否,1049,细分原因,通道激活：P_SPX,352,0.3355576739752144899904671115
P1,X2,3,0.015,,否,1049,细分原因,黄转绿未满足：(4) S5TW 广度修复（不低于60日中位数连续3天）,346,0.3298379408960915157292659676
P1,X2,3,0.015,,否,1049,细分原因,黄转绿未满足：(5) NDTW 广度修复（不低于60日中位数连续3天）,338,0.3222116301239275500476644423
P1,X2,3,0.015,,否,1049,细分原因,通道激活：PR_QQQ,311,0.2964728312678741658722592946
P1,X2,3,0.015,,否,1049,细分原因,通道激活：PR_SPX,262,0.2497616777883698760724499523
P1,X2,3,0.015,,否,1049,细分原因,红转黄未满足：红通道连续3天有效且未激活,160,0.1525262154432793136320305052
P1,X2,3,0.015,,否,1049,细分原因,降级限速：每天最多降一级,15,0.01429933269780743565300285987
P1,X2,3,0.015,,否,1049,细分原因,黄转绿未满足：(1) 两指数 Q≥K,2,0.001906577693040991420400381316
P1,X2,3,0.02,,否,941,主分类,A 有通道激活,457,0.4856535600425079702444208289
P1,X2,3,0.02,,否,941,主分类,B 无通道激活但条件未满足,468,0.4973432518597236981934112646
P1,X2,3,0.02,,否,941,主分类,C 降级限速（刚由红降黄，黄转绿条件已全部满足）,16,0.01700318809776833156216790648
P1,X2,3,0.02,,否,941,细分原因,通道激活：P_QQQ,361,0.3836344314558979808714133900
P1,X2,3,0.02,,否,941,细分原因,通道激活：P_SPX,337,0.3581296493092454835281615303
P1,X2,3,0.02,,否,941,细分原因,黄转绿未满足：(4) S5TW 广度修复（不低于60日中位数连续3天）,287,0.3049946865037194473963868225
P1,X2,3,0.02,,否,941,细分原因,黄转绿未满足：(5) NDTW 广度修复（不低于60日中位数连续3天）,286,0.3039319872476089266737513284
P1,X2,3,0.02,,否,941,细分原因,通道激活：PR_QQQ,255,0.2709883103081827842720510096
P1,X2,3,0.02,,否,941,细分原因,通道激活：PR_SPX,198,0.2104144527098831030818278427
P1,X2,3,0.02,,否,941,细分原因,红转黄未满足：红通道连续3天有效且未激活,144,0.1530286928799149840595111583
P1,X2,3,0.02,,否,941,细分原因,降级限速：每天最多降一级,16,0.01700318809776833156216790648
P1,X2,3,0.02,,否,941,细分原因,黄转绿未满足：(1) 两指数 Q≥K,3,0.003188097768331562167906482465
P1,X2,3,0.025,,否,863,主分类,A 有通道激活,425,0.4924681344148319814600231750
P1,X2,3,0.025,,否,863,主分类,B 无通道激活但条件未满足,428,0.4959443800695249130938586327
P1,X2,3,0.025,,否,863,主分类,C 降级限速（刚由红降黄，黄转绿条件已全部满足）,10,0.01158748551564310544611819235
P1,X2,3,0.025,,否,863,细分原因,通道激活：P_QQQ,339,0.3928157589803012746234067207
P1,X2,3,0.025,,否,863,细分原因,通道激活：P_SPX,306,0.3545770567786790266512166860
P1,X2,3,0.025,,否,863,细分原因,黄转绿未满足：(5) NDTW 广度修复（不低于60日中位数连续3天）,302,0.3499420625724217844727694090
P1,X2,3,0.025,,否,863,细分原因,黄转绿未满足：(4) S5TW 广度修复（不低于60日中位数连续3天）,293,0.3395133256083429895712630359
P1,X2,3,0.025,,否,863,细分原因,通道激活：PR_QQQ,202,0.2340672074159907300115874855
P1,X2,3,0.025,,否,863,细分原因,通道激活：PR_SPX,141,0.1633835457705677867902665122
P1,X2,3,0.025,,否,863,细分原因,红转黄未满足：红通道连续3天有效且未激活,97,0.1123986095017381228273464658
P1,X2,3,0.025,,否,863,细分原因,降级限速：每天最多降一级,10,0.01158748551564310544611819235
P1,X2,3,0.025,,否,863,细分原因,黄转绿未满足：(1) 两指数 Q≥K,5,0.005793742757821552723059096176
P1,X2,5,0.015,,否,1073,主分类,A 有通道激活,614,0.5722273998136067101584342964
P1,X2,5,0.015,,否,1073,主分类,B 无通道激活但条件未满足,440,0.4100652376514445479962721342
P1,X2,5,0.015,,否,1073,主分类,C 降级限速（刚由红降黄，黄转绿条件已全部满足）,19,0.01770736253494874184529356943
P1,X2,5,0.015,,否,1073,细分原因,通道激活：P_QQQ,485,0.4520037278657968313140726934
P1,X2,5,0.015,,否,1073,细分原因,通道激活：P_SPX,454,0.4231127679403541472506989748
P1,X2,5,0.015,,否,1073,细分原因,通道激活：PR_QQQ,409,0.3811742777260018639328984157
P1,X2,5,0.015,,否,1073,细分原因,通道激活：PR_SPX,347,0.3233923578751164958061509786
P1,X2,5,0.015,,否,1073,细分原因,黄转绿未满足：(4) S5TW 广度修复（不低于60日中位数连续3天）,289,0.2693383038210624417520969245
P1,X2,5,0.015,,否,1073,细分原因,黄转绿未满足：(5) NDTW 广度修复（不低于60日中位数连续3天）,266,0.2479030754892823858341099720
P1,X2,5,0.015,,否,1073,细分原因,红转黄未满足：红通道连续3天有效且未激活,131,0.1220876048462255358807082945
P1,X2,5,0.015,,否,1073,细分原因,降级限速：每天最多降一级,19,0.01770736253494874184529356943
P1,X2,5,0.015,,否,1073,细分原因,黄转绿未满足：(1) 两指数 Q≥K,2,0.001863932898415657036346691519
P1,X2,5,0.02,,是,954,主分类,A 有通道激活,570,0.5974842767295597484276729560
P1,X2,5,0.02,,是,954,主分类,B 无通道激活但条件未满足,367,0.3846960167714884696016771488
P1,X2,5,0.02,,是,954,主分类,C 降级限速（刚由红降黄，黄转绿条件已全部满足）,17,0.01781970649895178197064989518
P1,X2,5,0.02,,是,954,细分原因,通道激活：P_QQQ,466,0.4884696016771488469601677149
P1,X2,5,0.02,,是,954,细分原因,通道激活：P_SPX,434,0.4549266247379454926624737945
P1,X2,5,0.02,,是,954,细分原因,通道激活：PR_QQQ,335,0.3511530398322851153039832285
P1,X2,5,0.02,,是,954,细分原因,通道激活：PR_SPX,263,0.2756813417190775681341719078
P1,X2,5,0.02,,是,954,细分原因,黄转绿未满足：(4) S5TW 广度修复（不低于60日中位数连续3天）,227,0.2379454926624737945492662474
P1,X2,5,0.02,,是,954,细分原因,黄转绿未满足：(5) NDTW 广度修复（不低于60日中位数连续3天）,214,0.2243186582809224318658280922
P1,X2,5,0.02,,是,954,细分原因,红转黄未满足：红通道连续3天有效且未激活,119,0.1247379454926624737945492662
P1,X2,5,0.02,,是,954,细分原因,降级限速：每天最多降一级,17,0.01781970649895178197064989518
P1,X2,5,0.02,,是,954,细分原因,黄转绿未满足：(1) 两指数 Q≥K,4,0.004192872117400419287211740042
P1,X2,5,0.025,,否,885,主分类,A 有通道激活,537,0.6067796610169491525423728814
P1,X2,5,0.025,,否,885,主分类,B 无通道激活但条件未满足,334,0.3774011299435028248587570621
P1,X2,5,0.025,,否,885,主分类,C 降级限速（刚由红降黄，黄转绿条件已全部满足）,14,0.01581920903954802259887005650
P1,X2,5,0.025,,否,885,细分原因,通道激活：P_QQQ,443,0.5005649717514124293785310734
P1,X2,5,0.025,,否,885,细分原因,通道激活：P_SPX,403,0.4553672316384180790960451977
P1,X2,5,0.025,,否,885,细分原因,通道激活：PR_QQQ,268,0.3028248587570621468926553672
P1,X2,5,0.025,,否,885,细分原因,黄转绿未满足：(4) S5TW 广度修复（不低于60日中位数连续3天）,227,0.2564971751412429378531073446
P1,X2,5,0.025,,否,885,细分原因,黄转绿未满足：(5) NDTW 广度修复（不低于60日中位数连续3天）,225,0.2542372881355932203389830508
P1,X2,5,0.025,,否,885,细分原因,通道激活：PR_SPX,188,0.2124293785310734463276836158
P1,X2,5,0.025,,否,885,细分原因,红转黄未满足：红通道连续3天有效且未激活,84,0.09491525423728813559322033898
P1,X2,5,0.025,,否,885,细分原因,降级限速：每天最多降一级,14,0.01581920903954802259887005650
P1,X2,5,0.025,,否,885,细分原因,黄转绿未满足：(1) 两指数 Q≥K,9,0.01016949152542372881355932203
P1,X2,10,0.015,,否,1190,主分类,A 有通道激活,815,0.6848739495798319327731092437
P1,X2,10,0.015,,否,1190,主分类,B 无通道激活但条件未满足,348,0.2924369747899159663865546218
P1,X2,10,0.015,,否,1190,主分类,C 降级限速（刚由红降黄，黄转绿条件已全部满足）,27,0.02268907563025210084033613445
P1,X2,10,0.015,,否,1190,细分原因,通道激活：P_QQQ,681,0.5722689075630252100840336134
P1,X2,10,0.015,,否,1190,细分原因,通道激活：P_SPX,663,0.5571428571428571428571428571
P1,X2,10,0.015,,否,1190,细分原因,通道激活：PR_QQQ,586,0.4924369747899159663865546218
P1,X2,10,0.015,,否,1190,细分原因,通道激活：PR_SPX,522,0.4386554621848739495798319328
P1,X2,10,0.015,,否,1190,细分原因,黄转绿未满足：(4) S5TW 广度修复（不低于60日中位数连续3天）,227,0.1907563025210084033613445378
P1,X2,10,0.015,,否,1190,细分原因,黄转绿未满足：(5) NDTW 广度修复（不低于60日中位数连续3天）,222,0.1865546218487394957983193277
P1,X2,10,0.015,,否,1190,细分原因,红转黄未满足：红通道连续3天有效且未激活,103,0.08655462184873949579831932773
P1,X2,10,0.015,,否,1190,细分原因,降级限速：每天最多降一级,27,0.02268907563025210084033613445
P1,X2,10,0.015,,否,1190,细分原因,黄转绿未满足：(1) 两指数 Q≥K,2,0.001680672268907563025210084034
P1,X2,10,0.02,,否,1061,主分类,A 有通道激活,761,0.7172478793590951932139491046
P1,X2,10,0.02,,否,1061,主分类,B 无通道激活但条件未满足,277,0.2610744580584354382657869934
P1,X2,10,0.02,,否,1061,主分类,C 降级限速（刚由红降黄，黄转绿条件已全部满足）,23,0.02167766258246936852026390198
P1,X2,10,0.02,,否,1061,细分原因,通道激活：P_QQQ,655,0.6173421300659754948162111216
P1,X2,10,0.02,,否,1061,细分原因,通道激活：P_SPX,633,0.5966069745523091423185673893
P1,X2,10,0.02,,否,1061,细分原因,通道激活：PR_QQQ,487,0.4590009425070688030160226202
P1,X2,10,0.02,,否,1061,细分原因,通道激活：PR_SPX,407,0.3836003770028275212064090481
P1,X2,10,0.02,,否,1061,细分原因,黄转绿未满足：(4) S5TW 广度修复（不低于60日中位数连续3天）,166,0.1564561734213006597549481621
P1,X2,10,0.02,,否,1061,细分原因,黄转绿未满足：(5) NDTW 广度修复（不低于60日中位数连续3天）,165,0.1555136663524976437323279925
P1,X2,10,0.02,,否,1061,细分原因,红转黄未满足：红通道连续3天有效且未激活,94,0.08859566446748350612629594722
P1,X2,10,0.02,,否,1061,细分原因,降级限速：每天最多降一级,23,0.02167766258246936852026390198
P1,X2,10,0.02,,否,1061,细分原因,黄转绿未满足：(1) 两指数 Q≥K,9,0.008482563619227144203581526861
P1,X2,10,0.025,,否,991,主分类,A 有通道激活,725,0.7315842583249243188698284561
P1,X2,10,0.025,,否,991,主分类,B 无通道激活但条件未满足,247,0.2492431886982845610494450050
P1,X2,10,0.025,,否,991,主分类,C 降级限速（刚由红降黄，黄转绿条件已全部满足）,19,0.01917255297679112008072653885
P1,X2,10,0.025,,否,991,细分原因,通道激活：P_QQQ,627,0.6326942482341069626639757820
P1,X2,10,0.025,,否,991,细分原因,通道激活：P_SPX,596,0.6014127144298688193743693239
P1,X2,10,0.025,,否,991,细分原因,通道激活：PR_QQQ,401,0.4046417759838546922300706357
P1,X2,10,0.025,,否,991,细分原因,通道激活：PR_SPX,294,0.2966700302724520686175580222
P1,X2,10,0.025,,否,991,细分原因,黄转绿未满足：(5) NDTW 广度修复（不低于60日中位数连续3天）,167,0.1685166498486377396569122099
P1,X2,10,0.025,,否,991,细分原因,黄转绿未满足：(4) S5TW 广度修复（不低于60日中位数连续3天）,162,0.1634712411705348133198789102
P1,X2,10,0.025,,否,991,细分原因,红转黄未满足：红通道连续3天有效且未激活,67,0.06760847628657921291624621594
P1,X2,10,0.025,,否,991,细分原因,黄转绿未满足：(1) 两指数 Q≥K,20,0.02018163471241170534813319879
P1,X2,10,0.025,,否,991,细分原因,降级限速：每天最多降一级,19,0.01917255297679112008072653885
N,X2,3,0.015,0.10,否,1451,主分类,A 有通道激活,1138,0.7842866988283942108890420400
N,X2,3,0.015,0.10,否,1451,主分类,B 无通道激活但条件未满足,310,0.2136457615437629221226740179
N,X2,3,0.015,0.10,否,1451,主分类,C 降级限速（刚由红降黄，黄转绿条件已全部满足）,3,0.002067539627842866988283942109
N,X2,3,0.015,0.10,否,1451,细分原因,通道激活：B_QQQ,565,0.3893866299104066161268090972
N,X2,3,0.015,0.10,否,1451,细分原因,通道激活：DV_SPX,565,0.3893866299104066161268090972
N,X2,3,0.015,0.10,否,1451,细分原因,通道激活：BW_QQQ,551,0.3797381116471399035148173673
N,X2,3,0.015,0.10,否,1451,细分原因,通道激活：BW_SPX,506,0.3487250172294968986905582357
N,X2,3,0.015,0.10,否,1451,细分原因,通道激活：DV_QQQ,505,0.3480358373535492763611302550
N,X2,3,0.015,0.10,否,1451,细分原因,通道激活：P_QQQ,376,0.2591316333563059958649207443
N,X2,3,0.015,0.10,否,1451,细分原因,通道激活：P_SPX,352,0.2425913163335630599586492074
N,X2,3,0.015,0.10,否,1451,细分原因,通道激活：PR_QQQ,311,0.2143349414197105444521019986
N,X2,3,0.015,0.10,否,1451,细分原因,通道激活：V,296,0.2039972432804962095106822881
N,X2,3,0.015,0.10,否,1451,细分原因,通道激活：PR_SPX,262,0.1805651274982770503101309442
N,X2,3,0.015,0.10,否,1451,细分原因,黄转绿未满足：(3) 非价格通道连续5天有效且未激活,180,0.1240523776705720192970365265
N,X2,3,0.015,0.10,否,1451,细分原因,黄转绿未满足：(4) S5TW 广度修复（不低于60日中位数连续3天）,93,0.06409372846312887663680220538
N,X2,3,0.015,0.10,否,1451,细分原因,黄转绿未满足：(5) NDTW 广度修复（不低于60日中位数连续3天）,87,0.05995864920744314266023432116
N,X2,3,0.015,0.10,否,1451,细分原因,红转黄未满足：红通道连续3天有效且未激活,74,0.05099931082012405237767057202
N,X2,3,0.015,0.10,否,1451,细分原因,降级限速：每天最多降一级,3,0.002067539627842866988283942109
N,X2,3,0.015,0.20,否,1460,主分类,A 有通道激活,1147,0.7856164383561643835616438356
N,X2,3,0.015,0.20,否,1460,主分类,B 无通道激活但条件未满足,310,0.2123287671232876712328767123
N,X2,3,0.015,0.20,否,1460,主分类,C 降级限速（刚由红降黄，黄转绿条件已全部满足）,3,0.002054794520547945205479452055
N,X2,3,0.015,0.20,否,1460,细分原因,通道激活：B_QQQ,712,0.4876712328767123287671232877
N,X2,3,0.015,0.20,否,1460,细分原因,通道激活：DV_SPX,565,0.3869863013698630136986301370
N,X2,3,0.015,0.20,否,1460,细分原因,通道激活：BW_QQQ,551,0.3773972602739726027397260274
N,X2,3,0.015,0.20,否,1460,细分原因,通道激活：BW_SPX,506,0.3465753424657534246575342466
N,X2,3,0.015,0.20,否,1460,细分原因,通道激活：DV_QQQ,505,0.3458904109589041095890410959
N,X2,3,0.015,0.20,否,1460,细分原因,通道激活：P_QQQ,376,0.2575342465753424657534246575
N,X2,3,0.015,0.20,否,1460,细分原因,通道激活：P_SPX,352,0.2410958904109589041095890411
N,X2,3,0.015,0.20,否,1460,细分原因,通道激活：PR_QQQ,311,0.2130136986301369863013698630
N,X2,3,0.015,0.20,否,1460,细分原因,通道激活：V,296,0.2027397260273972602739726027
N,X2,3,0.015,0.20,否,1460,细分原因,通道激活：PR_SPX,262,0.1794520547945205479452054795
N,X2,3,0.015,0.20,否,1460,细分原因,黄转绿未满足：(3) 非价格通道连续5天有效且未激活,185,0.1267123287671232876712328767
N,X2,3,0.015,0.20,否,1460,细分原因,黄转绿未满足：(4) S5TW 广度修复（不低于60日中位数连续3天）,90,0.06164383561643835616438356164
N,X2,3,0.015,0.20,否,1460,细分原因,黄转绿未满足：(5) NDTW 广度修复（不低于60日中位数连续3天）,85,0.05821917808219178082191780822
N,X2,3,0.015,0.20,否,1460,细分原因,红转黄未满足：红通道连续3天有效且未激活,70,0.04794520547945205479452054795
N,X2,3,0.015,0.20,否,1460,细分原因,降级限速：每天最多降一级,3,0.002054794520547945205479452055
N,X2,3,0.02,0.10,否,1431,主分类,A 有通道激活,1123,0.7847658979734451432564640112
N,X2,3,0.02,0.10,否,1431,主分类,B 无通道激活但条件未满足,304,0.2124388539482879105520614955
N,X2,3,0.02,0.10,否,1431,主分类,C 降级限速（刚由红降黄，黄转绿条件已全部满足）,4,0.002795248078266946191474493361
N,X2,3,0.02,0.10,否,1431,细分原因,通道激活：B_QQQ,565,0.3948287910552061495457721873
N,X2,3,0.02,0.10,否,1431,细分原因,通道激活：DV_SPX,565,0.3948287910552061495457721873
N,X2,3,0.02,0.10,否,1431,细分原因,通道激活：BW_QQQ,551,0.3850454227812718378756114605
N,X2,3,0.02,0.10,否,1431,细分原因,通道激活：BW_SPX,506,0.3535988819007686932215234102
N,X2,3,0.02,0.10,否,1431,细分原因,通道激活：DV_QQQ,505,0.3529000698812019566736547869
N,X2,3,0.02,0.10,否,1431,细分原因,通道激活：P_QQQ,361,0.2522711390635918937805730259
N,X2,3,0.02,0.10,否,1431,细分原因,通道激活：P_SPX,337,0.2354996505939902166317260657
N,X2,3,0.02,0.10,否,1431,细分原因,通道激活：V,296,0.2068483577917540181691125087
N,X2,3,0.02,0.10,否,1431,细分原因,通道激活：PR_QQQ,255,0.1781970649895178197064989518
N,X2,3,0.02,0.10,否,1431,细分原因,通道激活：PR_SPX,198,0.1383647798742138364779874214
N,X2,3,0.02,0.10,否,1431,细分原因,黄转绿未满足：(3) 非价格通道连续5天有效且未激活,180,0.1257861635220125786163522013
N,X2,3,0.02,0.10,否,1431,细分原因,黄转绿未满足：(4) S5TW 广度修复（不低于60日中位数连续3天）,90,0.06289308176100628930817610063
N,X2,3,0.02,0.10,否,1431,细分原因,黄转绿未满足：(5) NDTW 广度修复（不低于60日中位数连续3天）,87,0.06079664570230607966457023061
N,X2,3,0.02,0.10,否,1431,细分原因,红转黄未满足：红通道连续3天有效且未激活,68,0.04751921733053808525506638714
N,X2,3,0.02,0.10,否,1431,细分原因,降级限速：每天最多降一级,4,0.002795248078266946191474493361
N,X2,3,0.02,0.20,否,1440,主分类,A 有通道激活,1133,0.7868055555555555555555555556
N,X2,3,0.02,0.20,否,1440,主分类,B 无通道激活但条件未满足,303,0.2104166666666666666666666667
N,X2,3,0.02,0.20,否,1440,主分类,C 降级限速（刚由红降黄，黄转绿条件已全部满足）,4,0.002777777777777777777777777778
N,X2,3,0.02,0.20,否,1440,细分原因,通道激活：B_QQQ,712,0.4944444444444444444444444444
N,X2,3,0.02,0.20,否,1440,细分原因,通道激活：DV_SPX,565,0.3923611111111111111111111111
N,X2,3,0.02,0.20,否,1440,细分原因,通道激活：BW_QQQ,551,0.3826388888888888888888888889
N,X2,3,0.02,0.20,否,1440,细分原因,通道激活：BW_SPX,506,0.3513888888888888888888888889
N,X2,3,0.02,0.20,否,1440,细分原因,通道激活：DV_QQQ,505,0.3506944444444444444444444444
N,X2,3,0.02,0.20,否,1440,细分原因,通道激活：P_QQQ,361,0.2506944444444444444444444444
N,X2,3,0.02,0.20,否,1440,细分原因,通道激活：P_SPX,337,0.2340277777777777777777777778
N,X2,3,0.02,0.20,否,1440,细分原因,通道激活：V,296,0.2055555555555555555555555556
N,X2,3,0.02,0.20,否,1440,细分原因,通道激活：PR_QQQ,255,0.1770833333333333333333333333
N,X2,3,0.02,0.20,否,1440,细分原因,通道激活：PR_SPX,198,0.1375
N,X2,3,0.02,0.20,否,1440,细分原因,黄转绿未满足：(3) 非价格通道连续5天有效且未激活,184,0.1277777777777777777777777778
N,X2,3,0.02,0.20,否,1440,细分原因,黄转绿未满足：(4) S5TW 广度修复（不低于60日中位数连续3天）,84,0.05833333333333333333333333333
N,X2,3,0.02,0.20,否,1440,细分原因,黄转绿未满足：(5) NDTW 广度修复（不低于60日中位数连续3天）,82,0.05694444444444444444444444444
N,X2,3,0.02,0.20,否,1440,细分原因,红转黄未满足：红通道连续3天有效且未激活,66,0.04583333333333333333333333333
N,X2,3,0.02,0.20,否,1440,细分原因,降级限速：每天最多降一级,4,0.002777777777777777777777777778
N,X2,3,0.025,0.10,否,1410,主分类,A 有通道激活,1111,0.7879432624113475177304964539
N,X2,3,0.025,0.10,否,1410,主分类,B 无通道激活但条件未满足,297,0.2106382978723404255319148936
N,X2,3,0.025,0.10,否,1410,主分类,C 降级限速（刚由红降黄，黄转绿条件已全部满足）,2,0.001418439716312056737588652482
N,X2,3,0.025,0.10,否,1410,细分原因,通道激活：B_QQQ,565,0.4007092198581560283687943262
N,X2,3,0.025,0.10,否,1410,细分原因,通道激活：DV_SPX,565,0.4007092198581560283687943262
N,X2,3,0.025,0.10,否,1410,细分原因,通道激活：BW_QQQ,551,0.3907801418439716312056737589
N,X2,3,0.025,0.10,否,1410,细分原因,通道激活：BW_SPX,506,0.3588652482269503546099290780
N,X2,3,0.025,0.10,否,1410,细分原因,通道激活：DV_QQQ,505,0.3581560283687943262411347518
N,X2,3,0.025,0.10,否,1410,细分原因,通道激活：P_QQQ,339,0.2404255319148936170212765957
N,X2,3,0.025,0.10,否,1410,细分原因,通道激活：P_SPX,306,0.2170212765957446808510638298
N,X2,3,0.025,0.10,否,1410,细分原因,通道激活：V,296,0.2099290780141843971631205674
N,X2,3,0.025,0.10,否,1410,细分原因,通道激活：PR_QQQ,202,0.1432624113475177304964539007
N,X2,3,0.025,0.10,否,1410,细分原因,黄转绿未满足：(3) 非价格通道连续5天有效且未激活,190,0.1347517730496453900709219858
N,X2,3,0.025,0.10,否,1410,细分原因,通道激活：PR_SPX,141,0.1
N,X2,3,0.025,0.10,否,1410,细分原因,黄转绿未满足：(4) S5TW 广度修复（不低于60日中位数连续3天）,96,0.06808510638297872340425531915
N,X2,3,0.025,0.10,否,1410,细分原因,黄转绿未满足：(5) NDTW 广度修复（不低于60日中位数连续3天）,92,0.06524822695035460992907801418
N,X2,3,0.025,0.10,否,1410,细分原因,红转黄未满足：红通道连续3天有效且未激活,53,0.03758865248226950354609929078
N,X2,3,0.025,0.10,否,1410,细分原因,降级限速：每天最多降一级,2,0.001418439716312056737588652482
N,X2,3,0.025,0.20,否,1419,主分类,A 有通道激活,1122,0.7906976744186046511627906977
N,X2,3,0.025,0.20,否,1419,主分类,B 无通道激活但条件未满足,295,0.2078928823114869626497533474
N,X2,3,0.025,0.20,否,1419,主分类,C 降级限速（刚由红降黄，黄转绿条件已全部满足）,2,0.001409443269908386187455954898
N,X2,3,0.025,0.20,否,1419,细分原因,通道激活：B_QQQ,712,0.5017618040873854827343199436
N,X2,3,0.025,0.20,否,1419,细分原因,通道激活：DV_SPX,565,0.3981677237491190979563072586
N,X2,3,0.025,0.20,否,1419,细分原因,通道激活：BW_QQQ,551,0.3883016208597603946441155743
N,X2,3,0.025,0.20,否,1419,细分原因,通道激活：BW_SPX,506,0.3565891472868217054263565891
N,X2,3,0.025,0.20,否,1419,细分原因,通道激活：DV_QQQ,505,0.3558844256518675123326286117
N,X2,3,0.025,0.20,否,1419,细分原因,通道激活：P_QQQ,339,0.2389006342494714587737843552
N,X2,3,0.025,0.20,否,1419,细分原因,通道激活：P_SPX,306,0.2156448202959830866807610994
N,X2,3,0.025,0.20,否,1419,细分原因,通道激活：V,296,0.2085976039464411557434813249
N,X2,3,0.025,0.20,否,1419,细分原因,通道激活：PR_QQQ,202,0.1423537702607470049330514447
N,X2,3,0.025,0.20,否,1419,细分原因,黄转绿未满足：(3) 非价格通道连续5天有效且未激活,194,0.1367159971811134601832276251
N,X2,3,0.025,0.20,否,1419,细分原因,通道激活：PR_SPX,141,0.09936575052854122621564482030
N,X2,3,0.025,0.20,否,1419,细分原因,黄转绿未满足：(4) S5TW 广度修复（不低于60日中位数连续3天）,89,0.06272022551092318534178999295
N,X2,3,0.025,0.20,否,1419,细分原因,黄转绿未满足：(5) NDTW 广度修复（不低于60日中位数连续3天）,86,0.06060606060606060606060606061
N,X2,3,0.025,0.20,否,1419,细分原因,红转黄未满足：红通道连续3天有效且未激活,51,0.03594080338266384778012684989
N,X2,3,0.025,0.20,否,1419,细分原因,降级限速：每天最多降一级,2,0.001409443269908386187455954898
N,X2,5,0.015,0.10,否,1451,主分类,A 有通道激活,1143,0.7877325982081323225361819435
N,X2,5,0.015,0.10,否,1451,主分类,B 无通道激活但条件未满足,305,0.2101998621640248104755341144
N,X2,5,0.015,0.10,否,1451,主分类,C 降级限速（刚由红降黄，黄转绿条件已全部满足）,3,0.002067539627842866988283942109
N,X2,5,0.015,0.10,否,1451,细分原因,通道激活：B_QQQ,565,0.3893866299104066161268090972
N,X2,5,0.015,0.10,否,1451,细分原因,通道激活：DV_SPX,565,0.3893866299104066161268090972
N,X2,5,0.015,0.10,否,1451,细分原因,通道激活：BW_QQQ,551,0.3797381116471399035148173673
N,X2,5,0.015,0.10,否,1451,细分原因,通道激活：BW_SPX,506,0.3487250172294968986905582357
N,X2,5,0.015,0.10,否,1451,细分原因,通道激活：DV_QQQ,505,0.3480358373535492763611302550
N,X2,5,0.015,0.10,否,1451,细分原因,通道激活：P_QQQ,485,0.3342522398345968297725706409
N,X2,5,0.015,0.10,否,1451,细分原因,通道激活：P_SPX,454,0.3128876636802205375603032391
N,X2,5,0.015,0.10,否,1451,细分原因,通道激活：PR_QQQ,409,0.2818745692625775327360441075
N,X2,5,0.015,0.10,否,1451,细分原因,通道激活：PR_SPX,347,0.2391454169538249483115093039
N,X2,5,0.015,0.10,否,1451,细分原因,通道激活：V,296,0.2039972432804962095106822881
N,X2,5,0.015,0.10,否,1451,细分原因,黄转绿未满足：(3) 非价格通道连续5天有效且未激活,177,0.1219848380427291523087525844
N,X2,5,0.015,0.10,否,1451,细分原因,黄转绿未满足：(4) S5TW 广度修复（不低于60日中位数连续3天）,93,0.06409372846312887663680220538
N,X2,5,0.015,0.10,否,1451,细分原因,黄转绿未满足：(5) NDTW 广度修复（不低于60日中位数连续3天）,87,0.05995864920744314266023432116
N,X2,5,0.015,0.10,否,1451,细分原因,红转黄未满足：红通道连续3天有效且未激活,72,0.04962095106822880771881461061
N,X2,5,0.015,0.10,否,1451,细分原因,降级限速：每天最多降一级,3,0.002067539627842866988283942109
N,X2,5,0.015,0.20,否,1460,主分类,A 有通道激活,1152,0.7890410958904109589041095890
N,X2,5,0.015,0.20,否,1460,主分类,B 无通道激活但条件未满足,305,0.2089041095890410958904109589
N,X2,5,0.015,0.20,否,1460,主分类,C 降级限速（刚由红降黄，黄转绿条件已全部满足）,3,0.002054794520547945205479452055
N,X2,5,0.015,0.20,否,1460,细分原因,通道激活：B_QQQ,712,0.4876712328767123287671232877
N,X2,5,0.015,0.20,否,1460,细分原因,通道激活：DV_SPX,565,0.3869863013698630136986301370
N,X2,5,0.015,0.20,否,1460,细分原因,通道激活：BW_QQQ,551,0.3773972602739726027397260274
N,X2,5,0.015,0.20,否,1460,细分原因,通道激活：BW_SPX,506,0.3465753424657534246575342466
N,X2,5,0.015,0.20,否,1460,细分原因,通道激活：DV_QQQ,505,0.3458904109589041095890410959
N,X2,5,0.015,0.20,否,1460,细分原因,通道激活：P_QQQ,485,0.3321917808219178082191780822
N,X2,5,0.015,0.20,否,1460,细分原因,通道激活：P_SPX,454,0.3109589041095890410958904110
N,X2,5,0.015,0.20,否,1460,细分原因,通道激活：PR_QQQ,409,0.2801369863013698630136986301
N,X2,5,0.015,0.20,否,1460,细分原因,通道激活：PR_SPX,347,0.2376712328767123287671232877
N,X2,5,0.015,0.20,否,1460,细分原因,通道激活：V,296,0.2027397260273972602739726027
N,X2,5,0.015,0.20,否,1460,细分原因,黄转绿未满足：(3) 非价格通道连续5天有效且未激活,182,0.1246575342465753424657534247
N,X2,5,0.015,0.20,否,1460,细分原因,黄转绿未满足：(4) S5TW 广度修复（不低于60日中位数连续3天）,90,0.06164383561643835616438356164
N,X2,5,0.015,0.20,否,1460,细分原因,黄转绿未满足：(5) NDTW 广度修复（不低于60日中位数连续3天）,85,0.05821917808219178082191780822
N,X2,5,0.015,0.20,否,1460,细分原因,红转黄未满足：红通道连续3天有效且未激活,68,0.04657534246575342465753424658
N,X2,5,0.015,0.20,否,1460,细分原因,降级限速：每天最多降一级,3,0.002054794520547945205479452055
N,X2,5,0.02,0.10,是,1430,主分类,A 有通道激活,1128,0.7888111888111888111888111888
N,X2,5,0.02,0.10,是,1430,主分类,B 无通道激活但条件未满足,299,0.2090909090909090909090909091
N,X2,5,0.02,0.10,是,1430,主分类,C 降级限速（刚由红降黄，黄转绿条件已全部满足）,3,0.002097902097902097902097902098
N,X2,5,0.02,0.10,是,1430,细分原因,通道激活：B_QQQ,565,0.3951048951048951048951048951
N,X2,5,0.02,0.10,是,1430,细分原因,通道激活：DV_SPX,565,0.3951048951048951048951048951
N,X2,5,0.02,0.10,是,1430,细分原因,通道激活：BW_QQQ,551,0.3853146853146853146853146853
N,X2,5,0.02,0.10,是,1430,细分原因,通道激活：BW_SPX,506,0.3538461538461538461538461538
N,X2,5,0.02,0.10,是,1430,细分原因,通道激活：DV_QQQ,505,0.3531468531468531468531468531
N,X2,5,0.02,0.10,是,1430,细分原因,通道激活：P_QQQ,466,0.3258741258741258741258741259
N,X2,5,0.02,0.10,是,1430,细分原因,通道激活：P_SPX,434,0.3034965034965034965034965035
N,X2,5,0.02,0.10,是,1430,细分原因,通道激活：PR_QQQ,335,0.2342657342657342657342657343
N,X2,5,0.02,0.10,是,1430,细分原因,通道激活：V,296,0.2069930069930069930069930070
N,X2,5,0.02,0.10,是,1430,细分原因,通道激活：PR_SPX,263,0.1839160839160839160839160839
N,X2,5,0.02,0.10,是,1430,细分原因,黄转绿未满足：(3) 非价格通道连续5天有效且未激活,178,0.1244755244755244755244755245
N,X2,5,0.02,0.10,是,1430,细分原因,黄转绿未满足：(4) S5TW 广度修复（不低于60日中位数连续3天）,88,0.06153846153846153846153846154
N,X2,5,0.02,0.10,是,1430,细分原因,黄转绿未满足：(5) NDTW 广度修复（不低于60日中位数连续3天）,85,0.05944055944055944055944055944
N,X2,5,0.02,0.10,是,1430,细分原因,红转黄未满足：红通道连续3天有效且未激活,67,0.04685314685314685314685314685
N,X2,5,0.02,0.10,是,1430,细分原因,降级限速：每天最多降一级,3,0.002097902097902097902097902098
N,X2,5,0.02,0.20,否,1439,主分类,A 有通道激活,1138,0.7908269631688672689367616400
N,X2,5,0.02,0.20,否,1439,主分类,B 无通道激活但条件未满足,298,0.2070882557331480194579569145
N,X2,5,0.02,0.20,否,1439,主分类,C 降级限速（刚由红降黄，黄转绿条件已全部满足）,3,0.002084781097984711605281445448
N,X2,5,0.02,0.20,否,1439,细分原因,通道激活：B_QQQ,712,0.4947880472550382209867963864
N,X2,5,0.02,0.20,否,1439,细分原因,通道激活：DV_SPX,565,0.3926337734537873523280055594
N,X2,5,0.02,0.20,否,1439,细分原因,通道激活：BW_QQQ,551,0.3829047949965253648366921473
N,X2,5,0.02,0.20,否,1439,细分原因,通道激活：BW_SPX,506,0.3516330785267546907574704656
N,X2,5,0.02,0.20,否,1439,细分原因,通道激活：DV_QQQ,505,0.3509381514940931202223766505
N,X2,5,0.02,0.20,否,1439,细分原因,通道激活：P_QQQ,466,0.3238359972202918693537178596
N,X2,5,0.02,0.20,否,1439,细分原因,通道激活：P_SPX,434,0.3015983321751216122307157748
N,X2,5,0.02,0.20,否,1439,细分原因,通道激活：PR_QQQ,335,0.2328005559416261292564280751
N,X2,5,0.02,0.20,否,1439,细分原因,通道激活：V,296,0.2056984016678248783877692842
N,X2,5,0.02,0.20,否,1439,细分原因,通道激活：PR_SPX,263,0.1827658095899930507296733843
N,X2,5,0.02,0.20,否,1439,细分原因,黄转绿未满足：(3) 非价格通道连续5天有效且未激活,182,0.1264767199444058373870743572
N,X2,5,0.02,0.20,否,1439,细分原因,黄转绿未满足：(4) S5TW 广度修复（不低于60日中位数连续3天）,82,0.05698401667824878387769284225
N,X2,5,0.02,0.20,否,1439,细分原因,黄转绿未满足：(5) NDTW 广度修复（不低于60日中位数连续3天）,80,0.05559416261292564280750521195
N,X2,5,0.02,0.20,否,1439,细分原因,红转黄未满足：红通道连续3天有效且未激活,65,0.04517025712300208478109798471
N,X2,5,0.02,0.20,否,1439,细分原因,降级限速：每天最多降一级,3,0.002084781097984711605281445448
N,X2,5,0.025,0.10,否,1410,主分类,A 有通道激活,1115,0.7907801418439716312056737589
N,X2,5,0.025,0.10,否,1410,主分类,B 无通道激活但条件未满足,293,0.2078014184397163120567375887
N,X2,5,0.025,0.10,否,1410,主分类,C 降级限速（刚由红降黄，黄转绿条件已全部满足）,2,0.001418439716312056737588652482
N,X2,5,0.025,0.10,否,1410,细分原因,通道激活：B_QQQ,565,0.4007092198581560283687943262
N,X2,5,0.025,0.10,否,1410,细分原因,通道激活：DV_SPX,565,0.4007092198581560283687943262
N,X2,5,0.025,0.10,否,1410,细分原因,通道激活：BW_QQQ,551,0.3907801418439716312056737589
N,X2,5,0.025,0.10,否,1410,细分原因,通道激活：BW_SPX,506,0.3588652482269503546099290780
N,X2,5,0.025,0.10,否,1410,细分原因,通道激活：DV_QQQ,505,0.3581560283687943262411347518
N,X2,5,0.025,0.10,否,1410,细分原因,通道激活：P_QQQ,443,0.3141843971631205673758865248
N,X2,5,0.025,0.10,否,1410,细分原因,通道激活：P_SPX,403,0.2858156028368794326241134752
N,X2,5,0.025,0.10,否,1410,细分原因,通道激活：V,296,0.2099290780141843971631205674
N,X2,5,0.025,0.10,否,1410,细分原因,通道激活：PR_QQQ,268,0.1900709219858156028368794326
N,X2,5,0.025,0.10,否,1410,细分原因,通道激活：PR_SPX,188,0.1333333333333333333333333333
N,X2,5,0.025,0.10,否,1410,细分原因,黄转绿未满足：(3) 非价格通道连续5天有效且未激活,186,0.1319148936170212765957446809
N,X2,5,0.025,0.10,否,1410,细分原因,黄转绿未满足：(4) S5TW 广度修复（不低于60日中位数连续3天）,94,0.06666666666666666666666666667
N,X2,5,0.025,0.10,否,1410,细分原因,黄转绿未满足：(5) NDTW 广度修复（不低于60日中位数连续3天）,91,0.06453900709219858156028368794
N,X2,5,0.025,0.10,否,1410,细分原因,红转黄未满足：红通道连续3天有效且未激活,54,0.03829787234042553191489361702
N,X2,5,0.025,0.10,否,1410,细分原因,降级限速：每天最多降一级,2,0.001418439716312056737588652482
N,X2,5,0.025,0.20,否,1419,主分类,A 有通道激活,1126,0.7935165609584214235377026075
N,X2,5,0.025,0.20,否,1419,主分类,B 无通道激活但条件未满足,291,0.2050739957716701902748414376
N,X2,5,0.025,0.20,否,1419,主分类,C 降级限速（刚由红降黄，黄转绿条件已全部满足）,2,0.001409443269908386187455954898
N,X2,5,0.025,0.20,否,1419,细分原因,通道激活：B_QQQ,712,0.5017618040873854827343199436
N,X2,5,0.025,0.20,否,1419,细分原因,通道激活：DV_SPX,565,0.3981677237491190979563072586
N,X2,5,0.025,0.20,否,1419,细分原因,通道激活：BW_QQQ,551,0.3883016208597603946441155743
N,X2,5,0.025,0.20,否,1419,细分原因,通道激活：BW_SPX,506,0.3565891472868217054263565891
N,X2,5,0.025,0.20,否,1419,细分原因,通道激活：DV_QQQ,505,0.3558844256518675123326286117
N,X2,5,0.025,0.20,否,1419,细分原因,通道激活：P_QQQ,443,0.3121916842847075405214940099
N,X2,5,0.025,0.20,否,1419,细分原因,通道激活：P_SPX,403,0.2840028188865398167723749119
N,X2,5,0.025,0.20,否,1419,细分原因,通道激活：V,296,0.2085976039464411557434813249
N,X2,5,0.025,0.20,否,1419,细分原因,通道激活：PR_QQQ,268,0.1888653981677237491190979563
N,X2,5,0.025,0.20,否,1419,细分原因,黄转绿未满足：(3) 非价格通道连续5天有效且未激活,190,0.1338971106412966878083157153
N,X2,5,0.025,0.20,否,1419,细分原因,通道激活：PR_SPX,188,0.1324876673713883016208597604
N,X2,5,0.025,0.20,否,1419,细分原因,黄转绿未满足：(4) S5TW 广度修复（不低于60日中位数连续3天）,87,0.06131078224101479915433403805
N,X2,5,0.025,0.20,否,1419,细分原因,黄转绿未满足：(5) NDTW 广度修复（不低于60日中位数连续3天）,85,0.05990133897110641296687808316
N,X2,5,0.025,0.20,否,1419,细分原因,红转黄未满足：红通道连续3天有效且未激活,52,0.03664552501761804087385482734
N,X2,5,0.025,0.20,否,1419,细分原因,降级限速：每天最多降一级,2,0.001409443269908386187455954898
N,X2,10,0.015,0.10,否,1498,主分类,A 有通道激活,1221,0.8150867823765020026702269693
N,X2,10,0.015,0.10,否,1498,主分类,B 无通道激活但条件未满足,259,0.1728971962616822429906542056
N,X2,10,0.015,0.10,否,1498,主分类,C 降级限速（刚由红降黄，黄转绿条件已全部满足）,18,0.01201602136181575433911882510
N,X2,10,0.015,0.10,否,1498,细分原因,通道激活：P_QQQ,681,0.4546061415220293724966622163
N,X2,10,0.015,0.10,否,1498,细分原因,通道激活：P_SPX,663,0.4425901201602136181575433912
N,X2,10,0.015,0.10,否,1498,细分原因,通道激活：PR_QQQ,586,0.3911882510013351134846461949
N,X2,10,0.015,0.10,否,1498,细分原因,通道激活：B_QQQ,565,0.3771695594125500667556742323
N,X2,10,0.015,0.10,否,1498,细分原因,通道激活：DV_SPX,565,0.3771695594125500667556742323
N,X2,10,0.015,0.10,否,1498,细分原因,通道激活：BW_QQQ,551,0.3678237650200267022696929239
N,X2,10,0.015,0.10,否,1498,细分原因,通道激活：PR_SPX,522,0.3484646194926568758344459279
N,X2,10,0.015,0.10,否,1498,细分原因,通道激活：BW_SPX,506,0.3377837116154873164218958611
N,X2,10,0.015,0.10,否,1498,细分原因,通道激活：DV_QQQ,505,0.3371161548731642189586114820
N,X2,10,0.015,0.10,否,1498,细分原因,通道激活：V,296,0.1975967957276368491321762350
N,X2,10,0.015,0.10,否,1498,细分原因,黄转绿未满足：(3) 非价格通道连续5天有效且未激活,128,0.08544726301735647530040053405
N,X2,10,0.015,0.10,否,1498,细分原因,黄转绿未满足：(4) S5TW 广度修复（不低于60日中位数连续3天）,91,0.06074766355140186915887850467
N,X2,10,0.015,0.10,否,1498,细分原因,黄转绿未满足：(5) NDTW 广度修复（不低于60日中位数连续3天）,88,0.05874499332443257676902536716
N,X2,10,0.015,0.10,否,1498,细分原因,红转黄未满足：红通道连续3天有效且未激活,73,0.04873164218958611481975967957
N,X2,10,0.015,0.10,否,1498,细分原因,降级限速：每天最多降一级,18,0.01201602136181575433911882510
N,X2,10,0.015,0.20,否,1505,主分类,A 有通道激活,1229,0.8166112956810631229235880399
N,X2,10,0.015,0.20,否,1505,主分类,B 无通道激活但条件未满足,259,0.1720930232558139534883720930
N,X2,10,0.015,0.20,否,1505,主分类,C 降级限速（刚由红降黄，黄转绿条件已全部满足）,17,0.01129568106312292358803986711
N,X2,10,0.015,0.20,否,1505,细分原因,通道激活：B_QQQ,712,0.4730897009966777408637873754
N,X2,10,0.015,0.20,否,1505,细分原因,通道激活：P_QQQ,681,0.4524916943521594684385382060
N,X2,10,0.015,0.20,否,1505,细分原因,通道激活：P_SPX,663,0.4405315614617940199335548173
N,X2,10,0.015,0.20,否,1505,细分原因,通道激活：PR_QQQ,586,0.3893687707641196013289036545
N,X2,10,0.015,0.20,否,1505,细分原因,通道激活：DV_SPX,565,0.3754152823920265780730897010
N,X2,10,0.015,0.20,否,1505,细分原因,通道激活：BW_QQQ,551,0.3661129568106312292358803987
N,X2,10,0.015,0.20,否,1505,细分原因,通道激活：PR_SPX,522,0.3468438538205980066445182724
N,X2,10,0.015,0.20,否,1505,细分原因,通道激活：BW_SPX,506,0.3362126245847176079734219269
N,X2,10,0.015,0.20,否,1505,细分原因,通道激活：DV_QQQ,505,0.3355481727574750830564784053
N,X2,10,0.015,0.20,否,1505,细分原因,通道激活：V,296,0.1966777408637873754152823920
N,X2,10,0.015,0.20,否,1505,细分原因,黄转绿未满足：(3) 非价格通道连续5天有效且未激活,133,0.08837209302325581395348837209
N,X2,10,0.015,0.20,否,1505,细分原因,黄转绿未满足：(4) S5TW 广度修复（不低于60日中位数连续3天）,88,0.05847176079734219269102990033
N,X2,10,0.015,0.20,否,1505,细分原因,黄转绿未满足：(5) NDTW 广度修复（不低于60日中位数连续3天）,86,0.05714285714285714285714285714
N,X2,10,0.015,0.20,否,1505,细分原因,红转黄未满足：红通道连续3天有效且未激活,69,0.04584717607973421926910299003
N,X2,10,0.015,0.20,否,1505,细分原因,降级限速：每天最多降一级,17,0.01129568106312292358803986711
N,X2,10,0.02,0.10,否,1477,主分类,A 有通道激活,1205,0.8158429248476641841570751523
N,X2,10,0.02,0.10,否,1477,主分类,B 无通道激活但条件未满足,256,0.1733243060257278266756939743
N,X2,10,0.02,0.10,否,1477,主分类,C 降级限速（刚由红降黄，黄转绿条件已全部满足）,16,0.01083276912660798916723087339
N,X2,10,0.02,0.10,否,1477,细分原因,通道激活：P_QQQ,655,0.4434664861205145565335138795
N,X2,10,0.02,0.10,否,1477,细分原因,通道激活：P_SPX,633,0.4285714285714285714285714286
N,X2,10,0.02,0.10,否,1477,细分原因,通道激活：B_QQQ,565,0.3825321597833446174678402167
N,X2,10,0.02,0.10,否,1477,细分原因,通道激活：DV_SPX,565,0.3825321597833446174678402167
N,X2,10,0.02,0.10,否,1477,细分原因,通道激活：BW_QQQ,551,0.3730534867975626269465132024
N,X2,10,0.02,0.10,否,1477,细分原因,通道激活：BW_SPX,506,0.3425863236289776574136763710
N,X2,10,0.02,0.10,否,1477,细分原因,通道激活：DV_QQQ,505,0.3419092755585646580907244414
N,X2,10,0.02,0.10,否,1477,细分原因,通道激活：PR_QQQ,487,0.3297224102911306702775897089
N,X2,10,0.02,0.10,否,1477,细分原因,通道激活：PR_SPX,407,0.2755585646580907244414353419
N,X2,10,0.02,0.10,否,1477,细分原因,通道激活：V,296,0.2004062288422477995937711578
N,X2,10,0.02,0.10,否,1477,细分原因,黄转绿未满足：(3) 非价格通道连续5天有效且未激活,135,0.09140148950575490859851049425
N,X2,10,0.02,0.10,否,1477,细分原因,黄转绿未满足：(4) S5TW 广度修复（不低于60日中位数连续3天）,87,0.05890318212593094109681787407
N,X2,10,0.02,0.10,否,1477,细分原因,黄转绿未满足：(5) NDTW 广度修复（不低于60日中位数连续3天）,85,0.05754908598510494245091401490
N,X2,10,0.02,0.10,否,1477,细分原因,红转黄未满足：红通道连续3天有效且未激活,67,0.04536222071767095463777928233
N,X2,10,0.02,0.10,否,1477,细分原因,降级限速：每天最多降一级,16,0.01083276912660798916723087339
N,X2,10,0.02,0.10,否,1477,细分原因,黄转绿未满足：(1) 两指数 Q≥K,3,0.002031144211238997968855788761
N,X2,10,0.02,0.10,否,1477,细分原因,红转黄未满足：(1) 两指数 Q≥K,2,0.001354096140825998645903859174
N,X2,10,0.02,0.20,否,1484,主分类,A 有通道激活,1214,0.8180592991913746630727762803
N,X2,10,0.02,0.20,否,1484,主分类,B 无通道激活但条件未满足,255,0.1718328840970350404312668464
N,X2,10,0.02,0.20,否,1484,主分类,C 降级限速（刚由红降黄，黄转绿条件已全部满足）,15,0.01010781671159029649595687332
N,X2,10,0.02,0.20,否,1484,细分原因,通道激活：B_QQQ,712,0.4797843665768194070080862534
N,X2,10,0.02,0.20,否,1484,细分原因,通道激活：P_QQQ,655,0.4413746630727762803234501348
N,X2,10,0.02,0.20,否,1484,细分原因,通道激活：P_SPX,633,0.4265498652291105121293800539
N,X2,10,0.02,0.20,否,1484,细分原因,通道激活：DV_SPX,565,0.3807277628032345013477088949
N,X2,10,0.02,0.20,否,1484,细分原因,通道激活：BW_QQQ,551,0.3712938005390835579514824798
N,X2,10,0.02,0.20,否,1484,细分原因,通道激活：BW_SPX,506,0.3409703504043126684636118598
N,X2,10,0.02,0.20,否,1484,细分原因,通道激活：DV_QQQ,505,0.3402964959568733153638814016
N,X2,10,0.02,0.20,否,1484,细分原因,通道激活：PR_QQQ,487,0.3281671159029649595687331536
N,X2,10,0.02,0.20,否,1484,细分原因,通道激活：PR_SPX,407,0.2742587601078167115902964960
N,X2,10,0.02,0.20,否,1484,细分原因,通道激活：V,296,0.1994609164420485175202156334
N,X2,10,0.02,0.20,否,1484,细分原因,黄转绿未满足：(3) 非价格通道连续5天有效且未激活,139,0.09366576819407008086253369272
N,X2,10,0.02,0.20,否,1484,细分原因,黄转绿未满足：(4) S5TW 广度修复（不低于60日中位数连续3天）,81,0.05458221024258760107816711590
N,X2,10,0.02,0.20,否,1484,细分原因,黄转绿未满足：(5) NDTW 广度修复（不低于60日中位数连续3天）,80,0.05390835579514824797843665768
N,X2,10,0.02,0.20,否,1484,细分原因,红转黄未满足：红通道连续3天有效且未激活,65,0.04380053908355795148247978437
N,X2,10,0.02,0.20,否,1484,细分原因,降级限速：每天最多降一级,15,0.01010781671159029649595687332
N,X2,10,0.02,0.20,否,1484,细分原因,黄转绿未满足：(1) 两指数 Q≥K,3,0.002021563342318059299191374663
N,X2,10,0.02,0.20,否,1484,细分原因,红转黄未满足：(1) 两指数 Q≥K,2,0.001347708894878706199460916442
N,X2,10,0.025,0.10,否,1454,主分类,A 有通道激活,1191,0.8191196698762035763411279230
N,X2,10,0.025,0.10,否,1454,主分类,B 无通道激活但条件未满足,247,0.1698762035763411279229711142
N,X2,10,0.025,0.10,否,1454,主分类,C 降级限速（刚由红降黄，黄转绿条件已全部满足）,16,0.01100412654745529573590096286
N,X2,10,0.025,0.10,否,1454,细分原因,通道激活：P_QQQ,627,0.4312242090784044016506189821
N,X2,10,0.025,0.10,否,1454,细分原因,通道激活：P_SPX,596,0.4099037138927097661623108666
N,X2,10,0.025,0.10,否,1454,细分原因,通道激活：B_QQQ,565,0.3885832187070151306740027510
N,X2,10,0.025,0.10,否,1454,细分原因,通道激活：DV_SPX,565,0.3885832187070151306740027510
N,X2,10,0.025,0.10,否,1454,细分原因,通道激活：BW_QQQ,551,0.3789546079779917469050894085
N,X2,10,0.025,0.10,否,1454,细分原因,通道激活：BW_SPX,506,0.3480055020632737276478679505
N,X2,10,0.025,0.10,否,1454,细分原因,通道激活：DV_QQQ,505,0.3473177441540577716643741403
N,X2,10,0.025,0.10,否,1454,细分原因,通道激活：PR_QQQ,401,0.2757909215955983493810178817
N,X2,10,0.025,0.10,否,1454,细分原因,通道激活：V,296,0.2035763411279229711141678129
N,X2,10,0.025,0.10,否,1454,细分原因,通道激活：PR_SPX,294,0.2022008253094910591471801926
N,X2,10,0.025,0.10,否,1454,细分原因,黄转绿未满足：(3) 非价格通道连续5天有效且未激活,142,0.09766162310866574965612104539
N,X2,10,0.025,0.10,否,1454,细分原因,黄转绿未满足：(4) S5TW 广度修复（不低于60日中位数连续3天）,91,0.06258596973865199449793672627
N,X2,10,0.025,0.10,否,1454,细分原因,黄转绿未满足：(5) NDTW 广度修复（不低于60日中位数连续3天）,90,0.06189821182943603851444291609
N,X2,10,0.025,0.10,否,1454,细分原因,红转黄未满足：红通道连续3天有效且未激活,51,0.03507565337001375515818431912
N,X2,10,0.025,0.10,否,1454,细分原因,降级限速：每天最多降一级,16,0.01100412654745529573590096286
N,X2,10,0.025,0.10,否,1454,细分原因,黄转绿未满足：(1) 两指数 Q≥K,3,0.002063273727647867950481430536
N,X2,10,0.025,0.10,否,1454,细分原因,红转黄未满足：(1) 两指数 Q≥K,2,0.001375515818431911966987620358
N,X2,10,0.025,0.20,否,1461,主分类,A 有通道激活,1201,0.8220396988364134154688569473
N,X2,10,0.025,0.20,否,1461,主分类,B 无通道激活但条件未满足,245,0.1676933607118412046543463381
N,X2,10,0.025,0.20,否,1461,主分类,C 降级限速（刚由红降黄，黄转绿条件已全部满足）,15,0.01026694045174537987679671458
N,X2,10,0.025,0.20,否,1461,细分原因,通道激活：B_QQQ,712,0.4873374401095140314852840520
N,X2,10,0.025,0.20,否,1461,细分原因,通道激活：P_QQQ,627,0.4291581108829568788501026694
N,X2,10,0.025,0.20,否,1461,细分原因,通道激活：P_SPX,596,0.4079397672826830937713894593
N,X2,10,0.025,0.20,否,1461,细分原因,通道激活：DV_SPX,565,0.3867214236824093086926762491
N,X2,10,0.025,0.20,否,1461,细分原因,通道激活：BW_QQQ,551,0.3771389459274469541409993155
N,X2,10,0.025,0.20,否,1461,细分原因,通道激活：BW_SPX,506,0.3463381245722108145106091718
N,X2,10,0.025,0.20,否,1461,细分原因,通道激活：DV_QQQ,505,0.3456536618754277891854893908
N,X2,10,0.025,0.20,否,1461,细分原因,通道激活：PR_QQQ,401,0.2744695414099931553730321697
N,X2,10,0.025,0.20,否,1461,细分原因,通道激活：V,296,0.2026009582477754962354551677
N,X2,10,0.025,0.20,否,1461,细分原因,通道激活：PR_SPX,294,0.2012320328542094455852156057
N,X2,10,0.025,0.20,否,1461,细分原因,黄转绿未满足：(3) 非价格通道连续5天有效且未激活,146,0.09993155373032169746748802190
N,X2,10,0.025,0.20,否,1461,细分原因,黄转绿未满足：(4) S5TW 广度修复（不低于60日中位数连续3天）,84,0.05749486652977412731006160164
N,X2,10,0.025,0.20,否,1461,细分原因,黄转绿未满足：(5) NDTW 广度修复（不低于60日中位数连续3天）,84,0.05749486652977412731006160164
N,X2,10,0.025,0.20,否,1461,细分原因,红转黄未满足：红通道连续3天有效且未激活,49,0.03353867214236824093086926762
N,X2,10,0.025,0.20,否,1461,细分原因,降级限速：每天最多降一级,15,0.01026694045174537987679671458
N,X2,10,0.025,0.20,否,1461,细分原因,黄转绿未满足：(1) 两指数 Q≥K,3,0.002053388090349075975359342916
N,X2,10,0.025,0.20,否,1461,细分原因,红转黄未满足：(1) 两指数 Q≥K,2,0.001368925393566050650239561944
N′,X2,3,0.015,,否,1182,主分类,A 有通道激活,788,0.6666666666666666666666666667
N′,X2,3,0.015,,否,1182,主分类,B 无通道激活但条件未满足,390,0.3299492385786802030456852792
N′,X2,3,0.015,,否,1182,主分类,C 降级限速（刚由红降黄，黄转绿条件已全部满足）,4,0.003384094754653130287648054146
N′,X2,3,0.015,,否,1182,细分原因,通道激活：BW_QQQ,551,0.4661590524534686971235194585
N′,X2,3,0.015,,否,1182,细分原因,通道激活：BW_SPX,506,0.4280879864636209813874788494
N′,X2,3,0.015,,否,1182,细分原因,通道激活：P_QQQ,376,0.3181049069373942470389170897
N′,X2,3,0.015,,否,1182,细分原因,通道激活：P_SPX,352,0.2978003384094754653130287648
N′,X2,3,0.015,,否,1182,细分原因,通道激活：PR_QQQ,311,0.2631133671742808798646362098
N′,X2,3,0.015,,否,1182,细分原因,通道激活：V,296,0.2504230118443316412859560068
N′,X2,3,0.015,,否,1182,细分原因,通道激活：PR_SPX,262,0.2216582064297800338409475465
N′,X2,3,0.015,,否,1182,细分原因,黄转绿未满足：(4) S5TW 广度修复（不低于60日中位数连续3天）,215,0.1818950930626057529610829103
N′,X2,3,0.015,,否,1182,细分原因,黄转绿未满足：(5) NDTW 广度修复（不低于60日中位数连续3天）,195,0.1649746192893401015228426396
N′,X2,3,0.015,,否,1182,细分原因,红转黄未满足：红通道连续3天有效且未激活,115,0.09729272419627749576988155668
N′,X2,3,0.015,,否,1182,细分原因,黄转绿未满足：(3) 非价格通道连续5天有效且未激活,68,0.05752961082910321489001692047
N′,X2,3,0.015,,否,1182,细分原因,降级限速：每天最多降一级,4,0.003384094754653130287648054146
N′,X2,3,0.015,,否,1182,细分原因,黄转绿未满足：(1) 两指数 Q≥K,2,0.001692047377326565143824027073
N′,X2,3,0.02,,否,1040,主分类,A 有通道激活,752,0.7230769230769230769230769231
N′,X2,3,0.02,,否,1040,主分类,B 无通道激活但条件未满足,284,0.2730769230769230769230769231
N′,X2,3,0.02,,否,1040,主分类,C 降级限速（刚由红降黄，黄转绿条件已全部满足）,4,0.003846153846153846153846153846
N′,X2,3,0.02,,否,1040,细分原因,通道激活：BW_QQQ,551,0.5298076923076923076923076923
N′,X2,3,0.02,,否,1040,细分原因,通道激活：BW_SPX,506,0.4865384615384615384615384615
N′,X2,3,0.02,,否,1040,细分原因,通道激活：P_QQQ,361,0.3471153846153846153846153846
N′,X2,3,0.02,,否,1040,细分原因,通道激活：P_SPX,337,0.3240384615384615384615384615
N′,X2,3,0.02,,否,1040,细分原因,通道激活：V,296,0.2846153846153846153846153846
N′,X2,3,0.02,,否,1040,细分原因,通道激活：PR_QQQ,255,0.2451923076923076923076923077
N′,X2,3,0.02,,否,1040,细分原因,通道激活：PR_SPX,198,0.1903846153846153846153846154
N′,X2,3,0.02,,否,1040,细分原因,黄转绿未满足：(4) S5TW 广度修复（不低于60日中位数连续3天）,114,0.1096153846153846153846153846
N′,X2,3,0.02,,否,1040,细分原因,红转黄未满足：红通道连续3天有效且未激活,108,0.1038461538461538461538461538
N′,X2,3,0.02,,否,1040,细分原因,黄转绿未满足：(5) NDTW 广度修复（不低于60日中位数连续3天）,108,0.1038461538461538461538461538
N′,X2,3,0.02,,否,1040,细分原因,黄转绿未满足：(3) 非价格通道连续5天有效且未激活,66,0.06346153846153846153846153846
N′,X2,3,0.02,,否,1040,细分原因,降级限速：每天最多降一级,4,0.003846153846153846153846153846
N′,X2,3,0.025,,否,994,主分类,A 有通道激活,729,0.7334004024144869215291750503
N′,X2,3,0.025,,否,994,主分类,B 无通道激活但条件未满足,263,0.2645875251509054325955734406
N′,X2,3,0.025,,否,994,主分类,C 降级限速（刚由红降黄，黄转绿条件已全部满足）,2,0.002012072434607645875251509054
N′,X2,3,0.025,,否,994,细分原因,通道激活：BW_QQQ,551,0.5543259557344064386317907445
N′,X2,3,0.025,,否,994,细分原因,通道激活：BW_SPX,506,0.5090543259557344064386317907
N′,X2,3,0.025,,否,994,细分原因,通道激活：P_QQQ,339,0.3410462776659959758551307847
N′,X2,3,0.025,,否,994,细分原因,通道激活：P_SPX,306,0.3078470824949698189134808853
N′,X2,3,0.025,,否,994,细分原因,通道激活：V,296,0.2977867203219315895372233400
N′,X2,3,0.025,,否,994,细分原因,通道激活：PR_QQQ,202,0.2032193158953722334004024145
N′,X2,3,0.025,,否,994,细分原因,通道激活：PR_SPX,141,0.1418511066398390342052313883
N′,X2,3,0.025,,否,994,细分原因,黄转绿未满足：(4) S5TW 广度修复（不低于60日中位数连续3天）,106,0.1066398390342052313883299799
N′,X2,3,0.025,,否,994,细分原因,黄转绿未满足：(5) NDTW 广度修复（不低于60日中位数连续3天）,103,0.1036217303822937625754527163
N′,X2,3,0.025,,否,994,细分原因,红转黄未满足：红通道连续3天有效且未激活,93,0.09356136820925553319919517103
N′,X2,3,0.025,,否,994,细分原因,黄转绿未满足：(3) 非价格通道连续5天有效且未激活,74,0.07444668008048289738430583501
N′,X2,3,0.025,,否,994,细分原因,降级限速：每天最多降一级,2,0.002012072434607645875251509054
N′,X2,3,0.025,,否,994,细分原因,黄转绿未满足：(1) 两指数 Q≥K,1,0.001006036217303822937625754527
N′,X2,5,0.015,,否,1182,主分类,A 有通道激活,803,0.6793570219966159052453468697
N′,X2,5,0.015,,否,1182,主分类,B 无通道激活但条件未满足,375,0.3172588832487309644670050761
N′,X2,5,0.015,,否,1182,主分类,C 降级限速（刚由红降黄，黄转绿条件已全部满足）,4,0.003384094754653130287648054146
N′,X2,5,0.015,,否,1182,细分原因,通道激活：BW_QQQ,551,0.4661590524534686971235194585
N′,X2,5,0.015,,否,1182,细分原因,通道激活：BW_SPX,506,0.4280879864636209813874788494
N′,X2,5,0.015,,否,1182,细分原因,通道激活：P_QQQ,485,0.4103214890016920473773265651
N′,X2,5,0.015,,否,1182,细分原因,通道激活：P_SPX,454,0.3840947546531302876480541455
N′,X2,5,0.015,,否,1182,细分原因,通道激活：PR_QQQ,409,0.3460236886632825719120135364
N′,X2,5,0.015,,否,1182,细分原因,通道激活：PR_SPX,347,0.2935702199661590524534686971
N′,X2,5,0.015,,否,1182,细分原因,通道激活：V,296,0.2504230118443316412859560068
N′,X2,5,0.015,,否,1182,细分原因,黄转绿未满足：(4) S5TW 广度修复（不低于60日中位数连续3天）,209,0.1768189509306260575296108291
N′,X2,5,0.015,,否,1182,细分原因,黄转绿未满足：(5) NDTW 广度修复（不低于60日中位数连续3天）,187,0.1582064297800338409475465313
N′,X2,5,0.015,,否,1182,细分原因,红转黄未满足：红通道连续3天有效且未激活,111,0.09390862944162436548223350254
N′,X2,5,0.015,,否,1182,细分原因,黄转绿未满足：(3) 非价格通道连续5天有效且未激活,63,0.05329949238578680203045685279
N′,X2,5,0.015,,否,1182,细分原因,降级限速：每天最多降一级,4,0.003384094754653130287648054146
N′,X2,5,0.015,,否,1182,细分原因,黄转绿未满足：(1) 两指数 Q≥K,2,0.001692047377326565143824027073
N′,X2,5,0.02,,是,1039,主分类,A 有通道激活,761,0.7324350336862367661212704524
N′,X2,5,0.02,,是,1039,主分类,B 无通道激活但条件未满足,275,0.2646775745909528392685274302
N′,X2,5,0.02,,是,1039,主分类,C 降级限速（刚由红降黄，黄转绿条件已全部满足）,3,0.002887391722810394610202117421
N′,X2,5,0.02,,是,1039,细分原因,通道激活：BW_QQQ,551,0.5303176130895091434071222329
N′,X2,5,0.02,,是,1039,细分原因,通道激活：BW_SPX,506,0.4870067372473532242540904716
N′,X2,5,0.02,,是,1039,细分原因,通道激活：P_QQQ,466,0.4485081809432146294513955727
N′,X2,5,0.02,,是,1039,细分原因,通道激活：P_SPX,434,0.4177093358999037536092396535
N′,X2,5,0.02,,是,1039,细分原因,通道激活：PR_QQQ,335,0.3224254090471607314725697786
N′,X2,5,0.02,,是,1039,细分原因,通道激活：V,296,0.2848893166506256015399422522
N′,X2,5,0.02,,是,1039,细分原因,通道激活：PR_SPX,263,0.2531280076997112608277189605
N′,X2,5,0.02,,是,1039,细分原因,黄转绿未满足：(4) S5TW 广度修复（不低于60日中位数连续3天）,112,0.1077959576515880654475457170
N′,X2,5,0.02,,是,1039,细分原因,红转黄未满足：红通道连续3天有效且未激活,105,0.1010587102983638113570741097
N′,X2,5,0.02,,是,1039,细分原因,黄转绿未满足：(5) NDTW 广度修复（不低于60日中位数连续3天）,104,0.1000962463907603464870067372
N′,X2,5,0.02,,是,1039,细分原因,黄转绿未满足：(3) 非价格通道连续5天有效且未激活,62,0.05967276227141482194417709336
N′,X2,5,0.02,,是,1039,细分原因,降级限速：每天最多降一级,3,0.002887391722810394610202117421
N′,X2,5,0.025,,否,994,主分类,A 有通道激活,738,0.7424547283702213279678068410
N′,X2,5,0.025,,否,994,主分类,B 无通道激活但条件未满足,254,0.2555331991951710261569416499
N′,X2,5,0.025,,否,994,主分类,C 降级限速（刚由红降黄，黄转绿条件已全部满足）,2,0.002012072434607645875251509054
N′,X2,5,0.025,,否,994,细分原因,通道激活：BW_QQQ,551,0.5543259557344064386317907445
N′,X2,5,0.025,,否,994,细分原因,通道激活：BW_SPX,506,0.5090543259557344064386317907
N′,X2,5,0.025,,否,994,细分原因,通道激活：P_QQQ,443,0.4456740442655935613682092555
N′,X2,5,0.025,,否,994,细分原因,通道激活：P_SPX,403,0.4054325955734406438631790744
N′,X2,5,0.025,,否,994,细分原因,通道激活：V,296,0.2977867203219315895372233400
N′,X2,5,0.025,,否,994,细分原因,通道激活：PR_QQQ,268,0.2696177062374245472837022133
N′,X2,5,0.025,,否,994,细分原因,通道激活：PR_SPX,188,0.1891348088531187122736418511
N′,X2,5,0.025,,否,994,细分原因,黄转绿未满足：(4) S5TW 广度修复（不低于60日中位数连续3天）,104,0.1046277665995975855130784708
N′,X2,5,0.025,,否,994,细分原因,黄转绿未满足：(5) NDTW 广度修复（不低于60日中位数连续3天）,100,0.1006036217303822937625754527
N′,X2,5,0.025,,否,994,细分原因,红转黄未满足：红通道连续3天有效且未激活,91,0.09154929577464788732394366197
N′,X2,5,0.025,,否,994,细分原因,黄转绿未满足：(3) 非价格通道连续5天有效且未激活,68,0.06841046277665995975855130785
N′,X2,5,0.025,,否,994,细分原因,降级限速：每天最多降一级,2,0.002012072434607645875251509054
N′,X2,5,0.025,,否,994,细分原因,黄转绿未满足：(1) 两指数 Q≥K,1,0.001006036217303822937625754527
N′,X2,10,0.015,,否,1246,主分类,A 有通道激活,928,0.7447833065810593900481540931
N′,X2,10,0.015,,否,1246,主分类,B 无通道激活但条件未满足,294,0.2359550561797752808988764045
N′,X2,10,0.015,,否,1246,主分类,C 降级限速（刚由红降黄，黄转绿条件已全部满足）,24,0.01926163723916532905296950241
N′,X2,10,0.015,,否,1246,细分原因,通道激活：P_QQQ,681,0.5465489566613162118780096308
N′,X2,10,0.015,,否,1246,细分原因,通道激活：P_SPX,663,0.5321027287319422150882825040
N′,X2,10,0.015,,否,1246,细分原因,通道激活：PR_QQQ,586,0.4703049759229534510433386838
N′,X2,10,0.015,,否,1246,细分原因,通道激活：BW_QQQ,551,0.4422150882825040128410914928
N′,X2,10,0.015,,否,1246,细分原因,通道激活：PR_SPX,522,0.4189406099518459069020866774
N′,X2,10,0.015,,否,1246,细分原因,通道激活：BW_SPX,506,0.4060995184590690208667736758
N′,X2,10,0.015,,否,1246,细分原因,通道激活：V,296,0.2375601926163723916532905297
N′,X2,10,0.015,,否,1246,细分原因,黄转绿未满足：(4) S5TW 广度修复（不低于60日中位数连续3天）,188,0.1508828250401284109149277689
N′,X2,10,0.015,,否,1246,细分原因,黄转绿未满足：(5) NDTW 广度修复（不低于60日中位数连续3天）,176,0.1412520064205457463884430177
N′,X2,10,0.015,,否,1246,细分原因,红转黄未满足：红通道连续3天有效且未激活,86,0.06902086677367576243980738363
N′,X2,10,0.015,,否,1246,细分原因,降级限速：每天最多降一级,24,0.01926163723916532905296950241
N′,X2,10,0.015,,否,1246,细分原因,黄转绿未满足：(3) 非价格通道连续5天有效且未激活,17,0.01364365971107544141252006421
N′,X2,10,0.015,,否,1246,细分原因,黄转绿未满足：(1) 两指数 Q≥K,2,0.001605136436597110754414125201
N′,X2,10,0.02,,否,1097,主分类,A 有通道激活,881,0.8030993618960802187784867821
N′,X2,10,0.02,,否,1097,主分类,B 无通道激活但条件未满足,195,0.1777575205104831358249772106
N′,X2,10,0.02,,否,1097,主分类,C 降级限速（刚由红降黄，黄转绿条件已全部满足）,21,0.01914311759343664539653600729
N′,X2,10,0.02,,否,1097,细分原因,通道激活：P_QQQ,655,0.5970829535095715587967183227
N′,X2,10,0.02,,否,1097,细分原因,通道激活：P_SPX,633,0.5770282588878760255241567912
N′,X2,10,0.02,,否,1097,细分原因,通道激活：BW_QQQ,551,0.5022789425706472196900638104
N′,X2,10,0.02,,否,1097,细分原因,通道激活：BW_SPX,506,0.4612579762989972652689152233
N′,X2,10,0.02,,否,1097,细分原因,通道激活：PR_QQQ,487,0.4439380127620783956244302644
N′,X2,10,0.02,,否,1097,细分原因,通道激活：PR_SPX,407,0.3710118505013673655423883318
N′,X2,10,0.02,,否,1097,细分原因,通道激活：V,296,0.2698268003646308113035551504
N′,X2,10,0.02,,否,1097,细分原因,黄转绿未满足：(4) S5TW 广度修复（不低于60日中位数连续3天）,98,0.08933454876937101185050136737
N′,X2,10,0.02,,否,1097,细分原因,黄转绿未满足：(5) NDTW 广度修复（不低于60日中位数连续3天）,95,0.08659981768459434822242479490
N′,X2,10,0.02,,否,1097,细分原因,红转黄未满足：红通道连续3天有效且未激活,79,0.07201458523245214220601640839
N′,X2,10,0.02,,否,1097,细分原因,降级限速：每天最多降一级,21,0.01914311759343664539653600729
N′,X2,10,0.02,,否,1097,细分原因,黄转绿未满足：(3) 非价格通道连续5天有效且未激活,15,0.01367365542388331814038286235
N′,X2,10,0.02,,否,1097,细分原因,红转黄未满足：(1) 两指数 Q≥K,2,0.001823154056517775752051048314
N′,X2,10,0.025,,否,1047,主分类,A 有通道激活,860,0.8213944603629417382999044890
N′,X2,10,0.025,,否,1047,主分类,B 无通道激活但条件未满足,168,0.1604584527220630372492836676
N′,X2,10,0.025,,否,1047,主分类,C 降级限速（刚由红降黄，黄转绿条件已全部满足）,19,0.01814708691499522445081184336
N′,X2,10,0.025,,否,1047,细分原因,通道激活：P_QQQ,627,0.5988538681948424068767908309
N′,X2,10,0.025,,否,1047,细分原因,通道激活：P_SPX,596,0.5692454632282712511938872970
N′,X2,10,0.025,,否,1047,细分原因,通道激活：BW_QQQ,551,0.5262655205348615090735434575
N′,X2,10,0.025,,否,1047,细分原因,通道激活：BW_SPX,506,0.4832855778414517669531996180
N′,X2,10,0.025,,否,1047,细分原因,通道激活：PR_QQQ,401,0.3829990448901623686723973257
N′,X2,10,0.025,,否,1047,细分原因,通道激活：V,296,0.2827125119388729703915950334
N′,X2,10,0.025,,否,1047,细分原因,通道激活：PR_SPX,294,0.2808022922636103151862464183
N′,X2,10,0.025,,否,1047,细分原因,黄转绿未满足：(4) S5TW 广度修复（不低于60日中位数连续3天）,88,0.08404966571155682903533906399
N′,X2,10,0.025,,否,1047,细分原因,黄转绿未满足：(5) NDTW 广度修复（不低于60日中位数连续3天）,88,0.08404966571155682903533906399
N′,X2,10,0.025,,否,1047,细分原因,红转黄未满足：红通道连续3天有效且未激活,59,0.05635148042024832855778414518
N′,X2,10,0.025,,否,1047,细分原因,黄转绿未满足：(3) 非价格通道连续5天有效且未激活,21,0.02005730659025787965616045845
N′,X2,10,0.025,,否,1047,细分原因,降级限速：每天最多降一级,19,0.01814708691499522445081184336
N′,X2,10,0.025,,否,1047,细分原因,红转黄未满足：(1) 两指数 Q≥K,2,0.001910219675262655205348615091
N′,X2,10,0.025,,否,1047,细分原因,黄转绿未满足：(1) 两指数 Q≥K,1,0.0009551098376313276026743075454
