scope,row,year,intervals,total_loss,mean_exposure,timing_score,non_green_share
开发期,始终绿,2009,1,0E-30,1,0E-30,0
开发期,始终绿,2010,252,1.311882677264130001283603162,1,0E-27,0
开发期,始终绿,2011,252,2.044189585133014483801890494,1,0E-27,0
开发期,始终绿,2012,250,0.8470224212924058749551773200,1,0E-28,0
开发期,始终绿,2013,252,0.4044615117020366871993214595,1,0E-28,0
开发期,始终绿,2014,252,0.7602934206546427737110668123,1,0E-28,0
开发期,始终绿,2015,252,1.122108475410247782993378257,1,0E-27,0
开发期,始终绿,2016,251,0.9044027359710555243666658044,1,0E-28,0
开发期,始终绿,全期,1762,7.394360827427533128311103312,1,0E-27,0
开发期,200日均线,2009,1,0E-30,1,0E-30,0
开发期,200日均线,2010,252,1.118729140048438494186023755,0.7380952380952380952380952381,-0.009489845029609604980526325,0.2619047619047619047619047619
开发期,200日均线,2011,252,1.375648240497559098698364695,0.6071428571428571428571428571,-0.145695514759330585016090553,0.3928571428571428571428571429
开发期,200日均线,2012,250,0.8895775887374214613387441795,0.956,0.0636547422785216923815348901,0.044
开发期,200日均线,2013,252,0.4044615117020366871993214595,1,0E-28,0
开发期,200日均线,2014,252,0.7907859778584613008651879475,0.9761904761904761904761904762,0.0398653530846922212082585076,0.02380952380952380952380952381
开发期,200日均线,2015,252,1.060438528802027092034429254,0.7460317460317460317460317460,0.1450204771709125658238191525,0.2539682539682539682539682540
开发期,200日均线,2016,251,0.6140947337245168115821568398,0.8007968127490039840637450199,-0.1733474364422467853133949260,0.1992031872509960159362549801
开发期,200日均线,全期,1762,6.253735721370460945904228128,0.8320090805902383654937570942,-0.410466808929626694019681506,0.1679909194097616345062429058
开发期,P0·P0护栏 中位设定,2009,1,0E-30,1,0E-30,0
开发期,P0·P0护栏 中位设定,2010,252,0.8798785883591556610199086616,0.5714285714285714285714285714,-0.1314635016913857731630621844,0.5238095238095238095238095238
开发期,P0·P0护栏 中位设定,2011,252,1.364588992374596456207041272,0.3928571428571428571428571429,0.128433871595593027085732521,0.7777777777777777777777777778
开发期,P0·P0护栏 中位设定,2012,250,0.5380167151579912205188234703,0.562,-0.0989690293826947810929448182,0.528
开发期,P0·P0护栏 中位设定,2013,252,0.5349576355481804241734822042,0.7420634920634920634920634921,0.1447657236271876175364787318,0.3730158730158730158730158730
开发期,P0·P0护栏 中位设定,2014,252,0.7557042477432099145406521045,0.6527777777777777777777777778,0.1320974336846418457857553055,0.4642857142857142857142857143
开发期,P0·P0护栏 中位设定,2015,252,0.9701068544180173103490873912,0.4960317460317460317460317460,0.2581496886944870837840146929,0.7539682539682539682539682540
开发期,P0·P0护栏 中位设定,2016,251,0.5749712548809375075387554033,0.5597609561752988047808764940,-0.0709486306626328571167483757,0.5856573705179282868525896414
开发期,P0·P0护栏 中位设定,全期,1762,5.618224288482088494347750502,0.5683881952326901248581157775,0.099827599451252304950366083,0.5720771850170261066969353008
开发期,P1·E2 中位设定,2009,1,0E-30,1,0E-30,0
开发期,P1·E2 中位设定,2010,252,0.8568714891185202359511739930,0.5674603174603174603174603175,-0.1516878177170805633512354430,0.5317460317460317460317460317
开发期,P1·E2 中位设定,2011,252,1.343162636994717922637979356,0.3730158730158730158730158730,0.133413871259963220793813800,0.8174603174603174603174603175
开发期,P1·E2 中位设定,2012,250,0.5289561979464111745398191167,0.548,-0.1013160455108865206180502530,0.556
开发期,P1·E2 中位设定,2013,252,0.5420800660959508699632562382,0.7281746031746031746031746032,0.1526565172400911953565314267,0.4007936507936507936507936508
开发期,P1·E2 中位设定,2014,252,0.7047975238350934422020880414,0.6349206349206349206349206349,0.0882203066871806439877942718,0.5
开发期,P1·E2 中位设定,2015,252,0.9190493829051086733629016962,0.4781746031746031746031746032,0.2216251376035487539153673838,0.7896825396825396825396825397
开发期,P1·E2 中位设定,2016,251,0.5735544745717433512857366933,0.5577689243027888446215139442,-0.0711958053137840940950559452,0.5896414342629482071713147410
开发期,P1·E2 中位设定,全期,1762,5.468471771467545669942955132,0.5556186152099886492622020431,0.005576980022410573412840503,0.5976163450624290578887627696
开发期,P1·X2 中位设定,2009,1,0E-30,1,0E-30,0
开发期,P1·X2 中位设定,2010,252,0.9158901614356174803929205333,0.6011904761904761904761904762,-0.1163228027269787153942608907,0.4642857142857142857142857143
开发期,P1·X2 中位设定,2011,252,1.485965598416083003261645494,0.4186507936507936507936507937,0.215482216079556228680050591,0.7261904761904761904761904762
开发期,P1·X2 中位设定,2012,250,0.5255466542031816013910742320,0.578,-0.1191116630042338933108642495,0.496
开发期,P1·X2 中位设定,2013,252,0.5440998753890006313434042403,0.7420634920634920634920634921,0.1539079634680078247064007679,0.3730158730158730158730158730
开发期,P1·X2 中位设定,2014,252,0.7110478304694230426773322972,0.6428571428571428571428571429,0.0913463480278856797783260701,0.4841269841269841269841269841
开发期,P1·X2 中位设定,2015,252,1.014926965907874953240842128,0.5178571428571428571428571429,0.2852073418908254624210002912,0.7103174603174603174603174603
开发期,P1·X2 中位设定,2016,251,0.5525269786754134138428192139,0.5836653386454183266932270916,-0.1074281747646719821092182497,0.5378486055776892430278884462
开发期,P1·X2 中位设定,全期,1762,5.750004064496594126150038130,0.5837116912599318955732122588,0.165005098362916625311929963,0.5414301929625425652667423383
开发期,N′·X2 中位设定,2009,1,0E-30,1,0E-30,0
开发期,N′·X2 中位设定,2010,252,0.6682668334738127048258045134,0.5218253968253968253968253968,-0.3082904663899707933501487040,0.5039682539682539682539682540
开发期,N′·X2 中位设定,2011,252,1.065817534500913851582421359,0.2519841269841269841269841270,0.017147534536076386128829287,0.8412698412698412698412698413
开发期,N′·X2 中位设定,2012,250,0.5206626456874778015431228496,0.522,-0.0971416671863844673432199565,0.528
开发期,N′·X2 中位设定,2013,252,0.4569494659495422139076465700,0.6488095238095238095238095238,0.0719165631801575794739426775,0.3968253968253968253968253968
开发期,N′·X2 中位设定,2014,252,0.5831806325404061754939779486,0.5476190476190476190476190476,0.0009703336223635888115212108,0.5079365079365079365079365079
开发期,N′·X2 中位设定,2015,252,0.8088371910022529601991977563,0.3154761904761904761904761905,0.2438239984342002833781242935,0.7857142857142857142857142857
开发期,N′·X2 中位设定,2016,251,0.4554514066910271178697326125,0.5079681274900398406374501992,-0.1600587317434273456432815165,0.5657370517928286852589641434
开发期,N′·X2 中位设定,全期,1762,4.559165709845432825421903613,0.4738933030646992054483541430,-0.548516937051215276757684361,0.5896708286038592508513053348
开发期,N·X2 中位设定,2009,1,0E-30,1,0E-30,0
开发期,N·X2 中位设定,2010,252,0.6806949514575781339467371901,0.4166666666666666666666666667,-0.2221185932102785398943386537,0.7142857142857142857142857143
开发期,N·X2 中位设定,2011,252,1.011169242881518191532272952,0.2043650793650793650793650794,0.0258744950228776715438245465,0.9365079365079365079365079365
开发期,N·X2 中位设定,2012,250,0.5355772770016723059506410735,0.408,-0.0275599556217423246682391081,0.756
开发期,N·X2 中位设定,2013,252,0.4812707981741319529776894611,0.4345238095238095238095238095,0.1080926398382299270111420503,0.8253968253968253968253968254
开发期,N·X2 中位设定,2014,252,0.5557126729083093233724561048,0.4047619047619047619047619048,0.0297391492755089010148236012,0.7936507936507936507936507937
开发期,N·X2 中位设定,2015,252,0.7915217290658840155605198417,0.2797619047619047619047619048,0.2555743773417719529745231508,0.8571428571428571428571428571
开发期,N·X2 中位设定,2016,251,0.4528722054312289560502693312,0.3904382470119521912350597610,-0.0936311991786932702547875150,0.8007968127490039840637450199
开发期,N·X2 中位设定,全期,1762,4.508818876920322879390585960,0.3629398410896708286038592509,-0.116613948731677949208946731,0.8115777525539160045402951192
补充历史,始终绿,1999,82,0.4079789728747265010912001464,1,0E-28,0
补充历史,始终绿,2000,252,4.424137295900608673556238612,1,0E-27,0
补充历史,始终绿,2001,248,4.112662139198140920742763085,1,0E-27,0
补充历史,始终绿,2002,252,4.109977789697091688933968844,1,0E-27,0
补充历史,始终绿,2003,252,1.370856661645723239889338782,1,0E-27,0
补充历史,始终绿,2004,252,1.163719132877583928734529106,1,0E-27,0
补充历史,始终绿,2005,252,0.8816222699050511096968866907,1,0E-28,0
补充历史,始终绿,2006,251,0.7752382210642121609456909694,1,0E-28,0
补充历史,始终绿,2007,251,1.064144619879567604811321125,1,0E-27,0
补充历史,始终绿,2008,253,4.157133292541337305046047419,1,0E-27,0
补充历史,始终绿,2009,187,1.531383860397703097412249718,1,0E-27,0
补充历史,始终绿,全期,2532,23.99885425598174623086023436,1,0E-26,0
补充历史,200日均线,1999,82,0.4700914364823991157749321488,0.7560975609756097560975609756,0.0589265487251707252557496685,0.2439024390243902439024390244
补充历史,200日均线,2000,252,3.432215831213340301133049854,0.6785714285714285714285714286,-0.024975476311130528197058655,0.3214285714285714285714285714
补充历史,200日均线,2001,248,1.339939925425519591098884874,0,0E-27,1
补充历史,200日均线,2002,252,1.305365399281226904561546092,0.07142857142857142857142857143,0.025733329271164156661508401,0.9285714285714285714285714286
补充历史,200日均线,2003,252,0.8303374268443180618510133137,0.7182539682539682539682539683,-0.3312350805047953907453551243,0.2817460317460317460317460317
补充历史,200日均线,2004,252,1.069274054907462242797919035,0.8015873015873015873015873016,0.057826085700778415522922879,0.1984126984126984126984126984
补充历史,200日均线,2005,252,0.9276585800691610895294741705,0.9007936507936507936507936508,0.1107663001426814501556270152,0.09920634920634920634920634921
补充历史,200日均线,2006,251,0.7574135180012505841754710237,0.8804780876494023904382470120,0.0493221533892614193859475013,0.1195219123505976095617529880
补充历史,200日均线,2007,251,1.028412128605527474125885556,0.8406374501992031872509960159,0.0679995514368689296514871769,0.1593625498007968127490039841
补充历史,200日均线,2008,253,1.135285385399398865866519685,0,0E-27,1
补充历史,200日均线,2009,187,0.9267663134505159024052270977,0.4224598930481283422459893048,-0.1746481352295471000430116283,0.5775401069518716577540106952
补充历史,200日均线,全期,2532,13.22275999968012013331992290,0.5418641390205371248025276461,-3.46526149439873961168446335,0.4581358609794628751974723539
补充历史,P0 中位设定,1999,82,0.4345455393206292544563178587,0.4634146341463414634146341463,0.0195575537043985966235565778,0.7073170731707317073170731707
补充历史,P0 中位设定,2000,252,2.433565717090844702318215139,0.2182539682539682539682539683,0.361136565759361402990959618,0.9047619047619047619047619048
补充历史,P0 中位设定,2001,248,2.040216168185561606827287946,0.3387096774193548387096774194,-0.238871603840361983021942774,0.7620967741935483870967741935
补充历史,P0 中位设定,2002,252,1.839978503696665920842507126,0.2480158730158730158730158730,0.022096927164924592275760306,0.8412698412698412698412698413
补充历史,P0 中位设定,2003,252,1.118772415899621064103744918,0.4384920634920634920634920635,0.1650102307746060622701146392,0.7619047619047619047619047619
补充历史,P0 中位设定,2004,252,0.7444840422214779172792920315,0.4285714285714285714285714286,0.0193058607160862807482178206,0.7222222222222222222222222222
补充历史,P0 中位设定,2005,252,0.6226910992429646716480905976,0.4682539682539682539682539683,0.0880215756230566428826958166,0.7261904761904761904761904762
补充历史,P0 中位设定,2006,251,0.4965543875086262863807165264,0.4541832669322709163346613546,0.0279534775762324745481902316,0.7171314741035856573705179283
补充历史,P0 中位设定,2007,251,0.8219237637359859422347778046,0.5657370517928286852589641434,0.0404489602436455268415711620,0.5776892430278884462151394422
补充历史,P0 中位设定,2008,253,1.659213699835679963402604062,0.3577075098814229249011857708,-0.557009375667851031893746690,0.7628458498023715415019762846
补充历史,P0 中位设定,2009,187,1.327856008851297503822742452,0.4759358288770053475935828877,0.186629577604786344433391597,0.6791443850267379679144385027
补充历史,P0 中位设定,全期,2532,13.53980134558935483331629651,0.3994865718799368088467614534,-0.87618979446709924086823350,0.7460505529225908372827804107
